Finacial Year,Quarter,Sum of QTY,SKU,Depot
2022-2023,Qtr 1,102720,SKU-001,Depot 01
2022-2023,Qtr 2,4614,SKU-001,Depot 01
2022-2023,Qtr 3,7800,SKU-001,Depot 01
2022-2023,Qtr 4,14320,SKU-001,Depot 01
2022-2023,Qtr 1,190450,SKU-001,Depot 02
2022-2023,Qtr 2,26640,SKU-001,Depot 02
2022-2023,Qtr 3,63474,SKU-001,Depot 02
2022-2023,Qtr 4,80440,SKU-001,Depot 02
2022-2023,Qtr 1,40240,SKU-001,Depot 03
2022-2023,Qtr 2,7320,SKU-001,Depot 03
2022-2023,Qtr 3,13440,SKU-001,Depot 03
2022-2023,Qtr 4,29040,SKU-001,Depot 03
2022-2023,Qtr 1,146280,SKU-001,Depot 04
2022-2023,Qtr 2,25880,SKU-001,Depot 04
2022-2023,Qtr 3,27700,SKU-001,Depot 04
2022-2023,Qtr 4,61495,SKU-001,Depot 04
2022-2023,Qtr 1,132640,SKU-001,Depot 05
2022-2023,Qtr 2,17640,SKU-001,Depot 05
2022-2023,Qtr 3,33520,SKU-001,Depot 05
2022-2023,Qtr 4,52990,SKU-001,Depot 05
2022-2023,Qtr 1,69280,SKU-001,Depot 06
2022-2023,Qtr 2,17160,SKU-001,Depot 06
2022-2023,Qtr 3,20745,SKU-001,Depot 06
2022-2023,Qtr 4,10870,SKU-001,Depot 06
2022-2023,Qtr 1,70120,SKU-001,Depot 07
2022-2023,Qtr 2,9640,SKU-001,Depot 07
2022-2023,Qtr 3,54120,SKU-001,Depot 07
2022-2023,Qtr 4,35720,SKU-001,Depot 07
2022-2023,Qtr 1,83440,SKU-001,Depot 08
2022-2023,Qtr 2,12680,SKU-001,Depot 08
2022-2023,Qtr 3,13160,SKU-001,Depot 08
2022-2023,Qtr 4,5960,SKU-001,Depot 08
2022-2023,Qtr 1,149960,SKU-001,Depot 09
2022-2023,Qtr 2,24260,SKU-001,Depot 09
2022-2023,Qtr 3,32467,SKU-001,Depot 09
2022-2023,Qtr 4,34560,SKU-001,Depot 09
2022-2023,Qtr 1,71400,SKU-001,Depot 10
2022-2023,Qtr 2,11560,SKU-001,Depot 10
2022-2023,Qtr 3,9200,SKU-001,Depot 10
2022-2023,Qtr 4,40280,SKU-001,Depot 10
2022-2023,Qtr 1,669760,SKU-001,Depot 11
2022-2023,Qtr 2,184504,SKU-001,Depot 11
2022-2023,Qtr 3,240485,SKU-001,Depot 11
2022-2023,Qtr 4,212250,SKU-001,Depot 11
2022-2023,Qtr 1,186760,SKU-001,Depot 12
2022-2023,Qtr 2,42020,SKU-001,Depot 12
2022-2023,Qtr 3,31820,SKU-001,Depot 12
2022-2023,Qtr 4,70680,SKU-001,Depot 12
2022-2023,Qtr 1,2741960,SKU-001,Depot 13
2022-2023,Qtr 2,610197,SKU-001,Depot 13
2022-2023,Qtr 3,1126954,SKU-001,Depot 13
2022-2023,Qtr 4,1362350,SKU-001,Depot 13
2022-2023,Qtr 1,265820,SKU-001,Depot 14
2022-2023,Qtr 2,41600,SKU-001,Depot 14
2022-2023,Qtr 3,168340,SKU-001,Depot 14
2022-2023,Qtr 4,96940,SKU-001,Depot 14
2022-2023,Qtr 1,97440,SKU-001,Depot 15
2022-2023,Qtr 2,15040,SKU-001,Depot 15
2022-2023,Qtr 3,12210,SKU-001,Depot 15
2022-2023,Qtr 4,7520,SKU-001,Depot 15
2022-2023,Qtr 1,432560,SKU-001,Depot 16
2022-2023,Qtr 2,53700,SKU-001,Depot 16
2022-2023,Qtr 3,102504,SKU-001,Depot 16
2022-2023,Qtr 4,171420,SKU-001,Depot 16
2022-2023,Qtr 1,928530,SKU-001,Depot 17
2022-2023,Qtr 2,297680,SKU-001,Depot 17
2022-2023,Qtr 3,433660,SKU-001,Depot 17
2022-2023,Qtr 4,586423,SKU-001,Depot 17
2023-2024,Qtr 1,52520,SKU-001,Depot 01
2023-2024,Qtr 2,20160,SKU-001,Depot 01
2023-2024,Qtr 3,39840,SKU-001,Depot 01
2023-2024,Qtr 4,44840,SKU-001,Depot 01
2023-2024,Qtr 1,177140,SKU-001,Depot 02
2023-2024,Qtr 2,29120,SKU-001,Depot 02
2023-2024,Qtr 3,92600,SKU-001,Depot 02
2023-2024,Qtr 4,53120,SKU-001,Depot 02
2023-2024,Qtr 1,29520,SKU-001,Depot 03
2023-2024,Qtr 2,7080,SKU-001,Depot 03
2023-2024,Qtr 3,19720,SKU-001,Depot 03
2023-2024,Qtr 4,21680,SKU-001,Depot 03
2023-2024,Qtr 1,80180,SKU-001,Depot 04
2023-2024,Qtr 2,24240,SKU-001,Depot 04
2023-2024,Qtr 3,25520,SKU-001,Depot 04
2023-2024,Qtr 4,67970,SKU-001,Depot 04
2023-2024,Qtr 1,70870,SKU-001,Depot 05
2023-2024,Qtr 2,25800,SKU-001,Depot 05
2023-2024,Qtr 3,36680,SKU-001,Depot 05
2023-2024,Qtr 4,50590,SKU-001,Depot 05
2023-2024,Qtr 1,5160,SKU-001,Depot 06
2023-2024,Qtr 2,3400,SKU-001,Depot 06
2023-2024,Qtr 3,23000,SKU-001,Depot 06
2023-2024,Qtr 4,18930,SKU-001,Depot 06
2023-2024,Qtr 1,42120,SKU-001,Depot 07
2023-2024,Qtr 2,3040,SKU-001,Depot 07
2023-2024,Qtr 3,46780,SKU-001,Depot 07
2023-2024,Qtr 4,26160,SKU-001,Depot 07
2023-2024,Qtr 1,24680,SKU-001,Depot 08
2023-2024,Qtr 2,15400,SKU-001,Depot 08
2023-2024,Qtr 3,33000,SKU-001,Depot 08
2023-2024,Qtr 4,7760,SKU-001,Depot 08
2023-2024,Qtr 1,87276,SKU-001,Depot 09
2023-2024,Qtr 2,16120,SKU-001,Depot 09
2023-2024,Qtr 3,25280,SKU-001,Depot 09
2023-2024,Qtr 4,40580,SKU-001,Depot 09
2023-2024,Qtr 1,2960,SKU-001,Depot 10
2023-2024,Qtr 2,3800,SKU-001,Depot 10
2023-2024,Qtr 3,11400,SKU-001,Depot 10
2023-2024,Qtr 4,7680,SKU-001,Depot 10
2023-2024,Qtr 1,333580,SKU-001,Depot 11
2023-2024,Qtr 2,234320,SKU-001,Depot 11
2023-2024,Qtr 3,167270,SKU-001,Depot 11
2023-2024,Qtr 4,201320,SKU-001,Depot 11
2023-2024,Qtr 1,127780,SKU-001,Depot 12
2023-2024,Qtr 2,43920,SKU-001,Depot 12
2023-2024,Qtr 3,51080,SKU-001,Depot 12
2023-2024,Qtr 4,127160,SKU-001,Depot 12
2023-2024,Qtr 1,2552210,SKU-001,Depot 13
2023-2024,Qtr 2,341960,SKU-001,Depot 13
2023-2024,Qtr 3,1037780,SKU-001,Depot 13
2023-2024,Qtr 4,1557760,SKU-001,Depot 13
2023-2024,Qtr 1,164640,SKU-001,Depot 14
2023-2024,Qtr 2,47602,SKU-001,Depot 14
2023-2024,Qtr 3,149920,SKU-001,Depot 14
2023-2024,Qtr 4,96040,SKU-001,Depot 14
2023-2024,Qtr 1,25020,SKU-001,Depot 15
2023-2024,Qtr 2,760,SKU-001,Depot 15
2023-2024,Qtr 3,16600,SKU-001,Depot 15
2023-2024,Qtr 4,16000,SKU-001,Depot 15
2023-2024,Qtr 1,104510,SKU-001,Depot 16
2023-2024,Qtr 2,23840,SKU-001,Depot 16
2023-2024,Qtr 3,82200,SKU-001,Depot 16
2023-2024,Qtr 4,165480,SKU-001,Depot 16
2023-2024,Qtr 1,894689,SKU-001,Depot 17
2023-2024,Qtr 2,196440,SKU-001,Depot 17
2023-2024,Qtr 3,218040,SKU-001,Depot 17
2023-2024,Qtr 4,600740,SKU-001,Depot 17
2021-2022,Qtr 1,3200,SKU-001,Depot 01
2021-2022,Qtr 2,3520,SKU-001,Depot 01
2021-2022,Qtr 3,5600,SKU-001,Depot 01
2021-2022,Qtr 4,8560,SKU-001,Depot 01
2021-2022,Qtr 1,51098,SKU-001,Depot 02
2021-2022,Qtr 2,36880,SKU-001,Depot 02
2021-2022,Qtr 3,88800,SKU-001,Depot 02
2021-2022,Qtr 4,56120,SKU-001,Depot 02
2021-2022,Qtr 1,17275,SKU-001,Depot 03
2021-2022,Qtr 2,18280,SKU-001,Depot 03
2021-2022,Qtr 3,34320,SKU-001,Depot 03
2021-2022,Qtr 4,18880,SKU-001,Depot 03
2021-2022,Qtr 1,28441,SKU-001,Depot 04
2021-2022,Qtr 2,11360,SKU-001,Depot 04
2021-2022,Qtr 3,42660,SKU-001,Depot 04
2021-2022,Qtr 4,35060,SKU-001,Depot 04
2021-2022,Qtr 1,41120,SKU-001,Depot 05
2021-2022,Qtr 2,12840,SKU-001,Depot 05
2021-2022,Qtr 3,41580,SKU-001,Depot 05
2021-2022,Qtr 4,52490,SKU-001,Depot 05
2021-2022,Qtr 1,19840,SKU-001,Depot 06
2021-2022,Qtr 2,2960,SKU-001,Depot 06
2021-2022,Qtr 3,30020,SKU-001,Depot 06
2021-2022,Qtr 4,14720,SKU-001,Depot 06
2021-2022,Qtr 1,18440,SKU-001,Depot 07
2021-2022,Qtr 2,14200,SKU-001,Depot 07
2021-2022,Qtr 3,33400,SKU-001,Depot 07
2021-2022,Qtr 4,44120,SKU-001,Depot 07
2021-2022,Qtr 1,13160,SKU-001,Depot 08
2021-2022,Qtr 2,10320,SKU-001,Depot 08
2021-2022,Qtr 3,15400,SKU-001,Depot 08
2021-2022,Qtr 4,9520,SKU-001,Depot 08
2021-2022,Qtr 1,26760,SKU-001,Depot 09
2021-2022,Qtr 2,2960,SKU-001,Depot 09
2021-2022,Qtr 3,18920,SKU-001,Depot 09
2021-2022,Qtr 4,18320,SKU-001,Depot 09
2021-2022,Qtr 1,46220,SKU-001,Depot 10
2021-2022,Qtr 2,3960,SKU-001,Depot 10
2021-2022,Qtr 3,8000,SKU-001,Depot 10
2021-2022,Qtr 4,6360,SKU-001,Depot 10
2021-2022,Qtr 1,238520,SKU-001,Depot 11
2021-2022,Qtr 2,73500,SKU-001,Depot 11
2021-2022,Qtr 3,177074,SKU-001,Depot 11
2021-2022,Qtr 4,266920,SKU-001,Depot 11
2021-2022,Qtr 1,66440,SKU-001,Depot 12
2021-2022,Qtr 2,17760,SKU-001,Depot 12
2021-2022,Qtr 3,37260,SKU-001,Depot 12
2021-2022,Qtr 4,51460,SKU-001,Depot 12
2021-2022,Qtr 1,803205,SKU-001,Depot 13
2021-2022,Qtr 2,535500,SKU-001,Depot 13
2021-2022,Qtr 3,947760,SKU-001,Depot 13
2021-2022,Qtr 4,1219830,SKU-001,Depot 13
2021-2022,Qtr 1,86240,SKU-001,Depot 14
2021-2022,Qtr 2,59730,SKU-001,Depot 14
2021-2022,Qtr 3,168715,SKU-001,Depot 14
2021-2022,Qtr 4,60545,SKU-001,Depot 14
2021-2022,Qtr 1,17560,SKU-001,Depot 15
2021-2022,Qtr 3,11400,SKU-001,Depot 15
2021-2022,Qtr 4,5520,SKU-001,Depot 15
2021-2022,Qtr 1,117025,SKU-001,Depot 16
2021-2022,Qtr 2,63708,SKU-001,Depot 16
2021-2022,Qtr 3,129636,SKU-001,Depot 16
2021-2022,Qtr 4,101392,SKU-001,Depot 16
2021-2022,Qtr 1,493760,SKU-001,Depot 17
2021-2022,Qtr 2,113500,SKU-001,Depot 17
2021-2022,Qtr 3,383990,SKU-001,Depot 17
2021-2022,Qtr 4,394080,SKU-001,Depot 17
2024-2025,Qtr 2,40120,SKU-001,Depot 01
2024-2025,Qtr 3,20800,SKU-001,Depot 01
2024-2025,Qtr 4,47600,SKU-001,Depot 01
2024-2025,Qtr 2,49860,SKU-001,Depot 02
2024-2025,Qtr 3,99000,SKU-001,Depot 02
2024-2025,Qtr 4,87295,SKU-001,Depot 02
2024-2025,Qtr 2,11800,SKU-001,Depot 03
2024-2025,Qtr 3,23880,SKU-001,Depot 03
2024-2025,Qtr 4,30420,SKU-001,Depot 03
2024-2025,Qtr 2,31800,SKU-001,Depot 04
2024-2025,Qtr 3,10240,SKU-001,Depot 04
2024-2025,Qtr 4,83080,SKU-001,Depot 04
2024-2025,Qtr 2,33245,SKU-001,Depot 05
2024-2025,Qtr 3,33040,SKU-001,Depot 05
2024-2025,Qtr 4,50040,SKU-001,Depot 05
2024-2025,Qtr 2,35640,SKU-001,Depot 06
2024-2025,Qtr 3,10820,SKU-001,Depot 06
2024-2025,Qtr 4,25240,SKU-001,Depot 06
2024-2025,Qtr 2,20600,SKU-001,Depot 07
2024-2025,Qtr 3,33400,SKU-001,Depot 07
2024-2025,Qtr 4,27490,SKU-001,Depot 07
2024-2025,Qtr 2,17200,SKU-001,Depot 08
2024-2025,Qtr 3,23880,SKU-001,Depot 08
2024-2025,Qtr 4,32120,SKU-001,Depot 08
2024-2025,Qtr 2,16120,SKU-001,Depot 09
2024-2025,Qtr 3,41520,SKU-001,Depot 09
2024-2025,Qtr 4,84140,SKU-001,Depot 09
2024-2025,Qtr 2,9720,SKU-001,Depot 10
2024-2025,Qtr 3,10080,SKU-001,Depot 10
2024-2025,Qtr 4,22880,SKU-001,Depot 10
2024-2025,Qtr 2,91340,SKU-001,Depot 11
2024-2025,Qtr 3,106960,SKU-001,Depot 11
2024-2025,Qtr 4,180740,SKU-001,Depot 11
2024-2025,Qtr 2,29300,SKU-001,Depot 12
2024-2025,Qtr 3,70440,SKU-001,Depot 12
2024-2025,Qtr 4,253620,SKU-001,Depot 12
2024-2025,Qtr 2,624380,SKU-001,Depot 13
2024-2025,Qtr 3,973100,SKU-001,Depot 13
2024-2025,Qtr 4,1387930,SKU-001,Depot 13
2024-2025,Qtr 2,72980,SKU-001,Depot 14
2024-2025,Qtr 3,77560,SKU-001,Depot 14
2024-2025,Qtr 4,84620,SKU-001,Depot 14
2024-2025,Qtr 2,17600,SKU-001,Depot 15
2024-2025,Qtr 3,28200,SKU-001,Depot 15
2024-2025,Qtr 4,70320,SKU-001,Depot 15
2024-2025,Qtr 2,22236,SKU-001,Depot 16
2024-2025,Qtr 3,149788,SKU-001,Depot 16
2024-2025,Qtr 4,150820,SKU-001,Depot 16
2024-2025,Qtr 2,180000,SKU-001,Depot 17
2024-2025,Qtr 3,290300,SKU-001,Depot 17
2024-2025,Qtr 4,676660,SKU-001,Depot 17
2024-2025,Qtr 2,6860,SKU-002,Depot 01
2024-2025,Qtr 3,10900,SKU-002,Depot 01
2024-2025,Qtr 4,8620,SKU-002,Depot 01
2024-2025,Qtr 2,19520,SKU-002,Depot 02
2024-2025,Qtr 3,40320,SKU-002,Depot 02
2024-2025,Qtr 4,26023,SKU-002,Depot 02
2024-2025,Qtr 2,17520,SKU-002,Depot 03
2024-2025,Qtr 3,27300,SKU-002,Depot 03
2024-2025,Qtr 4,28490,SKU-002,Depot 03
2024-2025,Qtr 2,38400,SKU-002,Depot 04
2024-2025,Qtr 3,28700,SKU-002,Depot 04
2024-2025,Qtr 4,33020,SKU-002,Depot 04
2024-2025,Qtr 2,17560,SKU-002,Depot 05
2024-2025,Qtr 3,22140,SKU-002,Depot 05
2024-2025,Qtr 4,27060,SKU-002,Depot 05
2024-2025,Qtr 2,4720,SKU-002,Depot 06
2024-2025,Qtr 3,3700,SKU-002,Depot 06
2024-2025,Qtr 4,4160,SKU-002,Depot 06
2024-2025,Qtr 2,29000,SKU-002,Depot 07
2024-2025,Qtr 3,23000,SKU-002,Depot 07
2024-2025,Qtr 4,8800,SKU-002,Depot 07
2024-2025,Qtr 2,1740,SKU-002,Depot 08
2024-2025,Qtr 3,3940,SKU-002,Depot 08
2024-2025,Qtr 4,6100,SKU-002,Depot 08
2024-2025,Qtr 2,6040,SKU-002,Depot 09
2024-2025,Qtr 3,6680,SKU-002,Depot 09
2024-2025,Qtr 4,9180,SKU-002,Depot 09
2024-2025,Qtr 2,6720,SKU-002,Depot 10
2024-2025,Qtr 3,6720,SKU-002,Depot 10
2024-2025,Qtr 4,8280,SKU-002,Depot 10
2024-2025,Qtr 2,15880,SKU-002,Depot 11
2024-2025,Qtr 3,23560,SKU-002,Depot 11
2024-2025,Qtr 4,13960,SKU-002,Depot 11
2024-2025,Qtr 2,13220,SKU-002,Depot 12
2024-2025,Qtr 3,14920,SKU-002,Depot 12
2024-2025,Qtr 4,37296,SKU-002,Depot 12
2024-2025,Qtr 2,70740,SKU-002,Depot 13
2024-2025,Qtr 3,77990,SKU-002,Depot 13
2024-2025,Qtr 4,91100,SKU-002,Depot 13
2024-2025,Qtr 2,48050,SKU-002,Depot 14
2024-2025,Qtr 3,49440,SKU-002,Depot 14
2024-2025,Qtr 4,33490,SKU-002,Depot 14
2024-2025,Qtr 2,5820,SKU-002,Depot 15
2024-2025,Qtr 3,7040,SKU-002,Depot 15
2024-2025,Qtr 4,5100,SKU-002,Depot 15
2024-2025,Qtr 2,26833,SKU-002,Depot 16
2024-2025,Qtr 3,37494,SKU-002,Depot 16
2024-2025,Qtr 4,40300,SKU-002,Depot 16
2024-2025,Qtr 2,37320,SKU-002,Depot 17
2024-2025,Qtr 3,44220,SKU-002,Depot 17
2024-2025,Qtr 4,56210,SKU-002,Depot 17
2023-2024,Qtr 1,18080,SKU-002,Depot 01
2023-2024,Qtr 2,16520,SKU-002,Depot 01
2023-2024,Qtr 3,7620,SKU-002,Depot 01
2023-2024,Qtr 4,12080,SKU-002,Depot 01
2023-2024,Qtr 1,34680,SKU-002,Depot 02
2023-2024,Qtr 2,71660,SKU-002,Depot 02
2023-2024,Qtr 3,53820,SKU-002,Depot 02
2023-2024,Qtr 4,24460,SKU-002,Depot 02
2023-2024,Qtr 1,49190,SKU-002,Depot 03
2023-2024,Qtr 2,31341,SKU-002,Depot 03
2023-2024,Qtr 3,26540,SKU-002,Depot 03
2023-2024,Qtr 4,39155,SKU-002,Depot 03
2023-2024,Qtr 1,58380,SKU-002,Depot 04
2023-2024,Qtr 2,66455,SKU-002,Depot 04
2023-2024,Qtr 3,42080,SKU-002,Depot 04
2023-2024,Qtr 4,56180,SKU-002,Depot 04
2023-2024,Qtr 1,28380,SKU-002,Depot 05
2023-2024,Qtr 2,22760,SKU-002,Depot 05
2023-2024,Qtr 3,6220,SKU-002,Depot 05
2023-2024,Qtr 4,19870,SKU-002,Depot 05
2023-2024,Qtr 1,4530,SKU-002,Depot 06
2023-2024,Qtr 2,7720,SKU-002,Depot 06
2023-2024,Qtr 3,3240,SKU-002,Depot 06
2023-2024,Qtr 4,8680,SKU-002,Depot 06
2023-2024,Qtr 1,34390,SKU-002,Depot 07
2023-2024,Qtr 2,46140,SKU-002,Depot 07
2023-2024,Qtr 3,15720,SKU-002,Depot 07
2023-2024,Qtr 4,45160,SKU-002,Depot 07
2023-2024,Qtr 1,3980,SKU-002,Depot 08
2023-2024,Qtr 2,13300,SKU-002,Depot 08
2023-2024,Qtr 3,3300,SKU-002,Depot 08
2023-2024,Qtr 4,8800,SKU-002,Depot 08
2023-2024,Qtr 1,24100,SKU-002,Depot 09
2023-2024,Qtr 2,29180,SKU-002,Depot 09
2023-2024,Qtr 3,14080,SKU-002,Depot 09
2023-2024,Qtr 4,14580,SKU-002,Depot 09
2023-2024,Qtr 1,8940,SKU-002,Depot 10
2023-2024,Qtr 2,21140,SKU-002,Depot 10
2023-2024,Qtr 3,6760,SKU-002,Depot 10
2023-2024,Qtr 4,12220,SKU-002,Depot 10
2023-2024,Qtr 1,46300,SKU-002,Depot 11
2023-2024,Qtr 2,65880,SKU-002,Depot 11
2023-2024,Qtr 3,26715,SKU-002,Depot 11
2023-2024,Qtr 4,54932,SKU-002,Depot 11
2023-2024,Qtr 1,17940,SKU-002,Depot 12
2023-2024,Qtr 2,36210,SKU-002,Depot 12
2023-2024,Qtr 3,3780,SKU-002,Depot 12
2023-2024,Qtr 4,29920,SKU-002,Depot 12
2023-2024,Qtr 1,193790,SKU-002,Depot 13
2023-2024,Qtr 2,253700,SKU-002,Depot 13
2023-2024,Qtr 3,19088,SKU-002,Depot 13
2023-2024,Qtr 4,154680,SKU-002,Depot 13
2023-2024,Qtr 1,49340,SKU-002,Depot 14
2023-2024,Qtr 2,108120,SKU-002,Depot 14
2023-2024,Qtr 3,42260,SKU-002,Depot 14
2023-2024,Qtr 4,65960,SKU-002,Depot 14
2023-2024,Qtr 1,8000,SKU-002,Depot 15
2023-2024,Qtr 2,11700,SKU-002,Depot 15
2023-2024,Qtr 3,3680,SKU-002,Depot 15
2023-2024,Qtr 4,4660,SKU-002,Depot 15
2023-2024,Qtr 1,47460,SKU-002,Depot 16
2023-2024,Qtr 2,52000,SKU-002,Depot 16
2023-2024,Qtr 3,29900,SKU-002,Depot 16
2023-2024,Qtr 4,41610,SKU-002,Depot 16
2023-2024,Qtr 1,96940,SKU-002,Depot 17
2023-2024,Qtr 2,74400,SKU-002,Depot 17
2023-2024,Qtr 3,13880,SKU-002,Depot 17
2023-2024,Qtr 4,52650,SKU-002,Depot 17
2022-2023,Qtr 1,19540,SKU-002,Depot 01
2022-2023,Qtr 2,4680,SKU-002,Depot 01
2022-2023,Qtr 3,4480,SKU-002,Depot 01
2022-2023,Qtr 4,7530,SKU-002,Depot 01
2022-2023,Qtr 1,21860,SKU-002,Depot 02
2022-2023,Qtr 2,17500,SKU-002,Depot 02
2022-2023,Qtr 3,37600,SKU-002,Depot 02
2022-2023,Qtr 4,37175,SKU-002,Depot 02
2022-2023,Qtr 1,27730,SKU-002,Depot 03
2022-2023,Qtr 2,18660,SKU-002,Depot 03
2022-2023,Qtr 3,28850,SKU-002,Depot 03
2022-2023,Qtr 4,25631,SKU-002,Depot 03
2022-2023,Qtr 1,27820,SKU-002,Depot 04
2022-2023,Qtr 2,26880,SKU-002,Depot 04
2022-2023,Qtr 3,21440,SKU-002,Depot 04
2022-2023,Qtr 4,19880,SKU-002,Depot 04
2022-2023,Qtr 1,25100,SKU-002,Depot 05
2022-2023,Qtr 2,25800,SKU-002,Depot 05
2022-2023,Qtr 3,27320,SKU-002,Depot 05
2022-2023,Qtr 4,18420,SKU-002,Depot 05
2022-2023,Qtr 1,5440,SKU-002,Depot 06
2022-2023,Qtr 2,3720,SKU-002,Depot 06
2022-2023,Qtr 3,4340,SKU-002,Depot 06
2022-2023,Qtr 4,2000,SKU-002,Depot 06
2022-2023,Qtr 1,15940,SKU-002,Depot 07
2022-2023,Qtr 2,6340,SKU-002,Depot 07
2022-2023,Qtr 3,43520,SKU-002,Depot 07
2022-2023,Qtr 4,5840,SKU-002,Depot 07
2022-2023,Qtr 1,1200,SKU-002,Depot 08
2022-2023,Qtr 2,2020,SKU-002,Depot 08
2022-2023,Qtr 3,1520,SKU-002,Depot 08
2022-2023,Qtr 4,940,SKU-002,Depot 08
2022-2023,Qtr 1,13540,SKU-002,Depot 09
2022-2023,Qtr 2,7400,SKU-002,Depot 09
2022-2023,Qtr 3,12640,SKU-002,Depot 09
2022-2023,Qtr 4,14340,SKU-002,Depot 09
2022-2023,Qtr 1,16380,SKU-002,Depot 10
2022-2023,Qtr 2,12540,SKU-002,Depot 10
2022-2023,Qtr 3,18560,SKU-002,Depot 10
2022-2023,Qtr 4,11020,SKU-002,Depot 10
2022-2023,Qtr 1,51948,SKU-002,Depot 11
2022-2023,Qtr 2,33380,SKU-002,Depot 11
2022-2023,Qtr 3,61720,SKU-002,Depot 11
2022-2023,Qtr 4,41500,SKU-002,Depot 11
2022-2023,Qtr 1,12780,SKU-002,Depot 12
2022-2023,Qtr 2,8380,SKU-002,Depot 12
2022-2023,Qtr 3,10720,SKU-002,Depot 12
2022-2023,Qtr 4,13220,SKU-002,Depot 12
2022-2023,Qtr 1,129900,SKU-002,Depot 13
2022-2023,Qtr 2,59180,SKU-002,Depot 13
2022-2023,Qtr 3,101320,SKU-002,Depot 13
2022-2023,Qtr 4,110240,SKU-002,Depot 13
2022-2023,Qtr 1,50000,SKU-002,Depot 14
2022-2023,Qtr 2,24560,SKU-002,Depot 14
2022-2023,Qtr 3,57600,SKU-002,Depot 14
2022-2023,Qtr 4,64450,SKU-002,Depot 14
2022-2023,Qtr 1,2160,SKU-002,Depot 15
2022-2023,Qtr 2,6220,SKU-002,Depot 15
2022-2023,Qtr 3,12480,SKU-002,Depot 15
2022-2023,Qtr 4,3060,SKU-002,Depot 15
2022-2023,Qtr 1,29010,SKU-002,Depot 16
2022-2023,Qtr 2,19580,SKU-002,Depot 16
2022-2023,Qtr 3,49039,SKU-002,Depot 16
2022-2023,Qtr 4,33130,SKU-002,Depot 16
2022-2023,Qtr 1,44760,SKU-002,Depot 17
2022-2023,Qtr 2,25390,SKU-002,Depot 17
2022-2023,Qtr 3,24820,SKU-002,Depot 17
2022-2023,Qtr 4,50350,SKU-002,Depot 17
2021-2022,Qtr 1,2840,SKU-002,Depot 01
2021-2022,Qtr 2,2460,SKU-002,Depot 01
2021-2022,Qtr 3,2620,SKU-002,Depot 01
2021-2022,Qtr 4,3480,SKU-002,Depot 01
2021-2022,Qtr 1,26920,SKU-002,Depot 02
2021-2022,Qtr 2,17200,SKU-002,Depot 02
2021-2022,Qtr 3,27760,SKU-002,Depot 02
2021-2022,Qtr 4,31280,SKU-002,Depot 02
2021-2022,Qtr 1,35890,SKU-002,Depot 03
2021-2022,Qtr 2,19644,SKU-002,Depot 03
2021-2022,Qtr 3,36781,SKU-002,Depot 03
2021-2022,Qtr 4,36480,SKU-002,Depot 03
2021-2022,Qtr 1,24080,SKU-002,Depot 04
2021-2022,Qtr 2,8370,SKU-002,Depot 04
2021-2022,Qtr 3,21060,SKU-002,Depot 04
2021-2022,Qtr 4,20360,SKU-002,Depot 04
2021-2022,Qtr 1,18750,SKU-002,Depot 05
2021-2022,Qtr 2,4040,SKU-002,Depot 05
2021-2022,Qtr 3,13910,SKU-002,Depot 05
2021-2022,Qtr 4,21120,SKU-002,Depot 05
2021-2022,Qtr 1,2080,SKU-002,Depot 06
2021-2022,Qtr 2,1500,SKU-002,Depot 06
2021-2022,Qtr 3,3840,SKU-002,Depot 06
2021-2022,Qtr 4,7720,SKU-002,Depot 06
2021-2022,Qtr 1,37520,SKU-002,Depot 07
2021-2022,Qtr 2,5320,SKU-002,Depot 07
2021-2022,Qtr 3,35420,SKU-002,Depot 07
2021-2022,Qtr 4,24340,SKU-002,Depot 07
2021-2022,Qtr 1,2760,SKU-002,Depot 08
2021-2022,Qtr 2,1100,SKU-002,Depot 08
2021-2022,Qtr 3,2100,SKU-002,Depot 08
2021-2022,Qtr 4,700,SKU-002,Depot 08
2021-2022,Qtr 1,10140,SKU-002,Depot 09
2021-2022,Qtr 2,2040,SKU-002,Depot 09
2021-2022,Qtr 3,5740,SKU-002,Depot 09
2021-2022,Qtr 4,11580,SKU-002,Depot 09
2021-2022,Qtr 1,9780,SKU-002,Depot 10
2021-2022,Qtr 2,1260,SKU-002,Depot 10
2021-2022,Qtr 3,4570,SKU-002,Depot 10
2021-2022,Qtr 4,6860,SKU-002,Depot 10
2021-2022,Qtr 1,36760,SKU-002,Depot 11
2021-2022,Qtr 2,15400,SKU-002,Depot 11
2021-2022,Qtr 3,39860,SKU-002,Depot 11
2021-2022,Qtr 4,61460,SKU-002,Depot 11
2021-2022,Qtr 1,15180,SKU-002,Depot 12
2021-2022,Qtr 2,8880,SKU-002,Depot 12
2021-2022,Qtr 3,7300,SKU-002,Depot 12
2021-2022,Qtr 4,16220,SKU-002,Depot 12
2021-2022,Qtr 1,58380,SKU-002,Depot 13
2021-2022,Qtr 2,33560,SKU-002,Depot 13
2021-2022,Qtr 3,84000,SKU-002,Depot 13
2021-2022,Qtr 4,99476,SKU-002,Depot 13
2021-2022,Qtr 1,65080,SKU-002,Depot 14
2021-2022,Qtr 2,16460,SKU-002,Depot 14
2021-2022,Qtr 3,48060,SKU-002,Depot 14
2021-2022,Qtr 4,53240,SKU-002,Depot 14
2021-2022,Qtr 1,4680,SKU-002,Depot 15
2021-2022,Qtr 2,2900,SKU-002,Depot 15
2021-2022,Qtr 3,9080,SKU-002,Depot 15
2021-2022,Qtr 4,5740,SKU-002,Depot 15
2021-2022,Qtr 1,34450,SKU-002,Depot 16
2021-2022,Qtr 2,16137,SKU-002,Depot 16
2021-2022,Qtr 3,34384,SKU-002,Depot 16
2021-2022,Qtr 4,26873,SKU-002,Depot 16
2021-2022,Qtr 1,45901,SKU-002,Depot 17
2021-2022,Qtr 2,15140,SKU-002,Depot 17
2021-2022,Qtr 3,37660,SKU-002,Depot 17
2021-2022,Qtr 4,40740,SKU-002,Depot 17
2021-2022,Qtr 1,1880,SKU-003,Depot 01
2021-2022,Qtr 2,1200,SKU-003,Depot 01
2021-2022,Qtr 3,1240,SKU-003,Depot 01
2021-2022,Qtr 4,1640,SKU-003,Depot 01
2022-2023,Qtr 1,3440,SKU-003,Depot 01
2022-2023,Qtr 2,2620,SKU-003,Depot 01
2022-2023,Qtr 3,3120,SKU-003,Depot 01
2022-2023,Qtr 4,2540,SKU-003,Depot 01
2023-2024,Qtr 1,3240,SKU-003,Depot 01
2023-2024,Qtr 2,5640,SKU-003,Depot 01
2023-2024,Qtr 3,14040,SKU-003,Depot 01
2023-2024,Qtr 4,2880,SKU-003,Depot 01
2024-2025,Qtr 2,6440,SKU-003,Depot 01
2024-2025,Qtr 3,3280,SKU-003,Depot 01
2024-2025,Qtr 4,2660,SKU-003,Depot 01
2021-2022,Qtr 1,7480,SKU-003,Depot 02
2021-2022,Qtr 2,10680,SKU-003,Depot 02
2021-2022,Qtr 3,21480,SKU-003,Depot 02
2021-2022,Qtr 4,15950,SKU-003,Depot 02
2022-2023,Qtr 1,4200,SKU-003,Depot 02
2022-2023,Qtr 2,29760,SKU-003,Depot 02
2022-2023,Qtr 3,10000,SKU-003,Depot 02
2022-2023,Qtr 4,4640,SKU-003,Depot 02
2023-2024,Qtr 1,6080,SKU-003,Depot 02
2023-2024,Qtr 2,19480,SKU-003,Depot 02
2023-2024,Qtr 3,24120,SKU-003,Depot 02
2023-2024,Qtr 4,10120,SKU-003,Depot 02
2024-2025,Qtr 2,25240,SKU-003,Depot 02
2024-2025,Qtr 3,17920,SKU-003,Depot 02
2024-2025,Qtr 4,10838,SKU-003,Depot 02
2021-2022,Qtr 1,1240,SKU-003,Depot 04
2021-2022,Qtr 2,2040,SKU-003,Depot 04
2021-2022,Qtr 3,6160,SKU-003,Depot 04
2021-2022,Qtr 4,9560,SKU-003,Depot 04
2022-2023,Qtr 1,2000,SKU-003,Depot 04
2022-2023,Qtr 2,7240,SKU-003,Depot 04
2022-2023,Qtr 3,3160,SKU-003,Depot 04
2022-2023,Qtr 4,2600,SKU-003,Depot 04
2023-2024,Qtr 1,2720,SKU-003,Depot 04
2023-2024,Qtr 2,5360,SKU-003,Depot 04
2023-2024,Qtr 3,10600,SKU-003,Depot 04
2023-2024,Qtr 4,6000,SKU-003,Depot 04
2024-2025,Qtr 2,4600,SKU-003,Depot 04
2024-2025,Qtr 3,4840,SKU-003,Depot 04
2024-2025,Qtr 4,7640,SKU-003,Depot 04
2021-2022,Qtr 1,3600,SKU-003,Depot 06
2021-2022,Qtr 2,2640,SKU-003,Depot 06
2021-2022,Qtr 3,3960,SKU-003,Depot 06
2021-2022,Qtr 4,1960,SKU-003,Depot 06
2022-2023,Qtr 1,1440,SKU-003,Depot 06
2022-2023,Qtr 2,6750,SKU-003,Depot 06
2022-2023,Qtr 3,8510,SKU-003,Depot 06
2022-2023,Qtr 4,4020,SKU-003,Depot 06
2023-2024,Qtr 1,1020,SKU-003,Depot 06
2023-2024,Qtr 2,2280,SKU-003,Depot 06
2023-2024,Qtr 3,3320,SKU-003,Depot 06
2023-2024,Qtr 4,1080,SKU-003,Depot 06
2024-2025,Qtr 2,4240,SKU-003,Depot 06
2024-2025,Qtr 3,3920,SKU-003,Depot 06
2024-2025,Qtr 4,3280,SKU-003,Depot 06
2021-2022,Qtr 1,6480,SKU-003,Depot 07
2021-2022,Qtr 2,13480,SKU-003,Depot 07
2021-2022,Qtr 3,20400,SKU-003,Depot 07
2021-2022,Qtr 4,3960,SKU-003,Depot 07
2022-2023,Qtr 1,6200,SKU-003,Depot 07
2022-2023,Qtr 2,16320,SKU-003,Depot 07
2022-2023,Qtr 3,18320,SKU-003,Depot 07
2022-2023,Qtr 4,2000,SKU-003,Depot 07
2023-2024,Qtr 1,1520,SKU-003,Depot 07
2023-2024,Qtr 2,27240,SKU-003,Depot 07
2023-2024,Qtr 3,12520,SKU-003,Depot 07
2024-2025,Qtr 2,21600,SKU-003,Depot 07
2024-2025,Qtr 3,11360,SKU-003,Depot 07
2024-2025,Qtr 4,800,SKU-003,Depot 07
2021-2022,Qtr 1,2000,SKU-003,Depot 08
2021-2022,Qtr 2,3480,SKU-003,Depot 08
2021-2022,Qtr 3,3640,SKU-003,Depot 08
2021-2022,Qtr 4,1640,SKU-003,Depot 08
2022-2023,Qtr 1,3760,SKU-003,Depot 08
2022-2023,Qtr 2,10560,SKU-003,Depot 08
2022-2023,Qtr 3,8240,SKU-003,Depot 08
2022-2023,Qtr 4,640,SKU-003,Depot 08
2023-2024,Qtr 1,2800,SKU-003,Depot 08
2023-2024,Qtr 2,16320,SKU-003,Depot 08
2023-2024,Qtr 3,8360,SKU-003,Depot 08
2023-2024,Qtr 4,2880,SKU-003,Depot 08
2024-2025,Qtr 2,9520,SKU-003,Depot 08
2024-2025,Qtr 3,8120,SKU-003,Depot 08
2024-2025,Qtr 4,3040,SKU-003,Depot 08
2021-2022,Qtr 1,12240,SKU-003,Depot 09
2021-2022,Qtr 2,3570,SKU-003,Depot 09
2021-2022,Qtr 3,5680,SKU-003,Depot 09
2021-2022,Qtr 4,7320,SKU-003,Depot 09
2022-2023,Qtr 1,10390,SKU-003,Depot 09
2022-2023,Qtr 2,11600,SKU-003,Depot 09
2022-2023,Qtr 3,9340,SKU-003,Depot 09
2022-2023,Qtr 4,3920,SKU-003,Depot 09
2023-2024,Qtr 1,6840,SKU-003,Depot 09
2023-2024,Qtr 2,10640,SKU-003,Depot 09
2023-2024,Qtr 3,10880,SKU-003,Depot 09
2023-2024,Qtr 4,3720,SKU-003,Depot 09
2024-2025,Qtr 2,4880,SKU-003,Depot 09
2024-2025,Qtr 3,11680,SKU-003,Depot 09
2024-2025,Qtr 4,10080,SKU-003,Depot 09
2021-2022,Qtr 1,1200,SKU-003,Depot 10
2021-2022,Qtr 2,3240,SKU-003,Depot 10
2021-2022,Qtr 3,1250,SKU-003,Depot 10
2021-2022,Qtr 4,3360,SKU-003,Depot 10
2022-2023,Qtr 1,240,SKU-003,Depot 10
2022-2023,Qtr 2,4240,SKU-003,Depot 10
2022-2023,Qtr 3,260,SKU-003,Depot 10
2022-2023,Qtr 4,880,SKU-003,Depot 10
2023-2024,Qtr 1,320,SKU-003,Depot 10
2023-2024,Qtr 2,1080,SKU-003,Depot 10
2023-2024,Qtr 3,1520,SKU-003,Depot 10
2023-2024,Qtr 4,520,SKU-003,Depot 10
2024-2025,Qtr 2,1040,SKU-003,Depot 10
2024-2025,Qtr 3,1120,SKU-003,Depot 10
2024-2025,Qtr 4,2480,SKU-003,Depot 10
2021-2022,Qtr 1,14900,SKU-003,Depot 11
2021-2022,Qtr 2,18990,SKU-003,Depot 11
2021-2022,Qtr 3,30660,SKU-003,Depot 11
2021-2022,Qtr 4,21461,SKU-003,Depot 11
2022-2023,Qtr 1,14800,SKU-003,Depot 11
2022-2023,Qtr 2,44690,SKU-003,Depot 11
2022-2023,Qtr 3,22189,SKU-003,Depot 11
2022-2023,Qtr 4,21760,SKU-003,Depot 11
2023-2024,Qtr 1,28640,SKU-003,Depot 11
2023-2024,Qtr 2,28260,SKU-003,Depot 11
2023-2024,Qtr 3,30640,SKU-003,Depot 11
2023-2024,Qtr 4,9520,SKU-003,Depot 11
2024-2025,Qtr 2,17360,SKU-003,Depot 11
2024-2025,Qtr 3,7980,SKU-003,Depot 11
2024-2025,Qtr 4,9860,SKU-003,Depot 11
2021-2022,Qtr 1,6720,SKU-003,Depot 12
2021-2022,Qtr 2,4740,SKU-003,Depot 12
2021-2022,Qtr 3,13900,SKU-003,Depot 12
2021-2022,Qtr 4,12100,SKU-003,Depot 12
2022-2023,Qtr 1,6880,SKU-003,Depot 12
2022-2023,Qtr 2,12720,SKU-003,Depot 12
2022-2023,Qtr 3,11680,SKU-003,Depot 12
2022-2023,Qtr 4,12960,SKU-003,Depot 12
2023-2024,Qtr 1,9720,SKU-003,Depot 12
2023-2024,Qtr 2,8280,SKU-003,Depot 12
2023-2024,Qtr 3,14920,SKU-003,Depot 12
2023-2024,Qtr 4,11640,SKU-003,Depot 12
2024-2025,Qtr 2,2480,SKU-003,Depot 12
2024-2025,Qtr 3,9040,SKU-003,Depot 12
2024-2025,Qtr 4,15980,SKU-003,Depot 12
2021-2022,Qtr 1,77617,SKU-003,Depot 13
2021-2022,Qtr 2,54684,SKU-003,Depot 13
2021-2022,Qtr 3,143279,SKU-003,Depot 13
2021-2022,Qtr 4,170646,SKU-003,Depot 13
2022-2023,Qtr 1,59966,SKU-003,Depot 13
2022-2023,Qtr 2,161798,SKU-003,Depot 13
2022-2023,Qtr 3,142416,SKU-003,Depot 13
2022-2023,Qtr 4,100595,SKU-003,Depot 13
2023-2024,Qtr 1,104965,SKU-003,Depot 13
2023-2024,Qtr 2,94640,SKU-003,Depot 13
2023-2024,Qtr 3,197660,SKU-003,Depot 13
2023-2024,Qtr 4,68640,SKU-003,Depot 13
2024-2025,Qtr 2,94780,SKU-003,Depot 13
2024-2025,Qtr 3,60250,SKU-003,Depot 13
2024-2025,Qtr 4,76830,SKU-003,Depot 13
2021-2022,Qtr 1,15280,SKU-003,Depot 14
2021-2022,Qtr 2,34870,SKU-003,Depot 14
2021-2022,Qtr 3,39200,SKU-003,Depot 14
2021-2022,Qtr 4,37600,SKU-003,Depot 14
2022-2023,Qtr 1,17370,SKU-003,Depot 14
2022-2023,Qtr 2,60940,SKU-003,Depot 14
2022-2023,Qtr 3,38780,SKU-003,Depot 14
2022-2023,Qtr 4,19000,SKU-003,Depot 14
2023-2024,Qtr 1,19240,SKU-003,Depot 14
2023-2024,Qtr 2,61480,SKU-003,Depot 14
2023-2024,Qtr 3,58760,SKU-003,Depot 14
2023-2024,Qtr 4,13680,SKU-003,Depot 14
2024-2025,Qtr 2,76860,SKU-003,Depot 14
2024-2025,Qtr 3,49320,SKU-003,Depot 14
2024-2025,Qtr 4,17960,SKU-003,Depot 14
2021-2022,Qtr 1,1600,SKU-003,Depot 15
2021-2022,Qtr 2,4240,SKU-003,Depot 15
2021-2022,Qtr 3,4800,SKU-003,Depot 15
2021-2022,Qtr 4,4560,SKU-003,Depot 15
2022-2023,Qtr 1,1960,SKU-003,Depot 15
2022-2023,Qtr 2,32680,SKU-003,Depot 15
2022-2023,Qtr 3,8000,SKU-003,Depot 15
2022-2023,Qtr 4,6240,SKU-003,Depot 15
2023-2024,Qtr 1,1680,SKU-003,Depot 15
2023-2024,Qtr 2,22780,SKU-003,Depot 15
2023-2024,Qtr 3,18600,SKU-003,Depot 15
2023-2024,Qtr 4,400,SKU-003,Depot 15
2024-2025,Qtr 2,32520,SKU-003,Depot 15
2024-2025,Qtr 3,2920,SKU-003,Depot 15
2024-2025,Qtr 4,2640,SKU-003,Depot 15
2021-2022,Qtr 1,6115,SKU-003,Depot 16
2021-2022,Qtr 2,22706,SKU-003,Depot 16
2021-2022,Qtr 3,7065,SKU-003,Depot 16
2021-2022,Qtr 4,5167,SKU-003,Depot 16
2022-2023,Qtr 1,4040,SKU-003,Depot 16
2022-2023,Qtr 2,21470,SKU-003,Depot 16
2022-2023,Qtr 3,10450,SKU-003,Depot 16
2022-2023,Qtr 4,2920,SKU-003,Depot 16
2023-2024,Qtr 1,2280,SKU-003,Depot 16
2023-2024,Qtr 2,32240,SKU-003,Depot 16
2023-2024,Qtr 3,9800,SKU-003,Depot 16
2023-2024,Qtr 4,1400,SKU-003,Depot 16
2024-2025,Qtr 2,29094,SKU-003,Depot 16
2024-2025,Qtr 3,12870,SKU-003,Depot 16
2024-2025,Qtr 4,5280,SKU-003,Depot 16
2021-2022,Qtr 1,17800,SKU-003,Depot 17
2021-2022,Qtr 2,7080,SKU-003,Depot 17
2021-2022,Qtr 3,15620,SKU-003,Depot 17
2021-2022,Qtr 4,25140,SKU-003,Depot 17
2022-2023,Qtr 1,20440,SKU-003,Depot 17
2022-2023,Qtr 2,15260,SKU-003,Depot 17
2022-2023,Qtr 3,14640,SKU-003,Depot 17
2022-2023,Qtr 4,23140,SKU-003,Depot 17
2023-2024,Qtr 1,23240,SKU-003,Depot 17
2023-2024,Qtr 2,21080,SKU-003,Depot 17
2023-2024,Qtr 3,36760,SKU-003,Depot 17
2023-2024,Qtr 4,17720,SKU-003,Depot 17
2024-2025,Qtr 2,14780,SKU-003,Depot 17
2024-2025,Qtr 3,18040,SKU-003,Depot 17
2024-2025,Qtr 4,14740,SKU-003,Depot 17
2021-2022,Qtr 1,15380,SKU-004,Depot 02
2021-2022,Qtr 2,7327,SKU-004,Depot 02
2021-2022,Qtr 3,19160,SKU-004,Depot 02
2021-2022,Qtr 4,19960,SKU-004,Depot 02
2022-2023,Qtr 1,17520,SKU-004,Depot 02
2022-2023,Qtr 2,5920,SKU-004,Depot 02
2022-2023,Qtr 3,13618,SKU-004,Depot 02
2022-2023,Qtr 4,11543,SKU-004,Depot 02
2023-2024,Qtr 1,22040,SKU-004,Depot 02
2023-2024,Qtr 2,9220,SKU-004,Depot 02
2023-2024,Qtr 3,18480,SKU-004,Depot 02
2023-2024,Qtr 4,9350,SKU-004,Depot 02
2024-2025,Qtr 2,10203,SKU-004,Depot 02
2024-2025,Qtr 3,17500,SKU-004,Depot 02
2024-2025,Qtr 4,18396,SKU-004,Depot 02
2021-2022,Qtr 1,7920,SKU-004,Depot 04
2021-2022,Qtr 2,1640,SKU-004,Depot 04
2021-2022,Qtr 3,8480,SKU-004,Depot 04
2021-2022,Qtr 4,5600,SKU-004,Depot 04
2022-2023,Qtr 1,5080,SKU-004,Depot 04
2022-2023,Qtr 2,1120,SKU-004,Depot 04
2022-2023,Qtr 3,1760,SKU-004,Depot 04
2022-2023,Qtr 4,2960,SKU-004,Depot 04
2023-2024,Qtr 1,2240,SKU-004,Depot 04
2023-2024,Qtr 2,3420,SKU-004,Depot 04
2023-2024,Qtr 3,4780,SKU-004,Depot 04
2023-2024,Qtr 4,2720,SKU-004,Depot 04
2024-2025,Qtr 2,2240,SKU-004,Depot 04
2024-2025,Qtr 3,1320,SKU-004,Depot 04
2024-2025,Qtr 4,3340,SKU-004,Depot 04
2021-2022,Qtr 1,7760,SKU-004,Depot 07
2021-2022,Qtr 2,2720,SKU-004,Depot 07
2021-2022,Qtr 3,80,SKU-004,Depot 07
2021-2022,Qtr 4,4640,SKU-004,Depot 07
2022-2023,Qtr 1,5440,SKU-004,Depot 07
2022-2023,Qtr 3,4800,SKU-004,Depot 07
2022-2023,Qtr 4,5600,SKU-004,Depot 07
2023-2024,Qtr 1,8780,SKU-004,Depot 07
2023-2024,Qtr 2,4320,SKU-004,Depot 07
2023-2024,Qtr 3,2000,SKU-004,Depot 07
2023-2024,Qtr 4,3000,SKU-004,Depot 07
2024-2025,Qtr 2,1480,SKU-004,Depot 07
2024-2025,Qtr 3,1740,SKU-004,Depot 07
2024-2025,Qtr 4,1560,SKU-004,Depot 07
2021-2022,Qtr 1,80,SKU-004,Depot 08
2021-2022,Qtr 2,1800,SKU-004,Depot 08
2021-2022,Qtr 3,2720,SKU-004,Depot 08
2021-2022,Qtr 4,200,SKU-004,Depot 08
2022-2023,Qtr 1,400,SKU-004,Depot 08
2022-2023,Qtr 2,1830,SKU-004,Depot 08
2022-2023,Qtr 3,810,SKU-004,Depot 08
2022-2023,Qtr 4,240,SKU-004,Depot 08
2023-2024,Qtr 1,560,SKU-004,Depot 08
2023-2024,Qtr 2,1360,SKU-004,Depot 08
2023-2024,Qtr 3,2040,SKU-004,Depot 08
2023-2024,Qtr 4,1440,SKU-004,Depot 08
2024-2025,Qtr 2,1160,SKU-004,Depot 08
2024-2025,Qtr 3,200,SKU-004,Depot 08
2024-2025,Qtr 4,1400,SKU-004,Depot 08
2021-2022,Qtr 1,80,SKU-004,Depot 10
2021-2022,Qtr 2,480,SKU-004,Depot 10
2021-2022,Qtr 3,800,SKU-004,Depot 10
2021-2022,Qtr 4,40,SKU-004,Depot 10
2022-2023,Qtr 1,800,SKU-004,Depot 10
2022-2023,Qtr 2,360,SKU-004,Depot 10
2022-2023,Qtr 3,80,SKU-004,Depot 10
2022-2023,Qtr 4,280,SKU-004,Depot 10
2023-2024,Qtr 1,40,SKU-004,Depot 10
2023-2024,Qtr 2,240,SKU-004,Depot 10
2023-2024,Qtr 3,400,SKU-004,Depot 10
2023-2024,Qtr 4,440,SKU-004,Depot 10
2024-2025,Qtr 2,160,SKU-004,Depot 10
2024-2025,Qtr 3,80,SKU-004,Depot 10
2024-2025,Qtr 4,560,SKU-004,Depot 10
2021-2022,Qtr 1,13780,SKU-004,Depot 11
2021-2022,Qtr 2,9380,SKU-004,Depot 11
2021-2022,Qtr 3,23480,SKU-004,Depot 11
2021-2022,Qtr 4,15980,SKU-004,Depot 11
2022-2023,Qtr 1,11720,SKU-004,Depot 11
2022-2023,Qtr 2,6360,SKU-004,Depot 11
2022-2023,Qtr 3,13280,SKU-004,Depot 11
2022-2023,Qtr 4,7080,SKU-004,Depot 11
2023-2024,Qtr 1,26950,SKU-004,Depot 11
2023-2024,Qtr 2,3360,SKU-004,Depot 11
2023-2024,Qtr 3,5280,SKU-004,Depot 11
2023-2024,Qtr 4,11720,SKU-004,Depot 11
2024-2025,Qtr 2,19760,SKU-004,Depot 11
2024-2025,Qtr 4,6440,SKU-004,Depot 11
2021-2022,Qtr 1,18170,SKU-004,Depot 13
2021-2022,Qtr 2,8120,SKU-004,Depot 13
2021-2022,Qtr 3,12260,SKU-004,Depot 13
2021-2022,Qtr 4,16019,SKU-004,Depot 13
2022-2023,Qtr 1,7240,SKU-004,Depot 13
2022-2023,Qtr 2,2280,SKU-004,Depot 13
2022-2023,Qtr 3,9650,SKU-004,Depot 13
2022-2023,Qtr 4,12420,SKU-004,Depot 13
2023-2024,Qtr 1,8680,SKU-004,Depot 13
2023-2024,Qtr 2,6040,SKU-004,Depot 13
2023-2024,Qtr 3,4200,SKU-004,Depot 13
2023-2024,Qtr 4,12320,SKU-004,Depot 13
2024-2025,Qtr 2,2120,SKU-004,Depot 13
2024-2025,Qtr 3,3120,SKU-004,Depot 13
2024-2025,Qtr 4,7680,SKU-004,Depot 13
2021-2022,Qtr 1,21086,SKU-004,Depot 14
2021-2022,Qtr 2,8680,SKU-004,Depot 14
2021-2022,Qtr 3,29480,SKU-004,Depot 14
2021-2022,Qtr 4,30320,SKU-004,Depot 14
2022-2023,Qtr 1,40460,SKU-004,Depot 14
2022-2023,Qtr 2,11120,SKU-004,Depot 14
2022-2023,Qtr 3,37920,SKU-004,Depot 14
2022-2023,Qtr 4,28970,SKU-004,Depot 14
2023-2024,Qtr 1,20100,SKU-004,Depot 14
2023-2024,Qtr 2,11440,SKU-004,Depot 14
2023-2024,Qtr 3,23160,SKU-004,Depot 14
2023-2024,Qtr 4,15880,SKU-004,Depot 14
2024-2025,Qtr 2,18240,SKU-004,Depot 14
2024-2025,Qtr 3,11280,SKU-004,Depot 14
2024-2025,Qtr 4,19590,SKU-004,Depot 14
2021-2022,Qtr 1,1160,SKU-004,Depot 15
2021-2022,Qtr 3,680,SKU-004,Depot 15
2021-2022,Qtr 4,880,SKU-004,Depot 15
2022-2023,Qtr 1,2280,SKU-004,Depot 15
2022-2023,Qtr 2,1460,SKU-004,Depot 15
2022-2023,Qtr 3,880,SKU-004,Depot 15
2022-2023,Qtr 4,1360,SKU-004,Depot 15
2023-2024,Qtr 1,1240,SKU-004,Depot 15
2023-2024,Qtr 2,2240,SKU-004,Depot 15
2023-2024,Qtr 3,520,SKU-004,Depot 15
2023-2024,Qtr 4,840,SKU-004,Depot 15
2024-2025,Qtr 2,1400,SKU-004,Depot 15
2024-2025,Qtr 3,6880,SKU-004,Depot 15
2024-2025,Qtr 4,10540,SKU-004,Depot 15
2021-2022,Qtr 1,20560,SKU-004,Depot 16
2021-2022,Qtr 2,7976,SKU-004,Depot 16
2021-2022,Qtr 3,15320,SKU-004,Depot 16
2021-2022,Qtr 4,8093,SKU-004,Depot 16
2022-2023,Qtr 1,9649,SKU-004,Depot 16
2022-2023,Qtr 2,9510,SKU-004,Depot 16
2022-2023,Qtr 3,6053,SKU-004,Depot 16
2022-2023,Qtr 4,15237,SKU-004,Depot 16
2023-2024,Qtr 1,4520,SKU-004,Depot 16
2023-2024,Qtr 2,4840,SKU-004,Depot 16
2023-2024,Qtr 3,12360,SKU-004,Depot 16
2023-2024,Qtr 4,9760,SKU-004,Depot 16
2024-2025,Qtr 2,3651,SKU-004,Depot 16
2024-2025,Qtr 3,16606,SKU-004,Depot 16
2024-2025,Qtr 4,8180,SKU-004,Depot 16
2021-2022,Qtr 1,37560,SKU-004,Depot 17
2021-2022,Qtr 2,8380,SKU-004,Depot 17
2021-2022,Qtr 3,25920,SKU-004,Depot 17
2021-2022,Qtr 4,30460,SKU-004,Depot 17
2022-2023,Qtr 1,37600,SKU-004,Depot 17
2022-2023,Qtr 2,13060,SKU-004,Depot 17
2022-2023,Qtr 3,19980,SKU-004,Depot 17
2022-2023,Qtr 4,35500,SKU-004,Depot 17
2023-2024,Qtr 1,76830,SKU-004,Depot 17
2023-2024,Qtr 2,19280,SKU-004,Depot 17
2023-2024,Qtr 3,13640,SKU-004,Depot 17
2023-2024,Qtr 4,41660,SKU-004,Depot 17
2024-2025,Qtr 2,17600,SKU-004,Depot 17
2024-2025,Qtr 3,22540,SKU-004,Depot 17
2024-2025,Qtr 4,22780,SKU-004,Depot 17
2021-2022,Qtr 1,2080,SKU-005,Depot 01
2021-2022,Qtr 2,640,SKU-005,Depot 01
2021-2022,Qtr 3,4200,SKU-005,Depot 01
2021-2022,Qtr 4,1960,SKU-005,Depot 01
2022-2023,Qtr 1,27440,SKU-005,Depot 01
2022-2023,Qtr 2,1440,SKU-005,Depot 01
2022-2023,Qtr 3,3920,SKU-005,Depot 01
2022-2023,Qtr 4,4480,SKU-005,Depot 01
2023-2024,Qtr 1,10080,SKU-005,Depot 01
2023-2024,Qtr 2,1920,SKU-005,Depot 01
2023-2024,Qtr 3,7320,SKU-005,Depot 01
2023-2024,Qtr 4,7120,SKU-005,Depot 01
2024-2025,Qtr 2,2880,SKU-005,Depot 01
2024-2025,Qtr 3,2080,SKU-005,Depot 01
2024-2025,Qtr 4,3520,SKU-005,Depot 01
2021-2022,Qtr 1,8010,SKU-005,Depot 03
2021-2022,Qtr 2,6340,SKU-005,Depot 03
2021-2022,Qtr 3,12140,SKU-005,Depot 03
2021-2022,Qtr 4,8920,SKU-005,Depot 03
2022-2023,Qtr 1,10920,SKU-005,Depot 03
2022-2023,Qtr 2,2560,SKU-005,Depot 03
2022-2023,Qtr 3,3680,SKU-005,Depot 03
2022-2023,Qtr 4,6220,SKU-005,Depot 03
2023-2024,Qtr 1,6320,SKU-005,Depot 03
2023-2024,Qtr 2,880,SKU-005,Depot 03
2023-2024,Qtr 3,4560,SKU-005,Depot 03
2023-2024,Qtr 4,6720,SKU-005,Depot 03
2024-2025,Qtr 2,1760,SKU-005,Depot 03
2024-2025,Qtr 3,2360,SKU-005,Depot 03
2024-2025,Qtr 4,4320,SKU-005,Depot 03
2021-2022,Qtr 1,15160,SKU-005,Depot 05
2021-2022,Qtr 2,3620,SKU-005,Depot 05
2021-2022,Qtr 3,20920,SKU-005,Depot 05
2021-2022,Qtr 4,16560,SKU-005,Depot 05
2022-2023,Qtr 1,23840,SKU-005,Depot 05
2022-2023,Qtr 2,6040,SKU-005,Depot 05
2022-2023,Qtr 3,12260,SKU-005,Depot 05
2022-2023,Qtr 4,3640,SKU-005,Depot 05
2023-2024,Qtr 1,1240,SKU-005,Depot 05
2023-2024,Qtr 2,4360,SKU-005,Depot 05
2023-2024,Qtr 3,5200,SKU-005,Depot 05
2023-2024,Qtr 4,3080,SKU-005,Depot 05
2024-2025,Qtr 2,1080,SKU-005,Depot 05
2024-2025,Qtr 3,880,SKU-005,Depot 05
2024-2025,Qtr 4,1400,SKU-005,Depot 05
2021-2022,Qtr 1,11280,SKU-005,Depot 06
2021-2022,Qtr 2,2400,SKU-005,Depot 06
2021-2022,Qtr 3,12840,SKU-005,Depot 06
2021-2022,Qtr 4,8160,SKU-005,Depot 06
2022-2023,Qtr 1,27560,SKU-005,Depot 06
2022-2023,Qtr 2,10440,SKU-005,Depot 06
2022-2023,Qtr 3,8160,SKU-005,Depot 06
2022-2023,Qtr 4,6040,SKU-005,Depot 06
2023-2024,Qtr 2,2120,SKU-005,Depot 06
2023-2024,Qtr 3,2880,SKU-005,Depot 06
2023-2024,Qtr 4,6520,SKU-005,Depot 06
2024-2025,Qtr 2,10020,SKU-005,Depot 06
2024-2025,Qtr 3,2140,SKU-005,Depot 06
2024-2025,Qtr 4,2920,SKU-005,Depot 06
2021-2022,Qtr 1,57800,SKU-005,Depot 09
2021-2022,Qtr 2,680,SKU-005,Depot 09
2021-2022,Qtr 3,17250,SKU-005,Depot 09
2021-2022,Qtr 4,11000,SKU-005,Depot 09
2022-2023,Qtr 1,39760,SKU-005,Depot 09
2022-2023,Qtr 2,9720,SKU-005,Depot 09
2022-2023,Qtr 3,36530,SKU-005,Depot 09
2022-2023,Qtr 4,14440,SKU-005,Depot 09
2023-2024,Qtr 1,3980,SKU-005,Depot 09
2023-2024,Qtr 2,2680,SKU-005,Depot 09
2023-2024,Qtr 3,9160,SKU-005,Depot 09
2023-2024,Qtr 4,6840,SKU-005,Depot 09
2024-2025,Qtr 2,540,SKU-005,Depot 09
2024-2025,Qtr 3,3360,SKU-005,Depot 09
2024-2025,Qtr 4,4320,SKU-005,Depot 09
2021-2022,Qtr 1,74840,SKU-005,Depot 12
2021-2022,Qtr 2,31280,SKU-005,Depot 12
2021-2022,Qtr 3,61720,SKU-005,Depot 12
2021-2022,Qtr 4,64520,SKU-005,Depot 12
2022-2023,Qtr 1,169940,SKU-005,Depot 12
2022-2023,Qtr 2,55600,SKU-005,Depot 12
2022-2023,Qtr 3,55920,SKU-005,Depot 12
2022-2023,Qtr 4,85360,SKU-005,Depot 12
2023-2024,Qtr 1,57520,SKU-005,Depot 12
2023-2024,Qtr 2,26040,SKU-005,Depot 12
2023-2024,Qtr 3,42260,SKU-005,Depot 12
2023-2024,Qtr 4,76240,SKU-005,Depot 12
2024-2025,Qtr 2,20340,SKU-005,Depot 12
2024-2025,Qtr 3,27120,SKU-005,Depot 12
2024-2025,Qtr 4,39960,SKU-005,Depot 12
2021-2022,Qtr 1,16560,SKU-005,Depot 14
2021-2022,Qtr 2,12250,SKU-005,Depot 14
2021-2022,Qtr 3,32680,SKU-005,Depot 14
2021-2022,Qtr 4,23120,SKU-005,Depot 14
2022-2023,Qtr 1,47920,SKU-005,Depot 14
2022-2023,Qtr 2,10040,SKU-005,Depot 14
2022-2023,Qtr 3,30640,SKU-005,Depot 14
2022-2023,Qtr 4,18960,SKU-005,Depot 14
2023-2024,Qtr 1,15120,SKU-005,Depot 14
2023-2024,Qtr 2,8920,SKU-005,Depot 14
2023-2024,Qtr 3,18240,SKU-005,Depot 14
2023-2024,Qtr 4,14480,SKU-005,Depot 14
2024-2025,Qtr 2,6800,SKU-005,Depot 14
2024-2025,Qtr 3,6400,SKU-005,Depot 14
2024-2025,Qtr 4,7560,SKU-005,Depot 14
2021-2022,Qtr 1,31951,SKU-006,Depot 05
2021-2022,Qtr 2,15630,SKU-006,Depot 05
2021-2022,Qtr 3,35060,SKU-006,Depot 05
2021-2022,Qtr 4,41410,SKU-006,Depot 05
2022-2023,Qtr 1,37710,SKU-006,Depot 05
2022-2023,Qtr 2,38920,SKU-006,Depot 05
2022-2023,Qtr 3,22580,SKU-006,Depot 05
2022-2023,Qtr 4,28860,SKU-006,Depot 05
2023-2024,Qtr 1,64720,SKU-006,Depot 05
2023-2024,Qtr 2,27560,SKU-006,Depot 05
2023-2024,Qtr 3,29560,SKU-006,Depot 05
2023-2024,Qtr 4,36910,SKU-006,Depot 05
2024-2025,Qtr 2,14965,SKU-006,Depot 05
2024-2025,Qtr 3,17800,SKU-006,Depot 05
2024-2025,Qtr 4,15810,SKU-006,Depot 05
2021-2022,Qtr 1,15120,SKU-006,Depot 06
2021-2022,Qtr 2,18590,SKU-006,Depot 06
2021-2022,Qtr 3,30330,SKU-006,Depot 06
2021-2022,Qtr 4,22320,SKU-006,Depot 06
2022-2023,Qtr 1,15210,SKU-006,Depot 06
2022-2023,Qtr 2,17968,SKU-006,Depot 06
2022-2023,Qtr 3,23440,SKU-006,Depot 06
2022-2023,Qtr 4,26090,SKU-006,Depot 06
2023-2024,Qtr 1,13340,SKU-006,Depot 06
2023-2024,Qtr 2,16130,SKU-006,Depot 06
2023-2024,Qtr 3,10860,SKU-006,Depot 06
2023-2024,Qtr 4,15910,SKU-006,Depot 06
2024-2025,Qtr 2,12940,SKU-006,Depot 06
2024-2025,Qtr 3,10180,SKU-006,Depot 06
2024-2025,Qtr 4,8070,SKU-006,Depot 06
2021-2022,Qtr 1,6850,SKU-006,Depot 09
2021-2022,Qtr 2,2130,SKU-006,Depot 09
2021-2022,Qtr 3,9020,SKU-006,Depot 09
2021-2022,Qtr 4,6470,SKU-006,Depot 09
2022-2023,Qtr 1,16460,SKU-006,Depot 09
2022-2023,Qtr 2,11670,SKU-006,Depot 09
2022-2023,Qtr 3,8940,SKU-006,Depot 09
2022-2023,Qtr 4,13210,SKU-006,Depot 09
2023-2024,Qtr 1,17180,SKU-006,Depot 09
2023-2024,Qtr 2,5920,SKU-006,Depot 09
2023-2024,Qtr 3,8510,SKU-006,Depot 09
2023-2024,Qtr 4,15810,SKU-006,Depot 09
2024-2025,Qtr 2,11770,SKU-006,Depot 09
2024-2025,Qtr 3,11360,SKU-006,Depot 09
2024-2025,Qtr 4,12000,SKU-006,Depot 09
2021-2022,Qtr 1,31460,SKU-006,Depot 12
2021-2022,Qtr 2,21630,SKU-006,Depot 12
2021-2022,Qtr 3,35760,SKU-006,Depot 12
2021-2022,Qtr 4,40690,SKU-006,Depot 12
2022-2023,Qtr 1,45920,SKU-006,Depot 12
2022-2023,Qtr 2,33220,SKU-006,Depot 12
2022-2023,Qtr 3,43030,SKU-006,Depot 12
2022-2023,Qtr 4,20040,SKU-006,Depot 12
2023-2024,Qtr 1,16040,SKU-006,Depot 12
2023-2024,Qtr 2,16320,SKU-006,Depot 12
2023-2024,Qtr 3,30010,SKU-006,Depot 12
2023-2024,Qtr 4,36600,SKU-006,Depot 12
2024-2025,Qtr 2,25630,SKU-006,Depot 12
2024-2025,Qtr 3,34390,SKU-006,Depot 12
2024-2025,Qtr 4,40750,SKU-006,Depot 12
2021-2022,Qtr 1,35690,SKU-006,Depot 13
2021-2022,Qtr 2,53160,SKU-006,Depot 13
2021-2022,Qtr 3,70385,SKU-006,Depot 13
2021-2022,Qtr 4,52590,SKU-006,Depot 13
2022-2023,Qtr 1,60770,SKU-006,Depot 13
2022-2023,Qtr 2,32630,SKU-006,Depot 13
2022-2023,Qtr 3,43530,SKU-006,Depot 13
2022-2023,Qtr 4,43560,SKU-006,Depot 13
2023-2024,Qtr 1,47600,SKU-006,Depot 13
2023-2024,Qtr 2,37700,SKU-006,Depot 13
2023-2024,Qtr 3,36851,SKU-006,Depot 13
2023-2024,Qtr 4,38080,SKU-006,Depot 13
2024-2025,Qtr 2,13260,SKU-006,Depot 13
2024-2025,Qtr 3,15560,SKU-006,Depot 13
2024-2025,Qtr 4,19480,SKU-006,Depot 13
2021-2022,Qtr 1,98380,SKU-006,Depot 17
2021-2022,Qtr 2,62883,SKU-006,Depot 17
2021-2022,Qtr 3,150220,SKU-006,Depot 17
2021-2022,Qtr 4,92090,SKU-006,Depot 17
2022-2023,Qtr 1,92835,SKU-006,Depot 17
2022-2023,Qtr 2,45020,SKU-006,Depot 17
2022-2023,Qtr 3,73780,SKU-006,Depot 17
2022-2023,Qtr 4,111100,SKU-006,Depot 17
2023-2024,Qtr 1,94145,SKU-006,Depot 17
2023-2024,Qtr 2,32930,SKU-006,Depot 17
2023-2024,Qtr 3,88870,SKU-006,Depot 17
2023-2024,Qtr 4,134050,SKU-006,Depot 17
2024-2025,Qtr 2,47794,SKU-006,Depot 17
2024-2025,Qtr 3,103372,SKU-006,Depot 17
2024-2025,Qtr 4,95833,SKU-006,Depot 17
2021-2022,Qtr 1,1000,SKU-007,Depot 01
2021-2022,Qtr 2,560,SKU-007,Depot 01
2021-2022,Qtr 3,1400,SKU-007,Depot 01
2021-2022,Qtr 4,760,SKU-007,Depot 01
2022-2023,Qtr 1,15600,SKU-007,Depot 01
2022-2023,Qtr 2,520,SKU-007,Depot 01
2022-2023,Qtr 3,1720,SKU-007,Depot 01
2022-2023,Qtr 4,2800,SKU-007,Depot 01
2023-2024,Qtr 1,4040,SKU-007,Depot 01
2023-2024,Qtr 2,1440,SKU-007,Depot 01
2023-2024,Qtr 3,4520,SKU-007,Depot 01
2023-2024,Qtr 4,3800,SKU-007,Depot 01
2024-2025,Qtr 2,760,SKU-007,Depot 01
2024-2025,Qtr 3,1360,SKU-007,Depot 01
2024-2025,Qtr 4,1820,SKU-007,Depot 01
2021-2022,Qtr 1,7240,SKU-008,Depot 02
2021-2022,Qtr 2,2480,SKU-008,Depot 02
2021-2022,Qtr 3,10640,SKU-008,Depot 02
2021-2022,Qtr 4,8980,SKU-008,Depot 02
2022-2023,Qtr 1,8780,SKU-008,Depot 02
2022-2023,Qtr 2,5240,SKU-008,Depot 02
2022-2023,Qtr 3,8120,SKU-008,Depot 02
2022-2023,Qtr 4,6930,SKU-008,Depot 02
2023-2024,Qtr 1,10480,SKU-008,Depot 02
2023-2024,Qtr 2,5320,SKU-008,Depot 02
2023-2024,Qtr 3,14120,SKU-008,Depot 02
2023-2024,Qtr 4,6840,SKU-008,Depot 02
2024-2025,Qtr 2,6700,SKU-008,Depot 02
2024-2025,Qtr 3,11240,SKU-008,Depot 02
2024-2025,Qtr 4,14109,SKU-008,Depot 02
2021-2022,Qtr 1,7440,SKU-007,Depot 03
2021-2022,Qtr 2,5640,SKU-007,Depot 03
2021-2022,Qtr 3,9760,SKU-007,Depot 03
2021-2022,Qtr 4,10560,SKU-007,Depot 03
2022-2023,Qtr 1,12360,SKU-007,Depot 03
2022-2023,Qtr 2,1840,SKU-007,Depot 03
2022-2023,Qtr 3,5240,SKU-007,Depot 03
2022-2023,Qtr 4,6850,SKU-007,Depot 03
2023-2024,Qtr 1,5120,SKU-007,Depot 03
2023-2024,Qtr 2,700,SKU-007,Depot 03
2023-2024,Qtr 3,3090,SKU-007,Depot 03
2023-2024,Qtr 4,7200,SKU-007,Depot 03
2024-2025,Qtr 2,1640,SKU-007,Depot 03
2024-2025,Qtr 3,2280,SKU-007,Depot 03
2024-2025,Qtr 4,3240,SKU-007,Depot 03
2021-2022,Qtr 1,10760,SKU-009,Depot 03
2021-2022,Qtr 2,4100,SKU-009,Depot 03
2021-2022,Qtr 3,11310,SKU-009,Depot 03
2021-2022,Qtr 4,15640,SKU-009,Depot 03
2022-2023,Qtr 1,3780,SKU-009,Depot 03
2022-2023,Qtr 2,3600,SKU-009,Depot 03
2022-2023,Qtr 3,6460,SKU-009,Depot 03
2022-2023,Qtr 4,2140,SKU-009,Depot 03
2023-2024,Qtr 1,800,SKU-009,Depot 03
2023-2024,Qtr 2,1940,SKU-009,Depot 03
2023-2024,Qtr 3,1700,SKU-009,Depot 03
2023-2024,Qtr 4,1100,SKU-009,Depot 03
2024-2025,Qtr 3,120,SKU-009,Depot 03
2021-2022,Qtr 1,1776,SKU-010,Depot 04
2021-2022,Qtr 2,1152,SKU-010,Depot 04
2021-2022,Qtr 3,2688,SKU-010,Depot 04
2021-2022,Qtr 4,1776,SKU-010,Depot 04
2022-2023,Qtr 1,5040,SKU-010,Depot 04
2022-2023,Qtr 2,960,SKU-010,Depot 04
2022-2023,Qtr 3,1152,SKU-010,Depot 04
2022-2023,Qtr 4,2448,SKU-010,Depot 04
2023-2024,Qtr 1,2400,SKU-010,Depot 04
2023-2024,Qtr 2,3600,SKU-010,Depot 04
2023-2024,Qtr 3,3216,SKU-010,Depot 04
2023-2024,Qtr 4,5520,SKU-010,Depot 04
2024-2025,Qtr 2,1920,SKU-010,Depot 04
2024-2025,Qtr 3,4416,SKU-010,Depot 04
2024-2025,Qtr 4,4080,SKU-010,Depot 04
2021-2022,Qtr 1,4690,SKU-011,Depot 05
2021-2022,Qtr 2,1630,SKU-011,Depot 05
2021-2022,Qtr 3,3210,SKU-011,Depot 05
2021-2022,Qtr 4,3890,SKU-011,Depot 05
2022-2023,Qtr 1,3690,SKU-011,Depot 05
2022-2023,Qtr 2,4360,SKU-011,Depot 05
2022-2023,Qtr 3,3820,SKU-011,Depot 05
2022-2023,Qtr 4,3840,SKU-011,Depot 05
2023-2024,Qtr 1,8645,SKU-011,Depot 05
2023-2024,Qtr 2,4740,SKU-011,Depot 05
2023-2024,Qtr 3,1760,SKU-011,Depot 05
2023-2024,Qtr 4,3900,SKU-011,Depot 05
2024-2025,Qtr 2,3790,SKU-011,Depot 05
2024-2025,Qtr 3,4400,SKU-011,Depot 05
2024-2025,Qtr 4,4820,SKU-011,Depot 05
2021-2022,Qtr 1,2496,SKU-010,Depot 07
2021-2022,Qtr 2,5280,SKU-010,Depot 07
2021-2022,Qtr 3,4848,SKU-010,Depot 07
2021-2022,Qtr 4,4896,SKU-010,Depot 07
2022-2023,Qtr 1,7296,SKU-010,Depot 07
2022-2023,Qtr 2,4800,SKU-010,Depot 07
2022-2023,Qtr 3,4944,SKU-010,Depot 07
2022-2023,Qtr 4,1632,SKU-010,Depot 07
2023-2024,Qtr 1,192,SKU-010,Depot 07
2023-2024,Qtr 2,144,SKU-010,Depot 07
2023-2024,Qtr 3,5808,SKU-010,Depot 07
2023-2024,Qtr 4,7440,SKU-010,Depot 07
2024-2025,Qtr 2,3792,SKU-010,Depot 07
2024-2025,Qtr 3,1680,SKU-010,Depot 07
2024-2025,Qtr 4,1584,SKU-010,Depot 07
2021-2022,Qtr 1,260,SKU-012,Depot 08
2021-2022,Qtr 2,520,SKU-012,Depot 08
2021-2022,Qtr 3,2140,SKU-012,Depot 08
2021-2022,Qtr 4,140,SKU-012,Depot 08
2022-2023,Qtr 1,1120,SKU-012,Depot 08
2022-2023,Qtr 2,2800,SKU-012,Depot 08
2022-2023,Qtr 3,2920,SKU-012,Depot 08
2022-2023,Qtr 4,1000,SKU-012,Depot 08
2023-2024,Qtr 1,1570,SKU-012,Depot 08
2023-2024,Qtr 2,340,SKU-012,Depot 08
2023-2024,Qtr 3,920,SKU-012,Depot 08
2023-2024,Qtr 4,800,SKU-012,Depot 08
2024-2025,Qtr 2,800,SKU-012,Depot 08
2024-2025,Qtr 3,900,SKU-012,Depot 08
2024-2025,Qtr 4,300,SKU-012,Depot 08
2021-2022,Qtr 1,40,SKU-013,Depot 10
2021-2022,Qtr 2,100,SKU-013,Depot 10
2021-2022,Qtr 3,60,SKU-013,Depot 10
2021-2022,Qtr 4,100,SKU-013,Depot 10
2022-2023,Qtr 1,640,SKU-013,Depot 10
2022-2023,Qtr 2,320,SKU-013,Depot 10
2022-2023,Qtr 3,380,SKU-013,Depot 10
2022-2023,Qtr 4,1360,SKU-013,Depot 10
2023-2024,Qtr 1,60,SKU-013,Depot 10
2023-2024,Qtr 2,380,SKU-013,Depot 10
2023-2024,Qtr 3,980,SKU-013,Depot 10
2023-2024,Qtr 4,800,SKU-013,Depot 10
2024-2025,Qtr 4,280,SKU-013,Depot 10
2021-2022,Qtr 1,9120,SKU-007,Depot 11
2021-2022,Qtr 2,3080,SKU-007,Depot 11
2021-2022,Qtr 3,9360,SKU-007,Depot 11
2021-2022,Qtr 4,15280,SKU-007,Depot 11
2022-2023,Qtr 1,12840,SKU-007,Depot 11
2022-2023,Qtr 2,5610,SKU-007,Depot 11
2022-2023,Qtr 3,11307,SKU-007,Depot 11
2022-2023,Qtr 4,7000,SKU-007,Depot 11
2023-2024,Qtr 1,6000,SKU-007,Depot 11
2023-2024,Qtr 2,2960,SKU-007,Depot 11
2023-2024,Qtr 3,5110,SKU-007,Depot 11
2023-2024,Qtr 4,3000,SKU-007,Depot 11
2024-2025,Qtr 2,2240,SKU-007,Depot 11
2024-2025,Qtr 3,1080,SKU-007,Depot 11
2024-2025,Qtr 4,2480,SKU-007,Depot 11
2021-2022,Qtr 1,600,SKU-008,Depot 15
2021-2022,Qtr 3,960,SKU-008,Depot 15
2021-2022,Qtr 4,320,SKU-008,Depot 15
2022-2023,Qtr 1,1720,SKU-008,Depot 15
2022-2023,Qtr 2,800,SKU-008,Depot 15
2022-2023,Qtr 3,640,SKU-008,Depot 15
2022-2023,Qtr 4,280,SKU-008,Depot 15
2023-2024,Qtr 1,1180,SKU-008,Depot 15
2023-2024,Qtr 3,760,SKU-008,Depot 15
2023-2024,Qtr 4,680,SKU-008,Depot 15
2024-2025,Qtr 2,520,SKU-008,Depot 15
2024-2025,Qtr 3,400,SKU-008,Depot 15
2024-2025,Qtr 4,1600,SKU-008,Depot 15
2021-2022,Qtr 1,6000,SKU-008,Depot 16
2021-2022,Qtr 2,3210,SKU-008,Depot 16
2021-2022,Qtr 3,9362,SKU-008,Depot 16
2021-2022,Qtr 4,3760,SKU-008,Depot 16
2022-2023,Qtr 1,5118,SKU-008,Depot 16
2022-2023,Qtr 2,2480,SKU-008,Depot 16
2022-2023,Qtr 3,4400,SKU-008,Depot 16
2022-2023,Qtr 4,6760,SKU-008,Depot 16
2023-2024,Qtr 1,4885,SKU-008,Depot 16
2023-2024,Qtr 2,2200,SKU-008,Depot 16
2023-2024,Qtr 3,3457,SKU-008,Depot 16
2023-2024,Qtr 4,5037,SKU-008,Depot 16
2024-2025,Qtr 2,1480,SKU-008,Depot 16
2024-2025,Qtr 3,11701,SKU-008,Depot 16
2024-2025,Qtr 4,3900,SKU-008,Depot 16
2024-2025,Qtr 1,52520,SKU-001,Depot 01
2024-2025,Qtr 1,177140,SKU-001,Depot 02
2024-2025,Qtr 1,29520,SKU-001,Depot 03
2024-2025,Qtr 1,80180,SKU-001,Depot 04
2024-2025,Qtr 1,70870,SKU-001,Depot 05
2024-2025,Qtr 1,5160,SKU-001,Depot 06
2024-2025,Qtr 1,42120,SKU-001,Depot 07
2024-2025,Qtr 1,24680,SKU-001,Depot 08
2024-2025,Qtr 1,87276,SKU-001,Depot 09
2024-2025,Qtr 1,2960,SKU-001,Depot 10
2024-2025,Qtr 1,333580,SKU-001,Depot 11
2024-2025,Qtr 1,127780,SKU-001,Depot 12
2024-2025,Qtr 1,2552210,SKU-001,Depot 13
2024-2025,Qtr 1,164640,SKU-001,Depot 14
2024-2025,Qtr 1,25020,SKU-001,Depot 15
2024-2025,Qtr 1,104510,SKU-001,Depot 16
2024-2025,Qtr 1,894689,SKU-001,Depot 17
2024-2025,Qtr 1,18080,SKU-002,Depot 01
2024-2025,Qtr 1,34680,SKU-002,Depot 02
2024-2025,Qtr 1,49190,SKU-002,Depot 03
2024-2025,Qtr 1,58380,SKU-002,Depot 04
2024-2025,Qtr 1,28380,SKU-002,Depot 05
2024-2025,Qtr 1,4530,SKU-002,Depot 06
2024-2025,Qtr 1,34390,SKU-002,Depot 07
2024-2025,Qtr 1,3980,SKU-002,Depot 08
2024-2025,Qtr 1,24100,SKU-002,Depot 09
2024-2025,Qtr 1,8940,SKU-002,Depot 10
2024-2025,Qtr 1,46300,SKU-002,Depot 11
2024-2025,Qtr 1,17940,SKU-002,Depot 12
2024-2025,Qtr 1,193790,SKU-002,Depot 13
2024-2025,Qtr 1,49340,SKU-002,Depot 14
2024-2025,Qtr 1,8000,SKU-002,Depot 15
2024-2025,Qtr 1,47460,SKU-002,Depot 16
2024-2025,Qtr 1,96940,SKU-002,Depot 17
2024-2025,Qtr 1,3240,SKU-003,Depot 01
2024-2025,Qtr 1,6080,SKU-003,Depot 02
2024-2025,Qtr 1,2720,SKU-003,Depot 04
2024-2025,Qtr 1,1020,SKU-003,Depot 06
2024-2025,Qtr 1,1520,SKU-003,Depot 07
2024-2025,Qtr 1,2800,SKU-003,Depot 08
2024-2025,Qtr 1,6840,SKU-003,Depot 09
2024-2025,Qtr 1,320,SKU-003,Depot 10
2024-2025,Qtr 1,28640,SKU-003,Depot 11
2024-2025,Qtr 1,9720,SKU-003,Depot 12
2024-2025,Qtr 1,104965,SKU-003,Depot 13
2024-2025,Qtr 1,19240,SKU-003,Depot 14
2024-2025,Qtr 1,1680,SKU-003,Depot 15
2024-2025,Qtr 1,2280,SKU-003,Depot 16
2024-2025,Qtr 1,23240,SKU-003,Depot 17
2024-2025,Qtr 1,22040,SKU-004,Depot 02
2024-2025,Qtr 1,2240,SKU-004,Depot 04
2024-2025,Qtr 1,8780,SKU-004,Depot 07
2024-2025,Qtr 1,560,SKU-004,Depot 08
2024-2025,Qtr 1,40,SKU-004,Depot 10
2024-2025,Qtr 1,26950,SKU-004,Depot 11
2024-2025,Qtr 1,8680,SKU-004,Depot 13
2024-2025,Qtr 1,20100,SKU-004,Depot 14
2024-2025,Qtr 1,1240,SKU-004,Depot 15
2024-2025,Qtr 1,4520,SKU-004,Depot 16
2024-2025,Qtr 1,76830,SKU-004,Depot 17
2024-2025,Qtr 1,10080,SKU-005,Depot 01
2024-2025,Qtr 1,6320,SKU-005,Depot 03
2024-2025,Qtr 1,1240,SKU-005,Depot 05
2024-2025,Qtr 1,3980,SKU-005,Depot 09
2024-2025,Qtr 1,57520,SKU-005,Depot 12
2024-2025,Qtr 1,15120,SKU-005,Depot 14
2024-2025,Qtr 1,64720,SKU-006,Depot 05
2024-2025,Qtr 1,13340,SKU-006,Depot 06
2024-2025,Qtr 1,17180,SKU-006,Depot 09
2024-2025,Qtr 1,16040,SKU-006,Depot 12
2024-2025,Qtr 1,47600,SKU-006,Depot 13
2024-2025,Qtr 1,94145,SKU-006,Depot 17
2024-2025,Qtr 1,4040,SKU-007,Depot 01
2024-2025,Qtr 1,10480,SKU-008,Depot 02
2024-2025,Qtr 1,5120,SKU-007,Depot 03
2024-2025,Qtr 1,800,SKU-009,Depot 03
2024-2025,Qtr 1,2400,SKU-010,Depot 04
2024-2025,Qtr 1,8645,SKU-011,Depot 05
2024-2025,Qtr 1,192,SKU-010,Depot 07
2024-2025,Qtr 1,1570,SKU-012,Depot 08
2024-2025,Qtr 1,60,SKU-013,Depot 10
2024-2025,Qtr 1,6000,SKU-007,Depot 11
2024-2025,Qtr 1,1180,SKU-008,Depot 15
2024-2025,Qtr 1,4885,SKU-008,Depot 16
