Dates,Final downtime,final running hours,Target Production,Cavity count,Mold id,Device,Cycle Time,MU,Rejection,Actual PRD,Performance,Availability,Quality
05-10-2024,1,23,6066,2,Plate 4 module,SH-150TC,27.3,23,13,6348,104.65,95.83333333,99.79521109
18-09-2024,1,23,6066,2,Plate 4 module,SH-150TC,27.3,23,40,6257,103.1498188,95.83333333,99.360716
12-09-2024,1,23,6066,2,Plate 4 module,SH-150TC,27.3,23,50,6480,106.826087,95.83333333,99.22839506
11-09-2024,1,23,6066,2,Plate 4 module,SH-150TC,27.3,23,5,6639,109.4472826,95.83333333,99.92468745
06-09-2024,1,23,6066,2,Plate 4 module,SH-150TC,27.3,23,16,6171,101.7320652,95.83333333,99.74072274
05-09-2024,1,23,6066,2,Plate 4 module,SH-150TC,27.3,23,27,6268,103.3311594,95.83333333,99.56924059
28-08-2024,1,23,7886,2,Plate 3 module,SH-150TC,21,23,34,7230,91.68478261,95.83333333,99.52973721
22-08-2024,1,23,7886,2,Plate 3 module,SH-150TC,21,23,22,7760,98.4057971,95.83333333,99.71649485
21-08-2024,1,23,7886,2,Plate 3 module,SH-150TC,21,23,10,7696,97.5942029,95.83333333,99.87006237
17-08-2024,1,23,7886,2,Plate 3 module,SH-150TC,21,23,75,7649,96.99818841,95.83333333,99.01947967
14-08-2024,1,23,7886,2,Plate 3 module,SH-150TC,21,23,17,3872,49.10144928,95.83333333,99.56095041
12-08-2024,1,23,7886,2,Plate 3 module,SH-150TC,21,23,66,7512,95.26086957,95.83333333,99.12140575
08-08-2024,1,23,7886,2,Plate 3 module,SH-150TC,21,23,101,7592,96.27536232,95.83333333,98.66965227
03-07-2024,1,23,7886,2,Plate 3 module,SH-150TC,21,23,24,4860,61.63043478,95.83333333,99.50617284
29-06-2024,1,23,7886,2,Plate 3 module,SH-150TC,21,23,89,4710,59.72826087,95.83333333,98.1104034
19-06-2024,1,23,7886,2,Plate 3 module,SH-150TC,21,23,24,7090,89.90942029,95.83333333,99.66149506
10-06-2024,1,23,7886,2,Plate 3 module,SH-150TC,21,23,52,7246,91.88768116,95.83333333,99.28236268
08-06-2024,1,23,7886,2,Plate 3 module,SH-150TC,21,23,70,6884,87.29710145,95.83333333,98.98314933
05-06-2024,1,23,7886,2,Plate 3 module,SH-150TC,21,23,33,7384,93.63768116,95.83333333,99.55308776
04-09-2024,1,23,6369,2,Frame 6 Module,SH-150TB,26,23,0,6472,101.6135266,95.83333333,100
28-08-2024,1,23,6369,2,Frame 6 Module,SH-150TB,26,23,10,6094,95.67874396,95.83333333,99.83590417
22-08-2024,1,23,6369,2,Frame 6 Module,SH-150TB,26,23,5,6314,99.13285024,95.83333333,99.9208109
05-08-2024,1,23,6369,2,Frame 6 Module,SH-150TB,26,23,8,5668,88.99033816,95.83333333,99.85885674
03-07-2024,1,23,8078,2,Frame 3 Module,SH-150TB,20.5,23,0,7704,95.36956522,95.83333333,100
29-06-2024,1,23,8078,2,Frame 3 Module,SH-150TB,20.5,23,0,7888,97.647343,95.83333333,100
25-06-2024,1,23,8078,2,Frame 3 Module,SH-150TB,20.5,23,0,7790,96.43417874,95.83333333,100
24-06-2024,1,23,8078,2,Frame 3 Module,SH-150TB,20.5,23,8,8010,99.1576087,95.83333333,99.90012484
19-06-2024,1,23,8078,2,Frame 3 Module,SH-150TB,20.5,23,0,8100,100.2717391,95.83333333,100
12-06-2024,1,23,8078,2,Frame 3 Module,SH-150TB,20.5,23,10,7906,97.87016908,95.83333333,99.87351379
11-06-2024,1,23,8078,2,Frame 3 Module,SH-150TB,20.5,23,1,8030,99.40519324,95.83333333,99.9875467
10-06-2024,1,23,8078,2,Frame 3 Module,SH-150TB,20.5,23,5,7874,97.47403382,95.83333333,99.93649987
08-06-2024,1,23,8078,2,Frame 3 Module,SH-150TB,20.5,23,0,7362,91.13586957,95.83333333,100
04-06-2024,1,23,8078,2,Frame 3 Module,SH-150TB,20.5,23,0,4295,53.16878019,95.83333333,100
31-05-2024,1,23,8078,2,Frame 3 Module,SH-150TB,20.5,23,0,7288,90.21980676,95.83333333,100
19-10-2024,1,23,5831,2,Plate 8 module,SH-150TE,28.4,23,45,5778,99.09130435,95.83333333,99.2211838
17-10-2024,1,23,5831,2,Plate 8 module,SH-150TE,28.4,23,30,5907,101.3036232,95.83333333,99.49212798
16-10-2024,1,23,5831,2,Plate 8 module,SH-150TE,28.4,23,20,5818,99.77729469,95.83333333,99.65623926
03-07-2024,1,23,5831,2,Plate 8 module,SH-150TE,28.4,23,4,6200,106.3285024,95.83333333,99.93548387
02-07-2024,1,23,5831,2,Plate 8 module,SH-150TE,28.4,23,0,6320,108.3864734,95.83333333,100
01-07-2024,1,23,5831,2,Plate 8 module,SH-150TE,28.4,23,4,6302,108.0777778,95.83333333,99.93652809
29-10-2024,1,23,8078,2,Frame 3 Module,SH-150TD,20.5,23,9,6184,76.5531401,95.83333333,99.85446313
28-10-2024,1,23,8078,2,Frame 3 Module,SH-150TD,20.5,23,25,6316,78.18719807,95.83333333,99.60417986
27-10-2024,1,23,8078,2,Frame 3 Module,SH-150TD,20.5,23,40,6210,76.875,95.83333333,99.35587762
28-09-2024,1,23,4600,2,Icearbud,SH-150TD,36,23,30,9244,200.9565217,95.83333333,99.67546517
27-09-2024,1,23,4600,2,Icearbud,SH-150TD,36,23,28,8984,195.3043478,95.83333333,99.68833482
25-09-2024,1,23,4600,2,Icearbud,SH-150TD,36,23,34,3930,85.43478261,95.83333333,99.13486005
02-08-2024,1,23,5831,2,Plate 8 module,SH-150TD,28.4,23,60,6336,108.6608696,95.83333333,99.0530303
01-08-2024,1,23,5831,2,Plate 8 module,SH-150TD,28.4,23,88,6280,107.7004831,95.83333333,98.59872611
11-07-2024,1,23,6369,2,Frame 8m,SH-150TD,26,23,6,5058,79.41304348,95.83333333,99.88137604
08-07-2024,1,23,6369,2,Frame 8m,SH-150TD,26,23,18,6278,98.56763285,95.83333333,99.71328449
02-07-2024,1,23,6369,2,Frame 8m,SH-150TD,26,23,0,6012,94.39130435,95.83333333,100
01-07-2024,1,23,6369,2,Frame 8m,SH-150TD,26,23,30,6122,96.11835749,95.83333333,99.50996406
25-06-2024,1,23,6369,2,Frame 8m,SH-150TD,26,23,0,5770,90.59178744,95.83333333,100
24-06-2024,1,23,6369,2,Frame 8m,SH-150TD,26,23,4,5958,93.54347826,95.83333333,99.93286338
18-06-2024,1,23,6369,2,Frame 8m,SH-150TD,26,23,6,5746,90.21497585,95.83333333,99.89557953
10-06-2024,1,23,6369,2,Frame 8m,SH-150TD,26,23,0,5726,89.90096618,95.83333333,100
06-06-2024,1,23,6369,2,Frame 8m,SH-150TD,26,23,9,5250,82.42753623,95.83333333,99.82857143
06-09-2024,1,23,6369,2,Frame 4 Module,SH-150TA,26,23,0,6566,103.089372,95.83333333,100
05-09-2024,1,23,6369,2,Frame 4 Module,SH-150TA,26,23,0,6618,103.9057971,95.83333333,100
04-09-2024,1,23,6369,2,Frame 4 Module,SH-150TA,26,23,0,6640,104.2512077,95.83333333,100
28-08-2024,1,23,8078,2,Frame 3 Module,SH-150TA,20.5,23,8,7370,91.23490338,95.83333333,99.89145183
22-08-2024,1,23,8078,2,Frame 3 Module,SH-150TA,20.5,23,0,7744,95.8647343,95.83333333,100
21-08-2024,1,23,8078,2,Frame 3 Module,SH-150TA,20.5,23,0,7724,95.61714976,95.83333333,100
20-08-2024,1,23,8078,2,Frame 3 Module,SH-150TA,20.5,23,24,7460,92.34903382,95.83333333,99.67828418
03-07-2024,1,23,6066,2,Plate 4 module,SH-150TA,27.3,23,34,7058,116.3547101,95.83333333,99.51827713
29-06-2024,1,23,6066,2,Plate 4 module,SH-150TA,27.3,23,40,6218,102.5068841,95.83333333,99.35670634
26-06-2024,1,23,6066,2,Plate 4 module,SH-150TA,27.3,23,104,6418,105.8039855,95.83333333,98.37955749
22-06-2024,1,23,6066,2,Plate 4 module,SH-150TA,27.3,23,33,6476,106.7601449,95.83333333,99.49042619
21-06-2024,1,23,6066,2,Plate 4 module,SH-150TA,27.3,23,33,6330,104.3532609,95.83333333,99.47867299
20-06-2024,1,23,6066,2,Plate 4 module,SH-150TA,27.3,23,60,6558,108.1119565,95.83333333,99.08508692
06-06-2024,1,23,6369,2,Frame 4 Module,SH-150TA,26,23,2,6180,97.02898551,95.83333333,99.96763754
31-05-2024,1,23,6369,2,Frame 4 Module,SH-150TA,26,23,0,6806,106.8574879,95.83333333,100
26-10-2024,19,5,1319,2,Plate 4 module,SH-150TC,27.3,5,16,1450,109.9583333,20.83333333,98.89655172
25-10-2024,11,13,3429,2,Plate 4 module,SH-150TC,27.3,13,28,4010,116.9583333,54.16666667,99.30174564
24-10-2024,3,21,5538,2,Plate 4 module,SH-150TC,27.3,21,55,6063,109.4708333,87.5,99.09285832
23-10-2024,2,22,5802,2,Plate 4 module,SH-150TC,27.3,22,44,6308,108.7174242,91.66666667,99.30247305
22-10-2024,18,6,1582,2,Plate 4 module,SH-150TC,27.3,6,10,1644,103.8916667,25,99.39172749
19-10-2024,13,11,2901,2,Plate 4 module,SH-150TC,27.3,11,13,3266,112.5780303,45.83333333,99.60195958
18-10-2024,15,9,2374,2,Plate 4 module,SH-150TC,27.3,9,12,2564,108.0203704,37.5,99.53198128
17-10-2024,7,17,4484,2,Plate 4 module,SH-150TC,27.3,17,34,4826,107.6387255,70.83333333,99.2954828
16-10-2024,13,11,2901,2,Plate 4 module,SH-150TC,27.3,11,41,3138,108.1659091,45.83333333,98.69343531
15-10-2024,13,11,2901,2,Plate 4 module,SH-150TC,27.3,11,49,3160,108.9242424,45.83333333,98.44936709
14-10-2024,9,15,3956,2,Plate 4 module,SH-150TC,27.3,15,34,4178,105.6105556,62.5,99.1862135
08-10-2024,12,12,3165,2,Plate 4 module,SH-150TC,27.3,12,13,3240,102.375,50,99.59876543
07-10-2024,2,22,5802,2,Plate 4 module,SH-150TC,27.3,22,42,5998,103.3746212,91.66666667,99.29976659
04-10-2024,4,20,6857,2,Plate 3 module,SH-150TC,21,20,24,5764,84.05833333,83.33333333,99.58362248
03-10-2024,2,22,7543,2,Plate 3 module,SH-150TC,21,22,12,7078,93.83712121,91.66666667,99.83046058
01-10-2024,2,22,7543,2,Plate 3 module,SH-150TC,21,22,44,6954,92.19318182,91.66666667,99.36727064
30-09-2024,4,20,6857,2,Plate 3 module,SH-150TC,21,20,37,6252,91.175,83.33333333,99.40818938
28-09-2024,12,12,3165,2,Plate 4 module,SH-150TC,27.3,12,41,3243,102.4697917,50,98.73573851
24-09-2024,15,9,2374,2,Plate 4 module,SH-150TC,27.3,9,16,2620,110.3796296,37.5,99.38931298
23-09-2024,12,12,3165,2,Plate 4 module,SH-150TC,27.3,12,20,3078,97.25625,50,99.35022742
21-09-2024,2,22,5802,2,Plate 4 module,SH-150TC,27.3,22,16,6140,105.8219697,91.66666667,99.73941368
20-09-2024,12,12,3165,2,Plate 4 module,SH-150TC,27.3,12,30,3170,100.1631944,50,99.05362776
19-09-2024,17,7,1846,2,Plate 4 module,SH-150TC,27.3,7,10,4271,231.3458333,29.16666667,99.7658628
17-09-2024,13,11,2901,2,Plate 4 module,SH-150TC,27.3,11,30,5782,199.3037879,45.83333333,99.48114839
16-09-2024,13,11,2901,2,Plate 4 module,SH-150TC,27.3,11,44,4576,157.7333333,45.83333333,99.03846154
15-09-2024,13,11,2901,2,Plate 4 module,SH-150TC,27.3,11,48,2976,102.5818182,45.83333333,98.38709677
14-09-2024,12,12,3165,2,Plate 4 module,SH-150TC,27.3,12,8,3282,103.7020833,50,99.75624619
13-09-2024,11,13,3429,2,Plate 4 module,SH-150TC,27.3,13,16,3422,99.80833333,54.16666667,99.53243717
10-09-2024,2,22,5802,2,Plate 4 module,SH-150TC,27.3,22,28,6186,106.6147727,91.66666667,99.54736502
09-09-2024,2,22,5802,2,Plate 4 module,SH-150TC,27.3,22,40,6114,105.3738636,91.66666667,99.34576382
04-09-2024,2,22,5802,2,Plate 4 module,SH-150TC,27.3,22,38,6058,104.4087121,91.66666667,99.37273027
03-09-2024,5,19,5011,2,Plate 4 module,SH-150TC,27.3,19,31,5106,101.8960526,79.16666667,99.39287113
02-09-2024,3,21,5538,2,Plate 4 module,SH-150TC,27.3,21,33,6986,126.1361111,87.5,99.52762668
31-08-2024,8,16,5486,2,Plate 3 module,SH-150TC,21,16,20,7771,141.6588542,66.66666667,99.74263287
30-08-2024,0,24,8229,2,Plate 3 module,SH-150TC,21,24,14,7936,96.44444444,100,99.82358871
29-08-2024,0,24,8229,2,Plate 3 module,SH-150TC,21,24,14,7966,96.80902778,100,99.82425308
24-08-2024,0,24,8229,2,Plate 3 module,SH-150TC,21,24,13,7830,95.15625,100,99.8339719
23-08-2024,0,24,8229,2,Plate 3 module,SH-150TC,21,24,22,7957,96.69965278,100,99.72351389
20-08-2024,2,22,7543,2,Plate 3 module,SH-150TC,21,22,56,7234,95.90530303,91.66666667,99.2258778
16-08-2024,3,21,7200,2,Plate 3 module,SH-150TC,21,21,29,3244,45.05555556,87.5,99.10604192
13-08-2024,0,24,8229,2,Plate 3 module,SH-150TC,21,24,48,8210,99.77430556,100,99.41534714
11-08-2024,22,2,686,2,Plate 3 module,SH-150TC,21,2,0,0,0,8.333333333,#DIV/0!
10-08-2024,0,24,8229,2,Plate 3 module,SH-150TC,21,24,40,7686,93.40625,100,99.47957325
09-08-2024,0,24,8229,2,Plate 3 module,SH-150TC,21,24,38,7296,88.66666667,100,99.47916667
07-08-2024,24,0,0,2,LOWERCOVERSHELL,SH-150TC,50,0,0,0,#DIV/0!,0,#DIV/0!
05-08-2024,16,8,1152,2,LOWERCOVERSHELL,SH-150TC,50,8,20,1116,96.875,33.33333333,98.2078853
03-08-2024,9,15,2160,2,LOWERCOVERSHELL,SH-150TC,50,15,40,3910,181.0185185,62.5,98.9769821
02-08-2024,11,13,1872,2,LOWERCOVERSHELL,SH-150TC,50,13,12,2676,142.9487179,54.16666667,99.55156951
06-07-2024,23,1,343,2,Plate 3 module,SH-150TC,21,1,0,0,0,4.166666667,#DIV/0!
04-07-2024,8,16,5486,2,Plate 3 module,SH-150TC,21,16,34,5150,93.88020833,66.66666667,99.33980583
02-07-2024,2,22,7543,2,Plate 3 module,SH-150TC,21,22,52,7184,95.24242424,91.66666667,99.27616927
01-07-2024,2,22,7543,2,Plate 3 module,SH-150TC,21,22,20,4166,55.23106061,91.66666667,99.51992319
30-06-2024,13,11,3771,2,Plate 3 module,SH-150TC,21,11,38,3480,92.27272727,45.83333333,98.90804598
27-06-2024,4,20,6857,2,Plate 3 module,SH-150TC,21,20,42,6676,97.35833333,83.33333333,99.37088077
26-06-2024,2,22,7543,2,Plate 3 module,SH-150TC,21,22,64,7860,104.2045455,91.66666667,99.18575064
25-06-2024,5,19,6514,2,Plate 3 module,SH-150TC,21,19,156,6134,94.1622807,79.16666667,97.45679817
24-06-2024,4,20,6857,2,Plate 3 module,SH-150TC,21,20,200,6546,95.4625,83.33333333,96.94469905
22-06-2024,0,24,8229,2,Plate 3 module,SH-150TC,21,24,43,7076,85.99305556,100,99.39231204
21-06-2024,2,22,7543,2,Plate 3 module,SH-150TC,21,22,66,6558,86.94318182,91.66666667,98.99359561
20-06-2024,3,21,7200,2,Plate 3 module,SH-150TC,21,21,34,6576,91.33333333,87.5,99.48296837
18-06-2024,2,22,7543,2,Plate 3 module,SH-150TC,21,22,67,6688,88.66666667,91.66666667,98.99820574
17-06-2024,2,22,7543,2,Plate 3 module,SH-150TC,21,22,46,7034,93.25378788,91.66666667,99.34603355
16-06-2024,22,2,686,2,Plate 3 module,SH-150TC,21,2,50,7204,1050.583333,8.333333333,99.30594114
15-06-2024,20,4,1371,2,Plate 3 module,SH-150TC,21,4,34,7016,511.5833333,16.66666667,99.51539339
13-06-2024,18,6,2057,2,Plate 3 module,SH-150TC,21,6,16,6980,339.3055556,25,99.77077364
12-06-2024,2,22,7543,2,Plate 3 module,SH-150TC,21,22,49,6934,91.9280303,91.66666667,99.29333718
11-06-2024,3,21,7200,2,Plate 3 module,SH-150TC,21,21,307,6314,87.69444444,87.5,95.13778904
07-06-2024,4,20,6857,2,Plate 3 module,SH-150TC,21,20,39,6208,90.53333333,83.33333333,99.37177835
06-06-2024,2,22,7543,2,Plate 3 module,SH-150TC,21,22,35,6558,86.94318182,91.66666667,99.4663007
04-06-2024,2,22,7543,2,Plate 3 module,SH-150TC,21,22,70,7266,96.32954545,91.66666667,99.03660886
03-06-2024,2,22,7543,2,Plate 3 module,SH-150TC,21,22,47,7310,96.91287879,91.66666667,99.35704514
01-06-2024,7,17,5829,2,Plate 3 module,SH-150TC,21,17,15,5833,100.0759804,70.83333333,99.74284245
10-09-2024,14,10,2769,2,Frame 6 Module,SH-150TB,26,10,41,2522,91.07222222,41.66666667,98.37430611
06-09-2024,20,4,1108,2,Frame 6 Module,SH-150TB,26,4,0,1018,91.90277778,16.66666667,100
05-09-2024,2,22,6092,2,Frame 6 Module,SH-150TB,26,22,0,5940,97.5,91.66666667,100
03-09-2024,0,24,6646,2,Frame 6 Module,SH-150TB,26,24,0,6500,97.80092593,100,100
02-09-2024,2,22,6092,2,Frame 6 Module,SH-150TB,26,22,23,5834,95.76010101,91.66666667,99.60575934
31-08-2024,24,0,0,2,Frame 6 Module,SH-150TB,26,0,3,6188,#DIV/0!,0,99.95151907
30-08-2024,24,0,0,2,Frame 6 Module,SH-150TB,26,0,1,6350,#DIV/0!,0,99.98425197
29-08-2024,0,24,6646,2,Frame 6 Module,SH-150TB,26,24,2,6596,99.24537037,100,99.96967859
24-08-2024,0,24,6646,2,Frame 6 Module,SH-150TB,26,24,1,6522,98.13194444,100,99.98466728
23-08-2024,0,24,6646,2,Frame 6 Module,SH-150TB,26,24,0,6620,99.60648148,100,100
21-08-2024,4,20,5538,2,Frame 6 Module,SH-150TB,26,20,0,5488,99.08888889,83.33333333,100
20-08-2024,2,22,6092,2,Frame 6 Module,SH-150TB,26,22,15,5902,96.87626263,91.66666667,99.74584886
17-08-2024,0,24,6646,2,Frame 6 Module,SH-150TB,26,24,2,6358,95.66435185,100,99.96854357
16-08-2024,3,21,5815,2,Frame 6 Module,SH-150TB,26,21,4,2692,46.29100529,87.5,99.85141159
14-08-2024,0,24,6646,2,Frame 6 Module,SH-150TB,26,24,0,3386,50.94675926,100,100
13-08-2024,0,24,6646,2,Frame 6 Module,SH-150TB,26,24,0,6768,101.8333333,100,100
12-08-2024,0,24,6646,2,Frame 6 Module,SH-150TB,26,24,8,6654,100.1180556,100,99.87977157
10-08-2024,12,12,3323,2,Frame 6 Module,SH-150TB,26,12,4,3300,99.30555556,50,99.87878788
09-08-2024,11,13,3600,2,Frame 6 Module,SH-150TB,26,13,2,3386,94.05555556,54.16666667,99.94093325
08-08-2024,0,24,6646,2,Frame 6 Module,SH-150TB,26,24,4,6632,99.78703704,100,99.93968637
07-08-2024,0,24,6646,2,Frame 6 Module,SH-150TB,26,24,0,6548,98.52314815,100,100
06-08-2024,24,0,0,2,Frame 6 Module,SH-150TB,26,0,0,6558,#DIV/0!,0,100
03-08-2024,6,18,4985,2,Frame 6 Module,SH-150TB,26,18,2,6440,129.1975309,75,99.9689441
02-08-2024,0,24,6646,2,Frame 6 Module,SH-150TB,26,24,2,6692,100.6898148,100,99.97011357
01-08-2024,2,22,6092,2,Frame 6 Module,SH-150TB,26,22,4,6344,104.1313131,91.66666667,99.9369483
11-07-2024,13,11,3863,2,Frame 3 Module,SH-150TB,20.5,11,0,3292,85.20959596,45.83333333,100
10-07-2024,13,11,3863,2,Frame 3 Module,SH-150TB,20.5,11,0,3292,85.20959596,45.83333333,100
06-07-2024,22,2,702,2,Frame 3 Module,SH-150TB,20.5,2,0,0,0,8.333333333,#DIV/0!
04-07-2024,8,16,5620,2,Frame 3 Module,SH-150TB,20.5,16,0,5278,93.92274306,66.66666667,100
02-07-2024,13,11,3863,2,Frame 3 Module,SH-150TB,20.5,11,0,3678,95.20075758,45.83333333,100
27-06-2024,3,21,7376,2,Frame 3 Module,SH-150TB,20.5,21,0,6928,93.93121693,87.5,100
26-06-2024,0,24,8429,2,Frame 3 Module,SH-150TB,20.5,24,0,8250,97.87326389,100,100
22-06-2024,0,24,8429,2,Frame 3 Module,SH-150TB,20.5,24,0,8148,96.66319444,100,100
21-06-2024,0,24,8429,2,Frame 3 Module,SH-150TB,20.5,24,0,8080,95.85648148,100,100
20-06-2024,24,0,0,2,Frame 3 Module,SH-150TB,20.5,0,8,8266,#DIV/0!,0,99.903218
18-06-2024,2,22,7727,2,Frame 3 Module,SH-150TB,20.5,22,0,7292,94.37247475,91.66666667,100
17-06-2024,3,21,7376,2,Frame 3 Module,SH-150TB,20.5,21,3,7210,97.75462963,87.5,99.95839112
16-06-2024,20,4,1405,2,Frame 3 Module,SH-150TB,20.5,4,4,4092,291.2708333,16.66666667,99.90224829
07-06-2024,4,20,7024,2,Frame 3 Module,SH-150TB,20.5,20,1,4199,59.77743056,83.33333333,99.97618481
06-06-2024,2,22,7727,2,Frame 3 Module,SH-150TB,20.5,22,12,3601,46.60385101,91.66666667,99.66675923
03-06-2024,10,14,4917,2,Frame 3 Module,SH-150TB,20.5,14,89,3413,69.41121032,58.33333333,97.39232347
01-06-2024,15,9,3161,2,Frame 3 Module,SH-150TB,20.5,9,0,2630,83.20216049,37.5,100
30-10-2024,11,13,3429,2,Plate 4 module,SH-150TE,27.3,13,13,3168,92.4,54.16666667,99.58964646
29-10-2024,9,15,3956,2,Plate 4 module,SH-150TE,27.3,15,40,3886,98.22944444,62.5,98.97066392
28-10-2024,2,22,5802,2,Plate 4 module,SH-150TE,27.3,22,37,6667,114.9047348,91.66666667,99.44502775
27-10-2024,3,21,5538,2,Plate 4 module,SH-150TE,27.3,21,36,6752,121.9111111,87.5,99.46682464
26-10-2024,20,4,1055,2,Plate 4 module,SH-150TE,27.3,4,45,3812,361.3458333,16.66666667,98.81951731
23-10-2024,20,4,1055,2,Plate 4 module,SH-150TE,27.3,4,26,3642,345.23125,16.66666667,99.28610653
22-10-2024,23,1,200,2,Icearbud,SH-150TE,36,1,0,0,0,4.166666667,#DIV/0!
21-10-2024,13,11,2200,2,Icearbud,SH-150TE,36,11,10,2882,131,45.83333333,99.65301874
20-10-2024,3,21,5324,2,Plate 8 module,SH-150TE,28.4,21,34,5280,99.17460317,87.5,99.35606061
18-10-2024,4,20,5070,2,Plate 8 module,SH-150TE,28.4,20,45,5691,112.2391667,83.33333333,99.20927781
15-10-2024,7,17,4310,2,Plate 8 module,SH-150TE,28.4,17,41,4040,93.73856209,70.83333333,98.98514851
08-10-2024,21,3,761,2,Plate 8 module,SH-150TE,28.4,3,34,538,70.73703704,12.5,93.6802974
07-10-2024,21,3,1029,2,Plate 3 module,SH-150TE,21,3,25,818,79.52777778,12.5,96.94376528
05-10-2024,20,4,1371,2,Plate 3 module,SH-150TE,21,4,10,572,41.70833333,16.66666667,98.25174825
09-08-2024,22,2,527,2,Plate 4 module,SH-150TE,27.3,2,0,0,0,8.333333333,#DIV/0!
06-07-2024,24,0,0,2,Plate 8 module,SH-150TE,28.4,0,0,0,#DIV/0!,0,#DIV/0!
04-07-2024,8,16,4056,2,Plate 8 module,SH-150TE,28.4,16,0,3894,95.99791667,66.66666667,100
30-10-2024,9,15,5268,2,Frame 3 Module,SH-150TD,20.5,15,10,3902,74.06574074,62.5,99.74372117
26-10-2024,4,20,7024,2,Frame 3 Module,SH-150TD,20.5,20,39,5329,75.86423611,83.33333333,99.26815538
25-10-2024,10,14,4917,2,Frame 3 Module,SH-150TD,20.5,14,41,3882,78.94940476,58.33333333,98.94384338
24-10-2024,9,15,5268,2,Frame 3 Module,SH-150TD,20.5,15,8,4967,94.28101852,62.5,99.83893698
22-10-2024,21,3,864,2,Drum,SH-150TD,25,3,20,490,56.71296296,12.5,95.91836735
21-10-2024,16,8,2304,2,Drum,SH-150TD,25,8,42,365,15.84201389,33.33333333,88.49315068
20-10-2024,24,0,0,2,Drum,SH-150TD,25,0,0,0,#DIV/0!,0,#DIV/0!
19-10-2024,23,1,288,2,Drum,SH-150TD,25,1,0,0,0,4.166666667,#DIV/0!
18-10-2024,20,4,1152,2,Drum,SH-150TD,25,4,40,818,71.00694444,16.66666667,95.11002445
10-10-2024,20,4,1152,2,Drum,SH-150TD,25,4,0,766,66.49305556,16.66666667,100
09-10-2024,5,19,5472,2,Drum,SH-150TD,25,19,10,4206,76.86403509,79.16666667,99.76224441
08-10-2024,13,11,3168,2,Drum,SH-150TD,25,11,12,2178,68.75,45.83333333,99.44903581
07-10-2024,19,5,1440,2,Drum,SH-150TD,25,5,40,1924,133.6111111,20.83333333,97.92099792
05-10-2024,23,1,288,2,Drum,SH-150TD,25,1,0,0,0,4.166666667,#DIV/0!
01-10-2024,23,1,200,2,Icearbud,SH-150TD,36,1,0,0,0,4.166666667,#DIV/0!
26-09-2024,2,22,4400,2,Icearbud,SH-150TD,36,22,30,8657,196.75,91.66666667,99.65345963
24-09-2024,16,8,1600,2,Icearbud,SH-150TD,36,8,42,2414,150.875,33.33333333,98.26014913
21-09-2024,12,12,2400,2,Icearbud,SH-150TD,36,12,28,2122,88.41666667,50,98.6804901
30-08-2024,24,0,0,2,Plate 8 module,SH-150TD,28.4,0,0,0,#DIV/0!,0,#DIV/0!
08-08-2024,15,9,2282,2,Plate 8 module,SH-150TD,28.4,9,20,2350,102.9938272,37.5,99.14893617
07-08-2024,0,24,6085,2,Plate 8 module,SH-150TD,28.4,24,55,6624,108.8666667,100,99.16968599
06-08-2024,0,24,6085,2,Plate 8 module,SH-150TD,28.4,24,44,6550,107.650463,100,99.32824427
05-08-2024,2,22,5577,2,Plate 8 module,SH-150TD,28.4,22,57,5438,97.49949495,91.66666667,98.95182052
04-08-2024,23,1,254,2,Plate 8 module,SH-150TD,28.4,1,0,0,0,4.166666667,#DIV/0!
03-08-2024,6,18,4563,2,Plate 8 module,SH-150TD,28.4,18,32,6279,137.5953704,75,99.49036471
12-07-2024,17,7,1938,2,Frame 8m,SH-150TD,26,7,4,1034,53.34126984,29.16666667,99.6131528
10-07-2024,5,19,5262,2,Frame 8m,SH-150TD,26,19,0,5058,96.13157895,79.16666667,100
09-07-2024,14,11,2769,2,Frame 8m,SH-150TD,26,10,8,2432,87.82222222,41.66666667,99.67105263
07-07-2024,23,1,277,2,Frame 8m,SH-150TD,26,1,0,0,0,4.166666667,#DIV/0!
06-07-2024,4,20,5538,2,Frame 8m,SH-150TD,26,20,42,5402,97.53611111,83.33333333,99.22251018
04-07-2024,14,10,2769,2,Frame 8m,SH-150TD,26,10,16,2562,92.51666667,41.66666667,99.3754879
03-07-2024,19,5,1385,2,Frame 8m,SH-150TD,26,5,7,5972,431.3111111,20.83333333,99.88278634
29-06-2024,11,13,3600,2,Frame 8m,SH-150TD,26,13,6,2946,81.83333333,54.16666667,99.79633401
27-06-2024,3,21,5815,2,Frame 8m,SH-150TD,26,21,21,4858,83.53703704,87.5,99.56772334
26-06-2024,0,24,6646,2,Frame 8m,SH-150TD,26,24,0,5828,87.68981481,100,100
22-06-2024,0,24,6646,2,Frame 8m,SH-150TD,26,24,0,6050,91.03009259,100,100
21-06-2024,0,24,6646,2,Frame 8m,SH-150TD,26,24,1,6106,91.87268519,100,99.98362267
20-06-2024,0,24,6646,2,Frame 8m,SH-150TD,26,24,0,6132,92.26388889,100,100
19-06-2024,0,24,6646,2,Frame 8m,SH-150TD,26,24,0,6090,91.63194444,100,100
17-06-2024,0,24,6646,2,Frame 8m,SH-150TD,26,24,9,6124,92.14351852,100,99.85303723
16-06-2024,20,4,1108,2,Frame 8m,SH-150TD,26,4,8,5876,530.4722222,16.66666667,99.86385296
15-06-2024,21,3,831,2,Frame 8m,SH-150TD,26,3,10,4864,585.4814815,12.5,99.79440789
13-06-2024,18,6,1662,2,Frame 8m,SH-150TD,26,6,0,5856,352.4444444,25,100
12-06-2024,0,24,6646,2,Frame 8m,SH-150TD,26,24,1,6166,92.77546296,100,99.98378203
11-06-2024,0,24,6646,2,Frame 8m,SH-150TD,26,24,8,5924,89.13425926,100,99.86495611
08-06-2024,2,22,6092,2,Frame 8m,SH-150TD,26,22,0,5378,88.27525253,91.66666667,100
07-06-2024,3,21,5815,2,Frame 8m,SH-150TD,26,21,0,4826,82.98677249,87.5,100
05-06-2024,0,24,6646,2,Frame 8m,SH-150TD,26,24,2,5874,88.38194444,100,99.96595165
04-06-2024,3,21,5815,2,Frame 8m,SH-150TD,26,21,12,5188,89.21164021,87.5,99.76869699
03-06-2024,2,22,6092,2,Frame 8m,SH-150TD,26,22,12,5470,89.78535354,91.66666667,99.78062157
01-06-2024,6,18,4985,2,Frame 8m,SH-150TD,26,18,0,4538,91.04012346,75,100
31-05-2024,0,24,6646,2,Frame 8m,SH-150TD,26,24,4,6146,92.47453704,100,99.93491702
11-09-2024,23,1,277,2,Frame 4 Module,SH-150TA,26,1,0,0,0,4.166666667,#DIV/0!
10-09-2024,10,14,3877,2,Frame 4 Module,SH-150TA,26,14,0,3922,101.1626984,58.33333333,100
09-09-2024,2,22,6092,2,Frame 4 Module,SH-150TA,26,22,2,6202,101.8005051,91.66666667,99.96775234
03-09-2024,2,22,6092,2,Frame 4 Module,SH-150TA,26,22,14,6520,107.020202,91.66666667,99.78527607
02-09-2024,4,20,7024,2,Frame 3 Module,SH-150TA,20.5,20,8,6606,94.04375,83.33333333,99.87889797
31-08-2024,0,24,8429,2,Frame 3 Module,SH-150TA,20.5,24,0,7640,90.63657407,100,100
30-08-2024,0,24,8429,2,Frame 3 Module,SH-150TA,20.5,24,0,7920,93.95833333,100,100
29-08-2024,0,24,8429,2,Frame 3 Module,SH-150TA,20.5,24,0,7922,93.98206019,100,100
24-08-2024,0,24,8429,2,Frame 3 Module,SH-150TA,20.5,24,0,7750,91.94155093,100,100
23-08-2024,0,24,8429,2,Frame 3 Module,SH-150TA,20.5,24,0,7888,93.5787037,100,100
17-08-2024,0,24,8429,2,Frame 3 Module,SH-150TA,20.5,24,1,7788,92.39236111,100,99.98715973
16-08-2024,2,22,7727,2,Frame 3 Module,SH-150TA,20.5,22,2,3282,42.47537879,91.66666667,99.93906155
14-08-2024,0,24,8429,2,Frame 3 Module,SH-150TA,20.5,24,0,3980,47.21643519,100,100
13-08-2024,0,24,8429,2,Frame 3 Module,SH-150TA,20.5,24,4,7944,94.24305556,100,99.94964753
12-08-2024,0,24,8429,2,Frame 3 Module,SH-150TA,20.5,24,9,7838,92.98553241,100,99.88517479
10-08-2024,0,24,8429,2,Frame 3 Module,SH-150TA,20.5,24,0,7852,93.15162037,100,100
09-08-2024,0,24,8429,2,Frame 3 Module,SH-150TA,20.5,24,0,7938,94.171875,100,100
03-08-2024,8,16,4608,2,Drum,SH-150TA,25,16,118,7488,162.5,66.66666667,98.4241453
02-08-2024,2,22,6336,2,Drum,SH-150TA,25,22,99,5794,91.44570707,91.66666667,98.29133586
01-08-2024,13,11,3168,2,Drum,SH-150TA,25,11,20,2548,80.42929293,45.83333333,99.21507064
17-07-2024,10,14,3692,2,Plate 4 module,SH-150TA,27.3,14,15,846,22.9125,58.33333333,98.22695035
16-07-2024,2,22,5802,2,Plate 4 module,SH-150TA,27.3,22,9,1334,22.99128788,91.66666667,99.32533733
15-07-2024,3,21,5538,2,Plate 4 module,SH-150TA,27.3,21,27,1304,23.54444444,87.5,97.92944785
13-07-2024,2,22,5802,2,Plate 4 module,SH-150TA,27.3,22,8,1389,23.93920455,91.66666667,99.42404608
12-07-2024,0,24,6330,2,Plate 4 module,SH-150TA,27.3,24,11,1500,23.69791667,100,99.26666667
11-07-2024,2,22,5802,2,Plate 4 module,SH-150TA,27.3,22,36,1042,17.95871212,91.66666667,96.54510557
10-07-2024,7,17,4484,2,Plate 4 module,SH-150TA,27.3,17,36,1042,23.24068627,70.83333333,96.54510557
09-07-2024,20,4,1055,2,Plate 4 module,SH-150TA,27.3,4,14,157,14.88229167,16.66666667,91.08280255
08-07-2024,23,1,264,2,Plate 4 module,SH-150TA,27.3,1,0,0,0,4.166666667,#DIV/0!
06-07-2024,23,1,264,2,Plate 4 module,SH-150TA,27.3,1,0,0,0,4.166666667,#DIV/0!
04-07-2024,9,15,3956,2,Plate 4 module,SH-150TA,27.3,15,21,3989,100.8330556,62.5,99.47355227
02-07-2024,3,21,5538,2,Plate 4 module,SH-150TA,27.3,21,77,5304,95.76666667,87.5,98.54826546
01-07-2024,13,11,2901,2,Plate 4 module,SH-150TA,27.3,11,29,3240,111.6818182,45.83333333,99.10493827
30-06-2024,23,1,264,2,Plate 4 module,SH-150TA,27.3,1,0,0,0,4.166666667,#DIV/0!
27-06-2024,4,20,5275,2,Plate 4 module,SH-150TA,27.3,20,16,5319,100.839375,83.33333333,99.69919158
25-06-2024,2,22,5802,2,Plate 4 module,SH-150TA,27.3,22,47,6070,104.6155303,91.66666667,99.22570016
24-06-2024,4,20,5275,2,Plate 4 module,SH-150TA,27.3,20,68,5812,110.1858333,83.33333333,98.83000688
19-06-2024,2,22,5802,2,Plate 4 module,SH-150TA,27.3,22,39,6194,106.7526515,91.66666667,99.37035841
18-06-2024,2,22,5802,2,Plate 4 module,SH-150TA,27.3,22,61,6146,105.9253788,91.66666667,99.00748454
08-06-2024,2,22,6092,2,Frame 4 Module,SH-150TA,26,22,0,6296,103.3434343,91.66666667,100
07-06-2024,4,20,5538,2,Frame 4 Module,SH-150TA,26,20,28,5526,99.775,83.33333333,99.49330438
05-06-2024,14,10,2769,2,Frame 4 Module,SH-150TA,26,10,20,2544,91.86666667,41.66666667,99.21383648
04-06-2024,23,1,277,2,Frame 4 Module,SH-150TA,26,1,0,0,0,4.166666667,#DIV/0!
03-06-2024,19,5,1385,2,Frame 4 Module,SH-150TA,26,5,7,1200,86.66666667,20.83333333,99.41666667
01-06-2024,6,18,4985,2,Frame 4 Module,SH-150TA,26,18,0,5200,104.3209877,75,100
24-08-2024,0,24,1920,1,R29061354-LJ,SH-250TA,45,24,1,2003,104.3229167,100,99.95007489
23-08-2024,0,24,1920,1,R29061354-LJ,SH-250TA,45,24,6,2020,105.2083333,100,99.7029703
22-08-2024,0,24,1920,1,R29061354-LJ,SH-250TA,45,24,3,2039,106.1979167,100,99.85286905
21-08-2024,1,23,1840,1,R29061354-LJ,SH-250TA,45,23,26,1944,105.6521739,95.83333333,98.66255144
20-08-2024,1,23,1840,1,R29061354-LJ,SH-250TA,45,23,8,1943,105.5978261,95.83333333,99.58826557
17-08-2024,1,23,1840,1,R29061354-LJ,SH-250TA,45,23,6,1875,101.9021739,95.83333333,99.68
16-08-2024,2,22,1760,1,R29061354-LJ,SH-250TA,45,22,4,830,47.15909091,91.66666667,99.51807229
14-08-2024,0,24,1920,1,R29061354-LJ,SH-250TA,45,24,2,986,51.35416667,100,99.79716024
13-08-2024,0,24,1920,1,R29061354-LJ,SH-250TA,45,24,6,1993,103.8020833,100,99.69894631
12-08-2024,0,24,1920,1,R29061354-LJ,SH-250TA,45,24,9,1460,76.04166667,100,99.38356164
11-08-2024,2,22,1760,1,R29061354-LJ,SH-250TA,45,22,15,1766,100.3409091,91.66666667,99.15062288
10-08-2024,0,24,1920,1,R29061354-LJ,SH-250TA,45,24,3,1981,103.1770833,100,99.84856133
09-08-2024,11,13,1040,1,R29061354-LJ,SH-250TA,45,13,8,1105,106.25,54.16666667,99.2760181
08-08-2024,0,24,1920,1,R29061354-LJ,SH-250TA,45,24,11,1929,100.46875,100,99.42975635
30-10-2024,0,24,1920,1,Ac lower cover,SH-250TA,45,24,3,2002,104.2708333,100,99.85014985
29-10-2024,0,24,1920,1,Ac lower cover,SH-250TA,45,24,2,2047,106.6145833,100,99.90229604
28-10-2024,2,22,1760,1,Ac lower cover,SH-250TA,45,22,24,1919,109.0340909,91.66666667,98.74934862
27-10-2024,0,24,1920,1,Ac lower cover,SH-250TA,45,24,5,2019,105.15625,100,99.75235265
26-10-2024,2,22,1760,1,Ac lower cover,SH-250TA,45,22,14,1817,103.2386364,91.66666667,99.22949917
25-10-2024,7,17,1360,1,Ac lower cover,SH-250TA,45,17,15,1443,106.1029412,70.83333333,98.96049896
24-10-2024,1,23,1840,1,Ac lower cover,SH-250TA,45,23,7,1999,108.6413043,95.83333333,99.64982491
23-10-2024,9,15,1200,1,Ac lower cover,SH-250TA,45,15,17,1960,163.3333333,62.5,99.13265306
22-10-2024,6,18,1440,1,Ac lower cover,SH-250TA,45,18,11,2051,142.4305556,75,99.46367626
21-10-2024,11,13,1040,1,Ac lower cover,SH-250TA,45,13,13,2020,194.2307692,54.16666667,99.35643564
20-10-2024,0,24,1920,1,Ac lower cover,SH-250TA,45,24,1,2047,106.6145833,100,99.95114802
19-10-2024,0,24,1920,1,Ac lower cover,SH-250TA,45,24,1,2041,106.3020833,100,99.95100441
18-10-2024,0,24,1920,1,Ac lower cover,SH-250TA,45,24,2,2010,104.6875,100,99.90049751
17-10-2024,0,24,1920,1,Ac lower cover,SH-250TA,45,24,14,2018,105.1041667,100,99.30624381
16-10-2024,0,24,1920,1,Ac lower cover,SH-250TA,45,24,1,2026,105.5208333,100,99.95064166
15-10-2024,0,24,1920,1,Ac lower cover,SH-250TA,45,24,0,2019,105.15625,100,100
14-10-2024,1,23,1840,1,Ac lower cover,SH-250TA,45,23,5,1916,104.1304348,95.83333333,99.73903967
11-10-2024,9,15,1200,1,Ac lower cover,SH-250TA,45,15,2,1272,106,62.5,99.8427673
10-10-2024,0,24,1920,1,Ac lower cover,SH-250TA,45,24,4,2008,104.5833333,100,99.80079681
09-10-2024,2,22,1760,1,Ac lower cover,SH-250TA,45,22,0,1975,112.2159091,91.66666667,100
08-10-2024,0,24,1920,1,Ac lower cover,SH-250TA,45,24,1,2015,104.9479167,100,99.95037221
07-10-2024,3,21,1680,1,Ac lower cover,SH-250TA,45,21,37,1828,108.8095238,87.5,97.97592998
06-10-2024,2,22,1760,1,Ac lower cover,SH-250TA,45,22,5,1932,109.7727273,91.66666667,99.74120083
05-10-2024,1,23,1840,1,Ac lower cover,SH-250TA,45,23,12,2057,111.7934783,95.83333333,99.41662615
04-10-2024,2,22,1760,1,Ac lower cover,SH-250TA,45,22,40,1986,112.8409091,91.66666667,97.98590131
03-10-2024,1,23,1840,1,Ac lower cover,SH-250TA,45,23,10,2056,111.7391304,95.83333333,99.51361868
01-10-2024,3,21,1680,1,Ac lower cover,SH-250TA,45,21,16,1906,113.452381,87.5,99.16054565
30-09-2024,4,20,1600,1,Ac lower cover,SH-250TA,45,20,12,2686,167.875,83.33333333,99.55323902
28-09-2024,2,22,1760,1,Ac lower cover,SH-250TA,45,22,7,1952,110.9090909,91.66666667,99.64139344
27-09-2024,7,17,1360,1,Ac lower cover,SH-250TA,45,17,5,1536,112.9411765,70.83333333,99.67447917
26-09-2024,2,22,1760,1,Ac lower cover,SH-250TA,45,22,5,1992,113.1818182,91.66666667,99.74899598
25-09-2024,4,20,1600,1,Ac lower cover,SH-250TA,45,20,3,689,43.0625,83.33333333,99.56458636
24-09-2024,14,10,800,1,Ac lower cover,SH-250TA,45,10,23,866,108.25,41.66666667,97.34411085
21-09-2024,20,4,320,1,Ac lower cover,SH-250TA,45,4,2,405,126.5625,16.66666667,99.50617284
20-09-2024,12,12,960,1,Ac lower cover,SH-250TA,45,12,2,956,99.58333333,50,99.79079498
19-09-2024,12,12,960,1,Ac lower cover,SH-250TA,45,12,8,1995,207.8125,50,99.59899749
18-09-2024,15,9,720,1,Ac lower cover,SH-250TA,45,9,17,1535,213.1944444,37.5,98.89250814
17-09-2024,10,14,1120,1,Ac lower cover,SH-250TA,45,14,14,1070,95.53571429,58.33333333,98.69158879
16-09-2024,3,21,1680,1,Ac lower cover,SH-250TA,45,21,4,1618,96.30952381,87.5,99.75278121
15-09-2024,12,12,960,1,Ac lower cover,SH-250TA,45,12,1,981,102.1875,50,99.8980632
14-09-2024,0,24,1920,1,Ac lower cover,SH-250TA,45,24,15,1963,102.2395833,100,99.23586347
13-09-2024,3,21,1680,1,Ac lower cover,SH-250TA,45,21,10,1709,101.7261905,87.5,99.41486249
12-09-2024,0,24,1920,1,Ac lower cover,SH-250TA,45,24,1,1982,103.2291667,100,99.94954591
11-09-2024,8,16,1280,1,Ac lower cover,SH-250TA,45,16,23,1347,105.234375,66.66666667,98.29250186
10-09-2024,1,23,1840,1,Ac lower cover,SH-250TA,45,23,18,1908,103.6956522,95.83333333,99.05660377
09-09-2024,3,21,1680,1,Ac lower cover,SH-250TA,45,21,9,1742,103.6904762,87.5,99.48335247
06-09-2024,0,24,1920,1,Ac lower cover,SH-250TA,45,24,13,1992,103.75,100,99.34738956
05-09-2024,0,24,1920,1,Ac lower cover,SH-250TA,45,24,19,1997,104.0104167,100,99.04857286
04-09-2024,3,21,1680,1,Ac lower cover,SH-250TA,45,21,14,1816,108.0952381,87.5,99.22907489
03-09-2024,1,23,1840,1,Ac lower cover,SH-250TA,45,23,13,1989,108.0978261,95.83333333,99.34640523
02-09-2024,3,21,1680,1,Ac lower cover,SH-250TA,45,21,23,1772,105.4761905,87.5,98.7020316
31-08-2024,1,23,1840,1,Ac lower cover,SH-250TA,45,23,1,1971,107.1195652,95.83333333,99.94926433
30-08-2024,0,24,1920,1,Ac lower cover,SH-250TA,45,24,1,2002,104.2708333,100,99.95004995
29-08-2024,0,24,1920,1,Ac lower cover,SH-250TA,45,24,16,2032,105.8333333,100,99.21259843
28-08-2024,4,20,1600,1,Ac lower cover,SH-250TA,45,20,28,1612,100.75,83.33333333,98.2630273
21-06-2024,23,1,80,1,Ac lower cover,SH-250TA,45,1,6,76,95,4.166666667,92.10526316
20-06-2024,0,24,1920,1,Ac lower cover,SH-250TA,45,24,8,1959,102.03125,100,99.59162838
19-06-2024,0,24,1920,1,Ac lower cover,SH-250TA,45,24,1,1971,102.65625,100,99.94926433
18-06-2024,1,23,1840,1,Ac lower cover,SH-250TA,45,23,3,1881,102.2282609,95.83333333,99.84051037
17-06-2024,0,24,1920,1,Ac lower cover,SH-250TA,45,24,4,1944,101.25,100,99.79423868
16-06-2024,22,3,160,1,Ac lower cover,SH-250TA,45,2,27,1909,1193.125,8.333333333,98.58564694
15-06-2024,20,4,320,1,Ac lower cover,SH-250TA,45,4,146,1511,472.1875,16.66666667,90.33752482
13-06-2024,18,6,480,1,Ac lower cover,SH-250TA,45,6,8,1874,390.4166667,25,99.57310566
12-06-2024,0,24,1920,1,Ac lower cover,SH-250TA,45,24,9,1944,101.25,100,99.53703704
11-06-2024,0,24,1920,1,Ac lower cover,SH-250TA,45,24,9,1940,101.0416667,100,99.53608247
10-06-2024,2,22,1760,1,Ac lower cover,SH-250TA,45,22,60,1703,96.76136364,91.66666667,96.47680564
08-06-2024,1,23,1840,1,Ac lower cover,SH-250TA,45,23,8,1881,102.2282609,95.83333333,99.57469431
07-06-2024,4,20,1600,1,Ac lower cover,SH-250TA,45,20,9,1591,99.4375,83.33333333,99.43431804
06-06-2024,2,22,1760,1,Ac lower cover,SH-250TA,45,22,22,1733,98.46590909,91.66666667,98.7305251
05-06-2024,0,24,1920,1,Ac lower cover,SH-250TA,45,24,21,1904,99.16666667,100,98.89705882
04-06-2024,4,20,1600,1,Ac lower cover,SH-250TA,45,20,22,1578,98.625,83.33333333,98.60583016
03-06-2024,4,20,1600,1,Ac lower cover,SH-250TA,45,20,15,1566,97.875,83.33333333,99.04214559
01-06-2024,0,24,1920,1,Ac lower cover,SH-250TA,45,24,14,1945,101.3020833,100,99.28020566
31-05-2024,0,24,1920,1,Ac lower cover,SH-250TA,45,24,3,1971,102.65625,100,99.847793
01-08-2024,19,5,1080,3,LOWERCOVERSHELL,SH-150TC,50,5,90,924,85.55555556,20.83333333,90.25974026
27-10-2024,23,1,216,3,Iccharging,SH-150TB,50,1,0,0,0,4.166666667,#DIV/0!
26-10-2024,5,19,4104,3,Iccharging,SH-150TB,50,19,45,2810,68.46978558,79.16666667,98.39857651
25-10-2024,4,20,4320,3,Iccharging,SH-150TB,50,20,50,3160,73.14814815,83.33333333,98.41772152
24-10-2024,6,18,3888,3,Iccharging,SH-150TB,50,18,58,2818,72.47942387,75,97.9418027
23-10-2024,5,19,4104,3,Iccharging,SH-150TB,50,19,49,2946,71.78362573,79.16666667,98.33672777
22-10-2024,9,15,3240,3,Iccharging,SH-150TB,50,15,48,3004,92.71604938,62.5,98.40213049
21-10-2024,17,7,1512,3,Iccharging,SH-150TB,50,7,20,2422,160.1851852,29.16666667,99.17423617
20-10-2024,24,0,0,3,Iccharging,SH-150TB,50,0,0,0,#DIV/0!,0,#DIV/0!
19-10-2024,4,20,4320,3,Iccharging,SH-150TB,50,20,55,3210,74.30555556,83.33333333,98.28660436
18-10-2024,6,18,3888,3,Iccharging,SH-150TB,50,18,31,3006,77.31481481,75,98.96872921
17-10-2024,4,20,4320,3,Iccharging,SH-150TB,50,20,51,3250,75.23148148,83.33333333,98.43076923
16-10-2024,4,20,4320,3,Iccharging,SH-150TB,50,20,50,3243,75.06944444,83.33333333,98.4582177
15-10-2024,10,14,3024,3,Iccharging,SH-150TB,50,14,47,2256,74.6031746,58.33333333,97.91666667
14-10-2024,17,7,1512,3,Iccharging,SH-150TB,50,7,40,886,58.5978836,29.16666667,95.48532731
11-10-2024,13,11,2376,3,Iccharging,SH-150TB,50,11,18,1798,75.67340067,45.83333333,98.99888765
10-10-2024,5,19,4104,3,Iccharging,SH-150TB,50,19,47,3102,75.58479532,79.16666667,98.48484848
09-10-2024,5,19,4104,3,Iccharging,SH-150TB,50,19,27,3378,82.30994152,79.16666667,99.20071048
08-10-2024,14,10,2160,3,Iccharging,SH-150TB,50,10,20,1666,77.12962963,41.66666667,98.79951981
05-10-2024,11,13,2808,3,Iccharging,SH-150TB,50,13,30,1724,61.3960114,54.16666667,98.25986079
04-10-2024,3,21,4536,3,Iccharging,SH-150TB,50,21,39,3228,71.16402116,87.5,98.79182156
03-10-2024,6,18,3888,3,Iccharging,SH-150TB,50,18,59,2658,68.36419753,75,97.78028593
28-09-2024,12,12,2592,3,Iccharging,SH-150TB,50,12,84,4058,156.558642,50,97.93001479
27-09-2024,10,14,3024,3,Iccharging,SH-150TB,50,14,107,3861,127.6785714,58.33333333,97.22869723
26-09-2024,23,1,216,3,Iccharging,SH-150TB,50,1,0,0,0,4.166666667,#DIV/0!
20-09-2024,20,4,864,3,Iccharging,SH-150TB,50,4,50,783,90.625,16.66666667,93.61430396
19-09-2024,13,11,2376,3,Iccharging,SH-150TB,50,11,51,2764,116.3299663,45.83333333,98.15484805
18-09-2024,23,1,216,3,Iccharging,SH-150TB,50,1,20,561,259.7222222,4.166666667,96.43493761
17-09-2024,23,1,216,3,Iccharging,SH-150TB,50,1,11,1140,527.7777778,4.166666667,99.03508772
16-09-2024,12,12,2592,3,Iccharging,SH-150TB,50,12,10,2316,89.35185185,50,99.56822107
15-09-2024,7,17,3672,3,Iccharging,SH-150TB,50,17,21,3874,105.5010893,70.83333333,99.45792463
14-09-2024,12,12,2592,3,Iccharging,SH-150TB,50,12,10,2849,109.9151235,50,99.64899965
13-09-2024,9,15,3240,3,Iccharging,SH-150TB,50,15,67,3835,118.3641975,62.5,98.25293351
28-09-2024,13,11,1451,1,Plate 4 module,SH-150TE,27.3,11,10,623,42.94924242,45.83333333,98.39486356
27-09-2024,14,10,1319,1,Plate 4 module,SH-150TE,27.3,10,8,681,51.6425,41.66666667,98.82525698
26-09-2024,13,11,1451,1,Plate 4 module,SH-150TE,27.3,11,15,703,48.46439394,45.83333333,97.86628734
25-09-2024,13,11,1451,1,Plate 4 module,SH-150TE,27.3,11,21,4342,299.3348485,45.83333333,99.51635191
24-09-2024,13,11,1451,1,Plate 4 module,SH-150TE,27.3,11,9,704,48.53333333,45.83333333,98.72159091
23-09-2024,4,20,2637,1,Plate 4 module,SH-150TE,27.3,20,40,1242,47.0925,83.33333333,96.77938808
21-09-2024,6,18,2374,1,Plate 4 module,SH-150TE,27.3,18,14,1084,45.66851852,75,98.70848708
20-09-2024,4,20,2637,1,Plate 4 module,SH-150TE,27.3,20,20,1206,45.7275,83.33333333,98.34162521
19-09-2024,5,19,2505,1,Plate 4 module,SH-150TE,27.3,19,26,659,26.30219298,79.16666667,96.05462822
18-09-2024,15,9,1187,1,Plate 4 module,SH-150TE,27.3,9,5,730,61.50925926,37.5,99.31506849
17-09-2024,17,7,923,1,Plate 4 module,SH-150TE,27.3,7,23,792,85.8,29.16666667,97.0959596
16-09-2024,20,4,527,1,Plate 4 module,SH-150TE,27.3,4,19,671,127.2104167,16.66666667,97.16840537
15-09-2024,18,6,791,1,Plate 4 module,SH-150TE,27.3,6,17,562,71.03055556,25,96.97508897
14-09-2024,15,9,1187,1,Plate 4 module,SH-150TE,27.3,9,37,600,50.55555556,37.5,93.83333333
13-09-2024,24,0,0,1,Plate 4 module,SH-150TE,27.3,0,40,463,#DIV/0!,0,91.36069114
10-09-2024,16,8,1055,1,Plate 4 module,SH-150TE,27.3,8,10,616,58.39166667,33.33333333,98.37662338
09-09-2024,15,9,1187,1,Plate 4 module,SH-150TE,27.3,9,8,553,46.59537037,37.5,98.55334539
06-09-2024,13,11,1451,1,Plate 4 module,SH-150TE,27.3,11,16,713,49.15378788,45.83333333,97.75596073
05-09-2024,13,11,1451,1,Plate 4 module,SH-150TE,27.3,11,17,726,50.05,45.83333333,97.6584022
04-09-2024,14,10,1319,1,Plate 4 module,SH-150TE,27.3,10,23,665,50.42916667,41.66666667,96.54135338
31-08-2024,22,2,264,1,Plate 4 module,SH-150TE,27.3,2,25,542,205.5083333,8.333333333,95.38745387
30-08-2024,23,1,132,1,Plate 4 module,SH-150TE,27.3,1,0,0,0,4.166666667,#DIV/0!
29-08-2024,23,1,132,1,Plate 4 module,SH-150TE,27.3,1,0,0,0,4.166666667,#DIV/0!
28-08-2024,22,2,264,1,Plate 4 module,SH-150TE,27.3,2,0,0,0,8.333333333,#DIV/0!
13-08-2024,22,2,264,1,Plate 4 module,SH-150TE,27.3,2,0,0,0,8.333333333,#DIV/0!
20-09-2024,18,6,2400,4,Icearbud,SH-150TD,36,6,30,1630,67.91666667,25,98.1595092
17-09-2024,12,12,4800,4,Icearbud,SH-150TD,36,12,24,4764,99.25,50,99.49622166
16-09-2024,6,18,7200,4,Icearbud,SH-150TD,36,18,34,7816,108.5555556,75,99.56499488
15-09-2024,13,11,4400,4,Icearbud,SH-150TD,36,11,4,4696,106.7272727,45.83333333,99.91482112
14-09-2024,2,22,8800,4,Icearbud,SH-150TD,36,22,7,7751,88.07954545,91.66666667,99.90968907
13-09-2024,2,22,8800,4,Icearbud,SH-150TD,36,22,15,8316,94.5,91.66666667,99.81962482
12-09-2024,2,22,8800,4,Icearbud,SH-150TD,36,22,20,8384,95.27272727,91.66666667,99.76145038
11-09-2024,3,21,10648,4,Plate 8 module,SH-150TD,28.4,21,31,8032,75.43280423,87.5,99.61404382
10-09-2024,2,22,11155,4,Plate 8 module,SH-150TD,28.4,22,14,10500,94.12878788,91.66666667,99.86666667
09-09-2024,4,20,10141,4,Plate 8 module,SH-150TD,28.4,20,22,9346,92.16194444,83.33333333,99.76460518
06-09-2024,7,17,8620,4,Plate 8 module,SH-150TD,28.4,17,0,7858,91.1630719,70.83333333,100
05-09-2024,3,21,10648,4,Plate 8 module,SH-150TD,28.4,21,34,9410,88.37433862,87.5,99.63868225
04-09-2024,3,21,10648,4,Plate 8 module,SH-150TD,28.4,21,26,9134,85.78227513,87.5,99.71534924
03-09-2024,12,12,6085,4,Plate 8 module,SH-150TD,28.4,12,76,5124,84.21388889,50,98.51678376
31-08-2024,23,1,507,4,Plate 8 module,SH-150TD,28.4,1,0,0,0,4.166666667,#DIV/0!
08-08-2024,3,21,14751,4,Frame 3 Module,SH-150TA,20.5,21,20,6874,46.59953704,87.5,99.70904859
07-08-2024,24,0,0,4,Drum,SH-150TA,25,0,0,0,#DIV/0!,0,#DIV/0!
05-08-2024,22,2,1152,4,Drum,SH-150TA,25,2,0,0,0,8.333333333,#DIV/0!
17-06-2024,7,17,1113,1,Radio Front COV,SH-150TA,55,17,21,4878,438.3823529,70.83333333,99.56949569
16-06-2024,22,2,131,1,Radio Front COV,SH-150TA,55,2,12,3744,2860,8.333333333,99.67948718
15-06-2024,19,5,327,1,Radio Front COV,SH-150TA,55,5,31,2659,812.4722222,20.83333333,98.83414818
13-06-2024,21,3,196,1,Radio Front COV,SH-150TA,55,3,113,705,359.0277778,12.5,83.97163121
12-06-2024,8,16,1047,1,Radio Front COV,SH-150TA,55,16,26,995,95.00868056,66.66666667,97.38693467
11-06-2024,8,16,1047,1,Radio Front COV,SH-150TA,55,16,47,1022,97.58680556,66.66666667,95.40117417
10-06-2024,16,8,524,1,Radio Front COV,SH-150TA,55,8,27,473,90.32986111,33.33333333,94.29175476
20-10-2024,24,0,0,2,Plate 4 module,SH-150TC,27.3,0,0,0,#DIV/0!,0,#DIV/0!
11-10-2024,24,0,0,2,Plate 4 module,SH-150TC,27.3,0,0,0,#DIV/0!,0,#DIV/0!
10-10-2024,24,0,0,2,Plate 4 module,SH-150TC,27.3,0,0,0,#DIV/0!,0,#DIV/0!
27-09-2024,24,0,0,2,Plate 4 module,SH-150TC,27.3,0,0,0,#DIV/0!,0,#DIV/0!
26-09-2024,24,0,0,2,Plate 4 module,SH-150TC,27.3,0,0,0,#DIV/0!,0,#DIV/0!
25-09-2024,24,0,0,2,Plate 4 module,SH-150TC,27.3,0,0,0,#DIV/0!,0,#DIV/0!
06-08-2024,24,0,0,2,LOWERCOVERSHELL,SH-150TC,50,0,0,0,#DIV/0!,0,#DIV/0!
17-07-2024,24,0,0,2,Plate 3 module,SH-150TC,21,0,0,0,#DIV/0!,0,#DIV/0!
16-07-2024,24,0,0,2,Plate 3 module,SH-150TC,21,0,0,0,#DIV/0!,0,#DIV/0!
15-07-2024,24,0,0,2,Plate 3 module,SH-150TC,21,0,0,0,#DIV/0!,0,#DIV/0!
08-07-2024,24,0,0,2,Plate 3 module,SH-150TC,21,0,0,0,#DIV/0!,0,#DIV/0!
05-07-2024,24,0,0,2,Plate 3 module,SH-150TC,21,0,0,0,#DIV/0!,0,#DIV/0!
11-09-2024,24,0,0,2,Frame 6 Module,SH-150TB,26,0,0,0,#DIV/0!,0,#DIV/0!
09-09-2024,24,0,0,2,Frame 6 Module,SH-150TB,26,0,0,0,#DIV/0!,0,#DIV/0!
17-07-2024,24,0,0,2,Frame 3 Module,SH-150TB,20.5,0,0,0,#DIV/0!,0,#DIV/0!
16-07-2024,24,0,0,2,Frame 3 Module,SH-150TB,20.5,0,0,0,#DIV/0!,0,#DIV/0!
15-07-2024,24,0,0,2,Frame 3 Module,SH-150TB,20.5,0,0,0,#DIV/0!,0,#DIV/0!
08-07-2024,24,0,0,2,Frame 3 Module,SH-150TB,20.5,0,0,0,#DIV/0!,0,#DIV/0!
05-07-2024,24,0,0,2,Frame 3 Module,SH-150TB,20.5,0,0,0,#DIV/0!,0,#DIV/0!
01-07-2024,24,0,0,2,Frame 3 Module,SH-150TB,20.5,0,0,0,#DIV/0!,0,#DIV/0!
13-06-2024,24,0,0,2,Frame 3 Module,SH-150TB,20.5,0,0,7948,#DIV/0!,0,100
08-07-2024,24,0,0,2,Plate 8 module,SH-150TE,28.4,0,0,0,#DIV/0!,0,#DIV/0!
23-10-2024,24,0,0,2,Frame 3 Module,SH-150TD,20.5,0,0,0,#DIV/0!,0,#DIV/0!
17-10-2024,24,0,0,2,Drum,SH-150TD,25,0,0,0,#DIV/0!,0,#DIV/0!
16-10-2024,24,0,0,2,Drum,SH-150TD,25,0,0,0,#DIV/0!,0,#DIV/0!
11-10-2024,24,0,0,2,Drum,SH-150TD,25,0,0,0,#DIV/0!,0,#DIV/0!
04-10-2024,24,0,0,2,Icearbud,SH-150TD,36,0,0,0,#DIV/0!,0,#DIV/0!
03-10-2024,24,0,0,2,Icearbud,SH-150TD,36,0,0,0,#DIV/0!,0,#DIV/0!
23-09-2024,24,0,0,2,Icearbud,SH-150TD,36,0,0,0,#DIV/0!,0,#DIV/0!
10-08-2024,24,0,0,2,Plate 8 module,SH-150TD,28.4,0,0,0,#DIV/0!,0,#DIV/0!
09-08-2024,24,0,0,2,Plate 8 module,SH-150TD,28.4,0,0,0,#DIV/0!,0,#DIV/0!
30-06-2024,24,0,0,2,Frame 8m,SH-150TD,26,0,0,0,#DIV/0!,0,#DIV/0!
12-09-2024,24,0,0,2,Frame 4 Module,SH-150TA,26,0,0,0,#DIV/0!,0,#DIV/0!
05-07-2024,24,0,0,2,Plate 4 module,SH-150TA,27.3,0,0,0,#DIV/0!,0,#DIV/0!
07-10-2024,24,0,0,3,Iccharging,SH-150TB,50,0,0,0,#DIV/0!,0,#DIV/0!
01-10-2024,24,0,0,3,Iccharging,SH-150TB,50,0,0,0,#DIV/0!,0,#DIV/0!
30-09-2024,24,0,0,3,Iccharging,SH-150TB,50,0,0,0,#DIV/0!,0,#DIV/0!
25-09-2024,24,0,0,3,Iccharging,SH-150TB,50,0,73,3141,#DIV/0!,0,97.6758994
24-09-2024,24,0,0,3,Iccharging,SH-150TB,50,0,0,0,#DIV/0!,0,#DIV/0!
23-09-2024,24,0,0,3,Iccharging,SH-150TB,50,0,0,0,#DIV/0!,0,#DIV/0!
12-09-2024,24,0,0,3,Iccharging,SH-150TB,50,0,0,0,#DIV/0!,0,#DIV/0!
14-08-2024,24,0,0,1,Plate 4 module,SH-150TE,27.3,0,0,0,#DIV/0!,0,#DIV/0!
19-09-2024,24,0,0,4,Icearbud,SH-150TD,36,0,23,1552,#DIV/0!,0,98.51804124
18-09-2024,24,0,0,4,Icearbud,SH-150TD,36,0,4,607,#DIV/0!,0,99.34102142
23-09-2024,24,0,0,1,Ac lower cover,SH-250TA,45,0,0,0,#DIV/0!,0,#DIV/0!
06-08-2024,24,0,0,4,Drum,SH-150TA,25,0,0,0,#DIV/0!,0,#DIV/0!
21-10-2024,23,1,264,2,Plate 4 module,SH-150TC,27.3,1,0,0,0,4.166666667,#DIV/0!
09-10-2024,23,1,264,2,Plate 4 module,SH-150TC,27.3,1,0,0,0,4.166666667,#DIV/0!
14-07-2024,23,1,343,2,Plate 3 module,SH-150TC,21,1,0,0,0,4.166666667,#DIV/0!
12-07-2024,23,1,343,2,Plate 3 module,SH-150TC,21,1,0,0,0,4.166666667,#DIV/0!
11-07-2024,23,1,343,2,Plate 3 module,SH-150TC,21,1,0,0,0,4.166666667,#DIV/0!
07-07-2024,23,1,343,2,Plate 3 module,SH-150TC,21,1,0,0,0,4.166666667,#DIV/0!
06-10-2024,23,1,216,3,Iccharging,SH-150TB,50,1,0,0,0,4.166666667,#DIV/0!
21-09-2024,23,1,216,3,Iccharging,SH-150TB,50,1,0,0,0,4.166666667,#DIV/0!
11-08-2024,23,1,277,2,Frame 6 Module,SH-150TB,26,1,0,0,0,4.166666667,#DIV/0!
04-08-2024,23,1,277,2,Frame 6 Module,SH-150TB,26,1,0,0,0,4.166666667,#DIV/0!
14-07-2024,23,1,351,2,Frame 3 Module,SH-150TB,20.5,1,0,0,0,4.166666667,#DIV/0!
13-07-2024,23,1,351,2,Frame 3 Module,SH-150TB,20.5,1,0,0,0,4.166666667,#DIV/0!
07-07-2024,23,1,351,2,Frame 3 Module,SH-150TB,20.5,1,0,0,0,4.166666667,#DIV/0!
30-06-2024,23,1,351,2,Frame 3 Module,SH-150TB,20.5,1,0,0,0,4.166666667,#DIV/0!
15-06-2024,23,1,351,2,Frame 3 Module,SH-150TB,20.5,1,38,3752,1068.277778,4.166666667,98.98720682
06-10-2024,23,1,343,2,Plate 3 module,SH-150TE,21,1,0,0,0,4.166666667,#DIV/0!
02-09-2024,23,1,132,1,Plate 4 module,SH-150TE,27.3,1,0,0,0,4.166666667,#DIV/0!
23-08-2024,23,1,132,1,Plate 4 module,SH-150TE,27.3,1,0,0,0,4.166666667,#DIV/0!
20-08-2024,23,1,132,1,Plate 4 module,SH-150TE,27.3,1,0,0,0,4.166666667,#DIV/0!
01-08-2024,23,1,264,2,Plate 4 module,SH-150TE,27.3,1,0,0,0,4.166666667,#DIV/0!
12-07-2024,23,1,254,2,Plate 8 module,SH-150TE,28.4,1,0,0,0,4.166666667,#DIV/0!
11-07-2024,23,1,254,2,Plate 8 module,SH-150TE,28.4,1,0,0,0,4.166666667,#DIV/0!
07-07-2024,23,1,254,2,Plate 8 module,SH-150TE,28.4,1,0,0,0,4.166666667,#DIV/0!
05-07-2024,23,1,254,2,Plate 8 module,SH-150TE,28.4,1,0,0,0,4.166666667,#DIV/0!
15-10-2024,23,1,288,2,Drum,SH-150TD,25,1,0,0,0,4.166666667,#DIV/0!
14-10-2024,23,1,288,2,Drum,SH-150TD,25,1,0,0,0,4.166666667,#DIV/0!
06-10-2024,23,1,288,2,Drum,SH-150TD,25,1,0,0,0,4.166666667,#DIV/0!
24-08-2024,23,1,254,2,Plate 8 module,SH-150TD,28.4,1,0,0,0,4.166666667,#DIV/0!
13-07-2024,23,1,277,2,Frame 8m,SH-150TD,26,1,0,0,0,4.166666667,#DIV/0!
05-07-2024,23,1,277,2,Frame 8m,SH-150TD,26,1,0,0,0,4.166666667,#DIV/0!
11-08-2024,23,1,351,2,Frame 3 Module,SH-150TA,20.5,1,0,0,0,4.166666667,#DIV/0!
04-08-2024,23,1,576,4,Drum,SH-150TA,25,1,0,0,0,4.166666667,#DIV/0!
14-07-2024,23,1,264,2,Plate 4 module,SH-150TA,27.3,1,0,0,0,4.166666667,#DIV/0!
07-07-2024,23,1,264,2,Plate 4 module,SH-150TA,27.3,1,0,0,0,4.166666667,#DIV/0!
06-10-2024,22,2,527,2,Plate 4 module,SH-150TC,27.3,2,0,0,0,8.333333333,#DIV/0!
04-08-2024,22,2,288,2,LOWERCOVERSHELL,SH-150TC,50,2,0,0,0,8.333333333,#DIV/0!
10-07-2024,22,2,686,2,Plate 3 module,SH-150TC,21,2,0,0,0,8.333333333,#DIV/0!
09-07-2024,22,2,686,2,Plate 3 module,SH-150TC,21,2,0,0,0,8.333333333,#DIV/0!
12-07-2024,22,2,702,2,Frame 3 Module,SH-150TB,20.5,2,0,0,0,8.333333333,#DIV/0!
09-07-2024,22,2,702,2,Frame 3 Module,SH-150TB,20.5,2,0,0,0,8.333333333,#DIV/0!
09-10-2024,22,2,507,2,Plate 8 module,SH-150TE,28.4,2,0,0,0,8.333333333,#DIV/0!
10-07-2024,22,2,507,2,Plate 8 module,SH-150TE,28.4,2,0,0,0,8.333333333,#DIV/0!
09-07-2024,22,2,507,2,Plate 8 module,SH-150TE,28.4,2,0,0,0,8.333333333,#DIV/0!
