date,Device,Actual Production,Energy consumption,Average Energy per good part,Carbon emission(0.716 g ofCO2/kWh)
30-Oct-24,Machine 6,2004,19.46107784,0.9711,0.695315955
29-Oct-24,Machine 6,2047,19.05227162,0.9307,0.666410673
28-Oct-24,Machine 6,1919,19.8019802,1.0319,0.738833654
27-Oct-24,Machine 6,2019,19.31649331,0.9567,0.685022744
26-Oct-24,Machine 6,1803,19.41209096,1.0767,0.770885032
25-Oct-24,Machine 6,1447,21.42363511,1.4806,1.060077591
24-Oct-24,Machine 6,1998,19.01901902,0.9519,0.681562443
23-Oct-24,Machine 6,1978,16.17795753,0.8179,0.585612618
22-Oct-24,Machine 6,1513,38.3344349,2.5337,1.814108089
21-Oct-24,Machine 6,1018,18.66404715,1.8334,1.312716872
20-Oct-24,Machine 6,2024,19.2687747,0.952,0.681642425
16-Oct-24,Machine 6,2025,19.25925926,0.9511,0.680969364
15-Oct-24,Machine 6,2018,18.83052527,0.9331,0.668119727
14-Oct-24,Machine 6,1903,19.96847084,1.0493,0.75130978
11-Oct-24,Machine 6,1274,22.76295133,1.7867,1.279299306
10-Oct-24,Machine 6,2015,18.85856079,0.9359,0.670110646
09-Oct-24,Machine 6,1972,19.26977688,0.9772,0.699653156
08-Oct-24,Machine 6,2015,18.85856079,0.9359,0.670110646
07-Oct-24,Machine 6,1827,20.25177887,1.1085,0.793665773
06-Oct-24,Machine 6,1931,20.19678923,1.0459,0.748881465
05-Oct-24,Machine 6,2058,19.92225462,0.968,0.693116341
04-Oct-24,Machine 6,1985,20.1511335,1.0152,0.726862045
03-Oct-24,Machine 6,2051,19.99024866,0.9747,0.697855585
01-Oct-24,Machine 6,1910,19.89528796,1.0416,0.745812889
28-Sep-24,Machine 6,1963,20.37697402,1.0381,0.743245716
27-Sep-24,Machine 6,1538,20.80624187,1.3528,0.968613081
26-Sep-24,Machine 6,1992,19.07630522,0.9576,0.685674425
25-Sep-24,Machine 6,1711,19.87142022,1.1614,0.831556802
24-Sep-24,Machine 6,883,22.65005663,2.5651,1.836629734
21-Sep-24,Machine 6,323,43.34365325,13.4191,9.608066789
20-Sep-24,Machine 6,958,22.96450939,2.3971,1.716345378
19-Sep-24,Machine 6,991,24.21796165,2.4438,1.749753839
18-Sep-24,Machine 6,763,26.21231979,3.4354,2.459766837
17-Sep-24,Machine 6,1075,24.18604651,2.2499,1.610903191
16-Sep-24,Machine 6,1627,19.05347265,1.1711,0.838493326
15-Sep-24,Machine 6,1007,22.84011917,2.2681,1.62398464
14-Sep-24,Machine 6,1960,18.36734694,0.9371,0.670970429
13-Sep-24,Machine 6,1709,18.72440023,1.0956,0.78447458
12-Sep-24,Machine 6,1982,18.16347124,0.9164,0.65615769
11-Sep-24,Machine 6,1352,20.71005917,1.5318,1.096775323
10-Sep-24,Machine 6,1909,17.81037192,0.933,0.668005568
09-Sep-24,Machine 6,1751,20.55968018,1.1742,0.840704227
06-Sep-24,Machine 6,1994,18.555667,0.9306,0.666291754
05-Sep-24,Machine 6,1998,18.51851852,0.9269,0.66362659
04-Sep-24,Machine 6,1816,19.27312775,1.0613,0.759887636
03-Sep-24,Machine 6,1987,17.61449421,0.8865,0.634724603
02-Sep-24,Machine 6,1776,19.14414414,1.0779,0.771802207
31-Aug-24,Machine 6,1975,17.72151899,0.8973,0.642461144
27-Aug-24,Machine 6,1,2000,200000,143200
24-Aug-24,Machine 6,2006,16.94915254,0.8449,0.604964767
23-Aug-24,Machine 6,2018,16.84836472,0.8349,0.597791335
01-Aug-24,Machine 6,1406,19.20341394,1.3658,0.977926343
30-Jul-24,Machine 6,1936,17.04545455,0.8804,0.630400075
29-Jul-24,Machine 6,1845,17.34417344,0.9401,0.673085538
28-Jul-24,Machine 6,1354,20.67946824,1.5273,1.093537612
27-Jul-24,Machine 6,1910,18.32460733,0.9594,0.686932924
26-Jul-24,Machine 6,1799,18.89938855,1.0505,0.752193563
25-Jul-24,Machine 6,1912,18.30543933,0.9574,0.685496577
24-Jul-24,Machine 6,1924,18.71101871,0.9725,0.696314418
23-Jul-24,Machine 6,1946,18.49948613,0.9506,0.680659407
22-Jul-24,Machine 6,1913,18.81860951,0.9837,0.704345238
20-Jul-24,Machine 6,1834,18.5387132,1.0108,0.723757833
19-Jul-24,Machine 6,1833,19.0943808,1.0417,0.745857973
18-Jul-24,Machine 6,1873,19.22050187,1.0262,0.734750632
17-Jul-24,Machine 6,1556,19.92287918,1.2804,0.916759736
16-Jul-24,Machine 6,1815,19.28374656,1.0625,0.760725209
15-Jul-24,Machine 6,1902,17.87592008,0.9398,0.672931587
14-Jul-24,Machine 6,1933,17.58923952,0.9099,0.651520719
13-Jul-24,Machine 6,1864,18.24034335,0.9786,0.700648382
12-Jul-24,Machine 6,1894,17.95142555,0.9478,0.678628337
11-Jul-24,Machine 6,1762,18.16118048,1.0307,0.737991216
10-Jul-24,Machine 6,1564,17.9028133,1.1447,0.819591709
09-Jul-24,Machine 6,727,20.63273728,2.8381,2.032055006
08-Jul-24,Machine 6,1950,17.43589744,0.8941,0.640210388
07-Jul-24,Machine 6,1846,17.87648971,0.9684,0.69336764
06-Jul-24,Machine 6,1834,17.99345692,0.9811,0.702470837
04-Jul-24,Machine 6,983,19.32858596,1.9663,1.407860381
03-Jul-24,Machine 6,1919,18.23866597,0.9504,0.680504681
02-Jul-24,Machine 6,1942,18.02265705,0.928,0.664481074
01-Jul-24,Machine 6,1892,18.49894292,0.9777,0.700065705
30-Jun-24,Machine 6,1078,29.68460111,2.7537,1.971630278
29-Jun-24,Machine 6,1871,18.17210048,0.9713,0.695415497
28-Jun-24,Machine 6,2858,9.44716585,0.3306,0.236674974
27-Jun-24,Machine 6,2830,4.946996466,0.1748,0.125160759
26-Jun-24,Machine 6,56,53.57142857,95.6633,68.49489796
25-Jun-24,Machine 6,5998,4.168056019,0.0695,0.049755387
24-Jun-24,Machine 6,6487,4.162170495,0.0642,0.045939788
23-Jun-24,Machine 6,3956,0.252780586,0.0064,0.004575099
22-Jun-24,Machine 6,5768,3.294036061,0.0571,0.040889907
21-Jun-24,Machine 6,76,118.4210526,155.8172,111.5650969
20-Jun-24,Machine 6,1958,17.36465781,0.8869,0.63498953
19-Jun-24,Machine 6,1971,17.25012684,0.8752,0.626640833
18-Jun-24,Machine 6,1881,17.54385965,0.9327,0.667804546
17-Jun-24,Machine 6,1943,17.49871333,0.9006,0.644831639
16-Jun-24,Machine 6,145,20.68965517,14.2687,10.21640904
15-Jun-24,Machine 6,451,11.0864745,2.4582,1.760070009
12-Jun-24,Machine 6,403,86.84863524,21.5505,15.43017936
10-Jun-24,Machine 6,4924,6.904955321,0.1402,0.100405118
09-Jun-24,Machine 6,2795,0,0,0
30-May-24,Machine 6,1976,18.21862348,0.922,0.660148503
29-May-24,Machine 6,1957,17.88451712,0.9139,0.654333892
27-May-24,Machine 6,1980,24.74747475,1.2499,0.894908683
25-May-24,Machine 6,2028,30.07889546,1.4832,1.061957059
24-May-24,Machine 6,1944,29.83539095,1.5347,1.09887551
23-May-24,Machine 6,1946,32.37410072,1.6636,1.191153963
22-May-24,Machine 6,1814,29.21719956,1.6107,1.153225738
21-May-24,Machine 6,1871,25.65473009,1.3712,0.981763054
20-May-24,Machine 6,1762,27.24177072,1.5461,1.106986824
19-May-24,Machine 6,1806,29.90033223,1.6556,1.18541738
18-May-24,Machine 6,1815,31.95592287,1.7607,1.260630346
17-May-24,Machine 6,1765,31.16147309,1.7655,1.264114149
16-May-24,Machine 6,993,40.28197382,4.0566,2.904520972
15-May-24,Machine 6,1899,31.06898368,1.6361,1.171426662
14-May-24,Machine 6,1815,32.50688705,1.791,1.282365351
13-May-24,Machine 6,1869,27.28731942,1.46,1.045356913
12-May-24,Machine 6,1760,28.97727273,1.6464,1.178848141
11-May-24,Machine 6,1865,32.17158177,1.725,1.235112737
10-May-24,Machine 6,1872,29.91452991,1.598,1.144166849
09-May-24,Machine 6,1695,34.21828909,2.0188,1.445445132
08-May-24,Machine 6,1821,26.35914333,1.4475,1.036416619
06-May-24,Machine 6,1890,28.57142857,1.5117,1.082388511
05-May-24,Machine 6,1947,28.76219825,1.4773,1.057716176
04-May-24,Machine 6,1943,28.82141019,1.4833,1.062075641
03-May-24,Machine 6,1956,31.69734151,1.6205,1.160291233
02-May-24,Machine 6,1940,25.25773196,1.3019,0.932192582
23-Oct-24,Machine 1,1120,10.71428571,0.9566,0.684948979
22-Oct-24,Machine 1,5418,4.245108896,0.0784,0.056099999
21-Oct-24,Machine 1,1921,4.164497657,0.2168,0.155220215
20-Oct-24,Machine 1,15,66.66666667,444.4444,318.2222222
16-Oct-24,Machine 1,4506,3.328894807,0.0739,0.052895887
15-Oct-24,Machine 1,1884,6.369426752,0.3381,0.242065263
11-Oct-24,Machine 1,2733,4.756677644,0.174,0.124616948
10-Oct-24,Machine 1,4182,3.586800574,0.0858,0.061409594
09-Oct-24,Machine 1,33,272.7272727,826.4463,591.7355371
08-Oct-24,Machine 1,4320,3.472222222,0.0804,0.057548868
07-Oct-24,Machine 1,4350,3.218390805,0.074,0.052973973
05-Oct-24,Machine 1,2799,2.85816363,0.1021,0.073113439
04-Oct-24,Machine 1,2615,4.588910134,0.1755,0.125646641
03-Oct-24,Machine 1,10,1000,10000,7160
28-Sep-24,Machine 1,4558,3.729706011,0.0818,0.058588624
27-Sep-24,Machine 1,4098,3.904343582,0.0953,0.068216447
26-Sep-24,Machine 1,3531,4.24808836,0.1203,0.086140789
25-Sep-24,Machine 1,3294,4.250151791,0.129,0.092383384
21-Sep-24,Machine 1,1275,7.843137255,0.6151,0.440445982
20-Sep-24,Machine 1,3039,4.277722935,0.1408,0.100784785
19-Sep-24,Machine 1,5586,2.864303616,0.0513,0.036713953
18-Sep-24,Machine 1,1542,7.133592737,0.4626,0.331235564
17-Sep-24,Machine 1,2057,5.347593583,0.26,0.186138892
16-Sep-24,Machine 1,2031,4.923682915,0.2424,0.173577399
15-Sep-24,Machine 1,3645,3.566529492,0.0978,0.070058577
14-Sep-24,Machine 1,2844,4.571026723,0.1607,0.115079294
13-Sep-24,Machine 1,4958,2.823719242,0.057,0.040778196
11-Sep-24,Machine 1,104,86.53846154,83.2101,59.57840237
10-Sep-24,Machine 1,3928,4.32790224,0.1102,0.07888946
09-Sep-24,Machine 1,6194,3.713270907,0.0599,0.042923829
06-Sep-24,Machine 1,6568,3.50182704,0.0533,0.038174607
05-Sep-24,Machine 1,6618,3.475370202,0.0525,0.037599956
04-Sep-24,Machine 1,6640,3.463855422,0.0522,0.037351212
03-Sep-24,Machine 1,6520,3.374233129,0.0518,0.037054462
02-Sep-24,Machine 1,6596,3.33535476,0.0506,0.036205488
31-Aug-24,Machine 1,7642,2.878827532,0.0377,0.026972527
30-Aug-24,Machine 1,7920,2.777777778,0.0351,0.025112233
29-Aug-24,Machine 1,7922,2.524614996,0.0319,0.022817778
24-Aug-24,Machine 1,7752,2.837977296,0.0366,0.026212484
23-Aug-24,Machine 1,7888,2.915821501,0.037,0.026467142
22-Aug-24,Machine 1,7744,2.970041322,0.0384,0.027460609
21-Aug-24,Machine 1,7724,2.848265148,0.0369,0.026402872
14-Aug-24,Machine 1,7918,3.031068452,0.0383,0.027409005
10-Aug-24,Machine 1,7854,2.928444105,0.0373,0.026696791
09-Aug-24,Machine 1,7942,3.021908839,0.038,0.0272436
07-Aug-24,Machine 1,28,357.1428571,1275.5102,913.265306
05-Aug-24,Machine 1,100,50,50,35.8
01-Aug-24,Machine 1,5140,2.140077821,0.0416,0.029811201
27-Jul-24,Machine 1,54,185.1851852,342.9355,245.5418382
26-Jul-24,Machine 1,3042,5.588428665,0.1837,0.131535665
25-Jul-24,Machine 1,9656,1.13918807,0.0118,0.008447169
24-Jul-24,Machine 1,9207,1.629195178,0.0177,0.012669749
23-Jul-24,Machine 1,5680,4.049295775,0.0713,0.05104394
22-Jul-24,Machine 1,4344,4.604051565,0.106,0.075886301
20-Jul-24,Machine 1,1230,17.07317073,1.3881,0.993852865
19-Jul-24,Machine 1,1303,16.88411358,1.2958,0.927783985
18-Jul-24,Machine 1,1259,17.47418586,1.3879,0.993766249
17-Jul-24,Machine 1,848,18.86792453,2.225,1.593093628
16-Jul-24,Machine 1,1387,15.86157174,1.1436,0.818809327
11-Jul-24,Machine 1,1384,15.89595376,1.1486,0.822362926
10-Jul-24,Machine 1,1043,17.25790988,1.6546,1.184723248
08-Jul-24,Machine 1,120,75,62.5,44.75
06-Jul-24,Machine 1,128,46.875,36.6211,26.22070313
04-Jul-24,Machine 1,4060,3.448275862,0.0849,0.060811959
03-Jul-24,Machine 1,6058,3.466490591,0.0572,0.040970737
02-Jul-24,Machine 1,5248,3.81097561,0.0726,0.051994256
01-Jul-24,Machine 1,3330,4.504504505,0.1353,0.09685361
30-Jun-24,Machine 1,2,1000,50000,35800
29-Jun-24,Machine 1,6210,3.220611916,0.0519,0.037132981
28-Jun-24,Machine 1,6344,3.310214376,0.0522,0.037359923
27-Jun-24,Machine 1,5476,3.469685902,0.0634,0.045366967
26-Jun-24,Machine 1,6376,3.293601004,0.0517,0.036985858
25-Jun-24,Machine 1,6052,3.304692664,0.0546,0.039097157
24-Jun-24,Machine 1,5806,3.444712367,0.0593,0.042480435
22-Jun-24,Machine 1,6472,3.244746601,0.0501,0.035896764
21-Jun-24,Machine 1,6330,3.317535545,0.0524,0.037525363
20-Jun-24,Machine 1,6564,3.199268739,0.0487,0.034897569
19-Jun-24,Machine 1,6192,3.22997416,0.0522,0.037349184
18-Jun-24,Machine 1,6144,3.41796875,0.0556,0.039831797
17-Jun-24,Machine 1,4898,3.674969375,0.075,0.05372148
16-Jun-24,Machine 1,3596,0,0,0
15-Jun-24,Machine 1,3270,0.917431193,0.0281,0.020088096
13-Jun-24,Machine 1,119,25.21008403,21.1849,15.16842031
12-Jun-24,Machine 1,995,18.09045226,1.8181,1.301785308
10-Jun-24,Machine 1,506,19.76284585,3.9057,2.796481745
08-Jun-24,Machine 1,6268,3.350350989,0.0535,0.038271399
05-Jun-24,Machine 1,2722,5.143277002,0.189,0.135289726
04-Jun-24,Machine 1,182,43.95604396,24.1517,17.29259751
01-Jun-24,Machine 1,5204,4.035357417,0.0775,0.055521059
31-May-24,Machine 1,6804,3.527336861,0.0518,0.037118948
29-May-24,Machine 1,6754,3.553449808,0.0526,0.037670567
28-May-24,Machine 1,6396,3.439649781,0.0538,0.038505148
27-May-24,Machine 1,5444,5.510653931,0.1012,0.072476639
26-May-24,Machine 1,4,750,18750,13425
25-May-24,Machine 1,3234,4.947433519,0.153,0.109535015
24-May-24,Machine 1,3224,8.064516129,0.2501,0.179100296
23-May-24,Machine 1,6504,4.151291513,0.0638,0.04569995
22-May-24,Machine 1,5638,5.498403689,0.0975,0.069827191
21-May-24,Machine 1,2470,14.17004049,0.5737,0.410759068
20-May-24,Machine 1,7260,4.132231405,0.0569,0.040753136
18-May-24,Machine 1,7540,4.24403183,0.0563,0.040301416
17-May-24,Machine 1,7810,5.377720871,0.0689,0.049301513
16-May-24,Machine 1,7750,4.387096774,0.0566,0.040531113
15-May-24,Machine 1,7596,4.476040021,0.0589,0.042191215
14-May-24,Machine 1,7384,4.739978332,0.0642,0.04596187
13-May-24,Machine 1,8066,4.091247211,0.0507,0.036317047
11-May-24,Machine 1,7948,4.026170106,0.0507,0.036269977
10-May-24,Machine 1,7610,4.467805519,0.0587,0.04203612
09-May-24,Machine 1,6780,5.309734513,0.0783,0.056073303
08-May-24,Machine 1,7064,4.530011325,0.0641,0.045915743
06-May-24,Machine 1,6590,4.097116844,0.0622,0.044514957
05-May-24,Machine 1,3390,6.194690265,0.1827,0.130837706
04-May-24,Machine 1,6918,4.914715236,0.071,0.050866379
03-May-24,Machine 1,7244,3.865267808,0.0534,0.038204469
02-May-24,Machine 1,7894,4.94046111,0.0626,0.044810871
30-Oct-24,Machine 4,3922,19.37786843,0.4941,0.353762208
29-Oct-24,Machine 4,6188,15.51389787,0.2507,0.179507933
28-Oct-24,Machine 4,6320,15.03164557,0.2378,0.170295225
27-Oct-24,Machine 4,6228,15.41425819,0.2475,0.177209519
26-Oct-24,Machine 4,5334,16.12298463,0.3023,0.216424016
25-Oct-24,Machine 4,3890,19.02313625,0.489,0.350143073
24-Oct-24,Machine 4,4923,15.23461304,0.3095,0.221571865
22-Oct-24,Machine 4,122,540.9836066,443.4292,317.495297
21-Oct-24,Machine 4,524,61.06870229,11.6543,8.344502069
20-Oct-24,Machine 4,26,1230.769231,4733.7278,3389.349113
19-Oct-24,Machine 4,22,1409.090909,6404.9587,4585.950413
18-Oct-24,Machine 4,920,43.47826087,4.7259,3.383742911
10-Oct-24,Machine 4,784,51.02040816,6.5077,4.659516868
09-Oct-24,Machine 4,4248,17.18455744,0.4045,0.289645554
08-Oct-24,Machine 4,2270,23.78854626,1.048,0.750334763
07-Oct-24,Machine 4,2141,17.28164409,0.8072,0.577938214
05-Oct-24,Machine 4,22,1272.727273,5785.124,4142.148761
01-Oct-24,Machine 4,26,1076.923077,4142.0118,2965.680474
28-Sep-24,Machine 4,9248,8.650519031,0.0935,0.066974174
27-Sep-24,Machine 4,8998,8.890864637,0.0988,0.070747489
26-Sep-24,Machine 4,8660,9.006928406,0.104,0.074468369
25-Sep-24,Machine 4,7512,10.38338658,0.1382,0.098968381
24-Sep-24,Machine 4,2416,19.45364238,0.8052,0.576523508
21-Sep-24,Machine 4,3278,18.91397193,0.577,0.413130076
20-Sep-24,Machine 4,1714,22.17036173,1.2935,0.926136464
17-Sep-24,Machine 4,5188,9.444872783,0.1821,0.130349439
16-Sep-24,Machine 4,7904,6.831983806,0.0864,0.061888922
15-Sep-24,Machine 4,4584,10.90750436,0.2379,0.170370269
14-Sep-24,Machine 4,9912,6.355932203,0.0641,0.045912505
13-Sep-24,Machine 4,10840,5.904059041,0.0545,0.03899729
12-Sep-24,Machine 4,11052,5.700325733,0.0516,0.036929363
11-Sep-24,Machine 4,10712,5.974607916,0.0558,0.039934833
10-Sep-24,Machine 4,10724,5.967922417,0.0557,0.03984551
09-Sep-24,Machine 4,9356,6.626763574,0.0708,0.050713582
06-Sep-24,Machine 4,8024,7.60219342,0.0947,0.067836123
05-Sep-24,Machine 4,9744,6.05500821,0.0621,0.044492876
04-Sep-24,Machine 4,9248,6.055363322,0.0655,0.046881922
03-Sep-24,Machine 4,5556,7.559395248,0.1361,0.097417693
30-Aug-24,Machine 4,32,1000,3125,2237.5
01-Aug-24,Machine 4,6298,15.87805653,0.2521,0.180512678
30-Jul-24,Machine 4,6520,15.64417178,0.2399,0.17179796
29-Jul-24,Machine 4,5710,16.63747811,0.2914,0.208624069
28-Jul-24,Machine 4,8,1875,23437.5,16781.25
27-Jul-24,Machine 4,4598,18.05132666,0.3926,0.281095039
26-Jul-24,Machine 4,6562,15.54404145,0.2369,0.169605816
25-Jul-24,Machine 4,5074,17.14623571,0.3379,0.241953188
24-Jul-24,Machine 4,5658,16.6136444,0.2936,0.210239827
23-Jul-24,Machine 4,2612,24.88514548,0.9527,0.682150236
20-Jul-24,Machine 4,70,514.2857143,734.6939,526.0408163
12-Jul-24,Machine 4,1036,31.85328185,3.0746,2.201443031
11-Jul-24,Machine 4,6060,18.81188119,0.3104,0.222265791
10-Jul-24,Machine 4,5058,19.37524713,0.3831,0.274271984
09-Jul-24,Machine 4,2432,20.55921053,0.8454,0.605279389
08-Jul-24,Machine 4,6270,18.66028708,0.2976,0.21309036
06-Jul-24,Machine 4,5474,20.46035806,0.3738,0.267621782
04-Jul-24,Machine 4,2568,23.75389408,0.925,0.662297047
03-Jul-24,Machine 4,1202,41.59733777,3.4607,2.477844746
02-Jul-24,Machine 4,6016,18.28457447,0.3039,0.217615614
01-Jul-24,Machine 4,6120,18.62745098,0.3044,0.217929002
29-Jun-24,Machine 4,3276,24.11477411,0.7361,0.527050619
28-Jun-24,Machine 4,5988,19.20507682,0.3207,0.229639863
27-Jun-24,Machine 4,4852,19.99175598,0.412,0.295014371
26-Jun-24,Machine 4,5818,19.07872121,0.3279,0.23479485
25-Jun-24,Machine 4,5766,18.73048907,0.3248,0.232588106
24-Jun-24,Machine 4,5956,18.63666891,0.3129,0.224040546
22-Jun-24,Machine 4,6050,18.51239669,0.306,0.21908886
21-Jun-24,Machine 4,6108,18.33660773,0.3002,0.214947792
20-Jun-24,Machine 4,6134,19.23703945,0.3136,0.224547118
18-Jun-24,Machine 4,6084,18.57330703,0.3053,0.218581325
17-Jun-24,Machine 4,5746,20.71005917,0.3604,0.258064782
16-Jun-24,Machine 4,6122,1.960143744,0.032,0.022924909
15-Jun-24,Machine 4,600,16.66666667,2.7778,1.988888889
14-Jun-24,Machine 4,980,0,0,0
13-Jun-24,Machine 4,1336,18.71257485,1.4006,1.00285955
12-Jun-24,Machine 4,6166,19.29938372,0.313,0.224105721
10-Jun-24,Machine 4,5728,20.60055866,0.3596,0.257506983
08-Jun-24,Machine 4,5380,20.07434944,0.3731,0.267160487
07-Jun-24,Machine 4,4832,20.07450331,0.4154,0.297461597
06-Jun-24,Machine 4,5252,19.99238385,0.3807,0.272554205
01-Jun-24,Machine 4,4536,21.38447972,0.4714,0.337550429
28-May-24,Machine 4,6000,17.66666667,0.2944,0.210822222
27-May-24,Machine 4,6272,28.69897959,0.4576,0.32762228
25-May-24,Machine 4,3254,32.88260602,1.0105,0.723538596
24-May-24,Machine 4,6172,29.32598833,0.4751,0.340204272
23-May-24,Machine 4,6120,29.73856209,0.4859,0.347921739
22-May-24,Machine 4,5806,27.04099208,0.4657,0.333471415
21-May-24,Machine 4,6092,28.72619829,0.4715,0.337622422
20-May-24,Machine 4,5982,28.25142093,0.4723,0.338148067
18-May-24,Machine 4,6100,29.18032787,0.4784,0.342510078
17-May-24,Machine 4,6222,30.53680489,0.4908,0.351403926
16-May-24,Machine 4,6136,27.86831812,0.4542,0.325190935
15-May-24,Machine 4,6156,29.40220923,0.4776,0.341975013
14-May-24,Machine 4,5838,28.60568688,0.49,0.350833707
13-May-24,Machine 4,5948,29.42165434,0.4946,0.354167863
11-May-24,Machine 4,6206,26.42603932,0.4258,0.304883083
10-May-24,Machine 4,5780,28.37370242,0.4909,0.351480466
09-May-24,Machine 4,5352,34.56651719,0.6459,0.462436964
08-May-24,Machine 4,5766,26.88172043,0.4662,0.333807004
06-May-24,Machine 4,6116,27.46893394,0.4491,0.321578756
05-May-24,Machine 4,6222,28.1260045,0.452,0.323661511
04-May-24,Machine 4,6376,25.72145546,0.4034,0.28884194
03-May-24,Machine 4,6418,26.48800249,0.4127,0.295503424
02-May-24,Machine 4,6232,25.03209243,0.4017,0.287595927
27-Oct-24,Machine 2,14,0,0,0
26-Oct-24,Machine 2,2798,5.718370264,0.2044,0.146331419
25-Oct-24,Machine 2,3146,5.085823268,0.1617,0.115748552
24-Oct-24,Machine 2,2820,5.673758865,0.2012,0.14405714
23-Oct-24,Machine 2,2980,4.697986577,0.1577,0.112877798
22-Oct-24,Machine 2,2192,10.49270073,0.4787,0.342736027
21-Oct-24,Machine 2,906,8.830022075,0.9746,0.697825144
20-Oct-24,Machine 2,16,62.5,390.625,279.6875
16-Oct-24,Machine 2,3248,4.926108374,0.1517,0.108592783
15-Oct-24,Machine 2,2280,6.140350877,0.2693,0.192828563
14-Oct-24,Machine 2,922,13.01518438,1.4116,1.010723646
11-Oct-24,Machine 2,1802,7.214206437,0.4003,0.286646604
10-Oct-24,Machine 2,3106,5.151320026,0.1659,0.118749039
09-Oct-24,Machine 2,3394,5.008839128,0.1476,0.10566673
08-Oct-24,Machine 2,1694,7.674144038,0.453,0.324361696
05-Oct-24,Machine 2,1846,4.875406284,0.2641,0.189100265
03-Oct-24,Machine 2,3086,4.86066105,0.1575,0.112774897
28-Sep-24,Machine 2,3384,5.319148936,0.1572,0.112544641
27-Sep-24,Machine 2,3705,4.318488529,0.1166,0.083455811
26-Sep-24,Machine 2,342,32.16374269,9.4046,6.733695838
20-Sep-24,Machine 2,1075,10.23255814,0.9519,0.681535965
19-Sep-24,Machine 2,2804,5.349500713,0.1908,0.136599234
18-Sep-24,Machine 2,132,75.75757576,57.3921,41.09274564
17-Sep-24,Machine 2,20,200,1000,716
16-Sep-24,Machine 2,2318,4.745470233,0.2047,0.146581393
15-Sep-24,Machine 2,3927,4.838298956,0.1232,0.088215484
14-Sep-24,Machine 2,3039,4.277722935,0.1408,0.100784785
13-Sep-24,Machine 2,3835,3.389830508,0.0884,0.063288622
10-Sep-24,Machine 2,2584,5.80495356,0.2246,0.160849332
06-Sep-24,Machine 2,1044,11.49425287,1.101,0.788303166
05-Sep-24,Machine 2,5940,4.208754209,0.0709,0.050731785
04-Sep-24,Machine 2,6472,4.017305315,0.0621,0.044443613
03-Sep-24,Machine 2,6500,4,0.0615,0.044061538
02-Sep-24,Machine 2,5850,4.273504274,0.0731,0.05230477
31-Aug-24,Machine 2,4236,5.901794145,0.1393,0.099756483
30-Aug-24,Machine 2,6348,3.938248267,0.062,0.044420066
24-Aug-24,Machine 2,6524,3.832004905,0.0587,0.042055725
23-Aug-24,Machine 2,6618,3.928679359,0.0594,0.042504298
21-Aug-24,Machine 2,5278,4.357711254,0.0826,0.059115598
14-Aug-24,Machine 2,6642,4.06504065,0.0612,0.043820673
13-Aug-24,Machine 2,6766,3.99054094,0.059,0.042229195
07-Aug-24,Machine 2,6536,4.130966952,0.0632,0.045253555
06-Aug-24,Machine 2,6558,4.117108875,0.0628,0.044950442
01-Aug-24,Machine 2,6344,4.255989912,0.0671,0.048034186
30-Jul-24,Machine 2,6700,4.029850746,0.0601,0.043065271
29-Jul-24,Machine 2,5988,4.342017368,0.0725,0.051918578
27-Jul-24,Machine 2,6306,4.123057406,0.0654,0.04681429
26-Jul-24,Machine 2,6396,4.221388368,0.066,0.047256318
25-Jul-24,Machine 2,6444,4.189944134,0.065,0.046554935
24-Jul-24,Machine 2,6026,4.480584135,0.0744,0.053237608
23-Jul-24,Machine 2,4088,4.892367906,0.1197,0.085688244
19-Jul-24,Machine 2,38,105.2631579,277.0083,198.3379501
11-Jul-24,Machine 2,3758,3.193187866,0.085,0.060838811
10-Jul-24,Machine 2,3378,4.440497336,0.1315,0.094120666
06-Jul-24,Machine 2,726,9.64187328,1.3281,0.950906511
04-Jul-24,Machine 2,5278,3.031451307,0.0574,0.041123894
03-Jul-24,Machine 2,7960,3.015075377,0.0379,0.027120527
02-Jul-24,Machine 2,3682,3.802281369,0.1033,0.073938986
29-Jun-24,Machine 2,7880,3.172588832,0.0403,0.028827076
28-Jun-24,Machine 2,7792,3.080082136,0.0395,0.028302603
27-Jun-24,Machine 2,6934,3.172771849,0.0458,0.032761821
25-Jun-24,Machine 2,7788,2.953261428,0.0379,0.027151196
24-Jun-24,Machine 2,8008,3.121878122,0.039,0.027912896
22-Jun-24,Machine 2,8134,2.950577821,0.0363,0.02597263
21-Jun-24,Machine 2,8078,3.094825452,0.0383,0.027431233
20-Jun-24,Machine 2,8308,3.009147809,0.0362,0.025933436
19-Jun-24,Machine 2,8100,2.962962963,0.0366,0.026191129
18-Jun-24,Machine 2,7316,3.143794423,0.043,0.030767589
17-Jun-24,Machine 2,7210,3.19001387,0.0442,0.031678917
16-Jun-24,Machine 2,716,2.793296089,0.3901,0.279329609
12-Jun-24,Machine 2,7906,3.035669112,0.0384,0.027492273
10-Jun-24,Machine 2,7878,3.046458492,0.0387,0.027688046
08-Jun-24,Machine 2,7366,3.122454521,0.0424,0.030351309
04-Jun-24,Machine 2,4302,4.881450488,0.1135,0.081244039
01-Jun-24,Machine 2,2632,4.559270517,0.1732,0.124028788
31-May-24,Machine 2,7288,2.881448957,0.0395,0.028308417
29-May-24,Machine 2,7704,2.725856698,0.0354,0.025333767
28-May-24,Machine 2,7834,2.680622926,0.0342,0.024499949
27-May-24,Machine 2,7688,4.812695109,0.0626,0.044821666
26-May-24,Machine 2,4,500,12500,8950
25-May-24,Machine 2,7312,5.470459519,0.0748,0.05356741
24-May-24,Machine 2,7368,5.700325733,0.0774,0.055394045
23-May-24,Machine 2,4206,5.943889681,0.1413,0.101184617
22-May-24,Machine 2,7292,4.93691717,0.0677,0.048475489
21-May-24,Machine 2,7766,5.408189544,0.0696,0.049861753
20-May-24,Machine 2,7698,4.676539361,0.0608,0.043497041
18-May-24,Machine 2,7598,4.869702553,0.0641,0.0458898
17-May-24,Machine 2,8076,4.457652303,0.0552,0.039520543
16-May-24,Machine 2,8098,4.198567548,0.0518,0.03712243
14-May-24,Machine 2,7314,5.058791359,0.0692,0.049522759
13-May-24,Machine 2,7792,3.850102669,0.0494,0.035378253
11-May-24,Machine 2,8052,5.464480874,0.0679,0.048591261
10-May-24,Machine 2,7796,5.772190867,0.074,0.053012938
09-May-24,Machine 2,7176,6.13154961,0.0854,0.061178784
08-May-24,Machine 2,7374,5.017629509,0.068,0.048720135
03-May-24,Machine 2,2858,7.347795661,0.2571,0.184080535
02-May-24,Machine 2,7662,4.176455234,0.0545,0.039028216
30-Oct-24,Machine 5,3278,1.830384381,0.0558,0.03998033
29-Oct-24,Machine 5,3906,1.53609831,0.0393,0.02815787
28-Oct-24,Machine 5,6670,1.349325337,0.0202,0.014484512
27-Oct-24,Machine 5,6584,2.12636695,0.0323,0.023123918
26-Oct-24,Machine 5,890,12.35955056,1.3887,0.994318899
23-Oct-24,Machine 5,1248,3.205128205,0.2568,0.183883958
22-Oct-24,Machine 5,10,300,3000,2148
21-Oct-24,Machine 5,2872,1.740947075,0.0606,0.043402441
16-Oct-24,Machine 5,5816,1.547455296,0.0266,0.019050516
15-Oct-24,Machine 5,4042,1.979218209,0.049,0.035059877
08-Oct-24,Machine 5,598,5.016722408,0.8389,0.600664422
07-Oct-24,Machine 5,834,2.398081535,0.2875,0.205878463
05-Oct-24,Machine 5,559,14.31127013,2.5602,1.833071451
01-Oct-24,Machine 5,105,19.04761905,18.1406,12.98866213
30-Sep-24,Machine 5,1,5000,500000,358000
28-Sep-24,Machine 5,624,8.012820513,1.2841,0.91941979
27-Sep-24,Machine 5,679,10.30927835,1.5183,1.087105051
26-Sep-24,Machine 5,706,7.082152975,1.0031,0.718246676
25-Sep-24,Machine 5,722,8.310249307,1.151,0.824118906
24-Sep-24,Machine 5,704,8.522727273,1.2106,0.866800103
23-Sep-24,Machine 5,1264,7.120253165,0.5633,0.403330796
21-Sep-24,Machine 5,1085,7.373271889,0.6796,0.486567988
20-Sep-24,Machine 5,1204,7.475083056,0.6209,0.444531517
19-Sep-24,Machine 5,1219,7.383100902,0.6057,0.433658757
18-Sep-24,Machine 5,606,9.9009901,1.6338,1.169819952
17-Sep-24,Machine 5,422,11.84834123,2.8077,2.01028728
16-Sep-24,Machine 5,674,11.8694362,1.761,1.260907466
15-Sep-24,Machine 5,370,5.405405405,1.4609,1.046018992
14-Sep-24,Machine 5,599,10.01669449,1.6722,1.197321078
13-Sep-24,Machine 5,3,7333.333333,244444.4444,175022.2222
10-Sep-24,Machine 5,502,5.976095618,1.1905,0.852367423
09-Sep-24,Machine 5,565,10.61946903,1.8796,1.345759261
06-Sep-24,Machine 5,729,9.60219479,1.3172,0.943096224
05-Sep-24,Machine 5,737,9.497964722,1.2887,0.922733072
04-Sep-24,Machine 5,666,19.51951952,2.9309,2.098494891
31-Aug-24,Machine 5,129,7.751937984,6.0093,4.302626044
30-Aug-24,Machine 5,117,25.64102564,21.9154,15.69143108
29-Aug-24,Machine 5,14,214.2857143,1530.6122,1095.918367
28-Aug-24,Machine 5,55,36.36363636,66.1157,47.33884297
13-Aug-24,Machine 5,163,55.21472393,33.8741,24.25382965
09-Aug-24,Machine 5,86,34.88372093,40.5625,29.0427258
30-Jul-24,Machine 5,3846,1.560062402,0.0406,0.029043283
06-Jul-24,Machine 5,4,500,12500,8950
04-Jul-24,Machine 5,4166,1.440230437,0.0346,0.02475288
03-Jul-24,Machine 5,6198,1.613423685,0.026,0.018638454
02-Jul-24,Machine 5,6300,1.428571429,0.0227,0.016235828
01-Jul-24,Machine 5,6608,1.513317191,0.0229,0.016397323
29-Jun-24,Machine 5,6886,1.4522219,0.0211,0.015100071
28-Jun-24,Machine 5,4904,1.835236542,0.0374,0.026795052
27-Jun-24,Machine 5,5056,1.780063291,0.0352,0.025208175
26-Jun-24,Machine 5,6554,1.830942936,0.0279,0.020002367
25-Jun-24,Machine 5,6388,1.72197871,0.027,0.019300826
24-Jun-24,Machine 5,6248,1.76056338,0.0282,0.02017547
23-Jun-24,Machine 5,2,0,0,0
22-Jun-24,Machine 5,6470,1.545595054,0.0239,0.017104267
21-Jun-24,Machine 5,6158,1.786294251,0.029,0.020769514
20-Jun-24,Machine 5,6618,1.662133575,0.0251,0.017982587
19-Jun-24,Machine 5,6744,1.631079478,0.0242,0.017316917
18-Jun-24,Machine 5,6106,1.637733377,0.0268,0.019204342
17-Jun-24,Machine 5,6536,1.682986536,0.0257,0.018436633
16-Jun-24,Machine 5,392,0,0,0
15-Jun-24,Machine 5,1672,0,0,0
13-Jun-24,Machine 5,1432,1.396648045,0.0975,0.069832402
12-Jun-24,Machine 5,6522,1.686599203,0.0259,0.01851587
10-Jun-24,Machine 5,5988,1.67000668,0.0279,0.019968684
08-Jun-24,Machine 5,5770,1.733102253,0.03,0.021506087
06-Jun-24,Machine 5,5306,1.884658877,0.0355,0.025431884
29-May-24,Machine 5,5946,1.513622603,0.0255,0.018226602
28-May-24,Machine 5,5684,1.407459536,0.0248,0.017729434
27-May-24,Machine 5,6252,2.719129878,0.0435,0.031140387
26-May-24,Machine 5,12,83.33333333,694.4444,497.2222222
25-May-24,Machine 5,5992,2.336448598,0.039,0.027918845
24-May-24,Machine 5,4686,1.920614597,0.041,0.029346139
23-May-24,Machine 5,6092,4.432042022,0.0728,0.052090317
22-May-24,Machine 5,5403,4.256894318,0.0788,0.056411925
21-May-24,Machine 5,5302,2.640513014,0.0498,0.03565838
20-May-24,Machine 5,5892,3.224711473,0.0547,0.039186921
16-May-24,Machine 5,812,1.231527094,0.1517,0.108592783
15-May-24,Machine 5,6242,1.92246075,0.0308,0.022051937
14-May-24,Machine 5,6060,2.475247525,0.0408,0.029245499
13-May-24,Machine 5,6238,1.763385701,0.0283,0.020240208
12-May-24,Machine 5,2,1500,75000,53700
11-May-24,Machine 5,5740,2.961672474,0.0516,0.03694351
10-May-24,Machine 5,6442,2.949394598,0.0458,0.032781225
09-May-24,Machine 5,5926,2.193722578,0.037,0.026505322
08-May-24,Machine 5,6218,2.894821486,0.0466,0.033333744
07-May-24,Machine 5,18,0,0,0
06-May-24,Machine 5,6390,2.660406886,0.0416,0.02980988
05-May-24,Machine 5,6422,3.114294612,0.0485,0.034721815
04-May-24,Machine 5,6326,2.529244388,0.04,0.02862692
03-May-24,Machine 5,6092,3.118844386,0.0512,0.036656149
02-May-24,Machine 5,5840,3.082191781,0.0528,0.037788516
26-Oct-24,Machine 3,1452,3.443526171,0.2372,0.169804734
25-Oct-24,Machine 3,4042,3.711034142,0.0918,0.06573727
24-Oct-24,Machine 3,6064,3.298153034,0.0544,0.038942572
23-Oct-24,Machine 3,6308,2.536461636,0.0402,0.028790528
22-Oct-24,Machine 3,1696,8.254716981,0.4867,0.348489231
16-Oct-24,Machine 3,3184,4.396984925,0.1381,0.098876922
15-Oct-24,Machine 3,3186,4.394224733,0.1379,0.098752822
14-Oct-24,Machine 3,4172,3.835091083,0.0919,0.065817958
08-Oct-24,Machine 3,3284,4.263093788,0.1298,0.092946868
07-Oct-24,Machine 3,5998,3.334444815,0.0556,0.03980431
05-Oct-24,Machine 3,6352,3.14861461,0.0496,0.035491311
04-Oct-24,Machine 3,5766,3.121748179,0.0541,0.038764684
03-Oct-24,Machine 3,7078,2.966939814,0.0419,0.030013124
01-Oct-24,Machine 3,6972,3.012048193,0.0432,0.030932681
30-Sep-24,Machine 3,6258,3.036113774,0.0485,0.034737256
29-Sep-24,Machine 3,32,125,390.625,279.6875
28-Sep-24,Machine 3,3584,3.069196429,0.0856,0.06131542
24-Sep-24,Machine 3,2628,4.946727549,0.1882,0.134773856
23-Sep-24,Machine 3,3204,3.433208489,0.1072,0.076722137
21-Sep-24,Machine 3,6160,3.084415584,0.0501,0.035851324
20-Sep-24,Machine 3,3242,4.318322023,0.1332,0.095370715
19-Sep-24,Machine 3,1920,5.729166667,0.2984,0.213650174
18-Sep-24,Machine 3,6266,3.032237472,0.0484,0.034648612
17-Sep-24,Machine 3,2888,4.501385042,0.1559,0.111599435
16-Sep-24,Machine 3,2660,4.135338346,0.1555,0.111312115
15-Sep-24,Machine 3,3022,4.301786896,0.1423,0.101921887
14-Sep-24,Machine 3,3226,4.339739616,0.1345,0.096319081
13-Sep-24,Machine 3,3584,3.90625,0.109,0.078037807
12-Sep-24,Machine 3,6512,3.071253071,0.0472,0.033768692
11-Sep-24,Machine 3,6670,2.848575712,0.0427,0.030578414
10-Sep-24,Machine 3,6188,3.232062056,0.0522,0.037397486
09-Sep-24,Machine 3,6128,3.100522193,0.0506,0.036226728
07-Sep-24,Machine 3,28,0,0,0
06-Sep-24,Machine 3,6184,3.072445019,0.0497,0.035573587
05-Sep-24,Machine 3,6274,3.028371055,0.0483,0.034560307
04-Sep-24,Machine 3,6054,3.138420879,0.0518,0.037117763
03-Sep-24,Machine 3,5188,3.276792598,0.0632,0.045223275
02-Sep-24,Machine 3,7006,2.997430774,0.0428,0.030633178
31-Aug-24,Machine 3,5334,3.749531309,0.0703,0.050331166
24-Aug-24,Machine 3,7834,2.552974215,0.0326,0.023333285
23-Aug-24,Machine 3,7958,2.638853983,0.0332,0.023742391
11-Aug-24,Machine 3,6,500,8333.3333,5966.666667
07-Aug-24,Machine 3,28,392.8571429,1403.0612,1004.591837
02-Aug-24,Machine 3,2728,5.131964809,0.1881,0.134695264
01-Aug-24,Machine 3,1050,11.42857143,1.0884,0.779319728
31-Jul-24,Machine 3,2844,4.571026723,0.1607,0.115079294
26-Jul-24,Machine 3,22,181.8181818,826.4463,591.7355371
06-Jul-24,Machine 3,436,13.76146789,3.1563,2.259910782
04-Jul-24,Machine 3,5150,2.912621359,0.0566,0.04049392
03-Jul-24,Machine 3,7534,2.920095567,0.0388,0.027751373
02-Jul-24,Machine 3,7218,2.909393184,0.0403,0.028860149
01-Jul-24,Machine 3,7264,3.028634361,0.0417,0.029852729
30-Jun-24,Machine 3,3480,3.16091954,0.0908,0.065035011
29-Jun-24,Machine 3,7422,2.829426031,0.0381,0.02729546
28-Jun-24,Machine 3,7610,2.759526938,0.0363,0.025963486
27-Jun-24,Machine 3,6684,2.992220227,0.0448,0.032053107
26-Jun-24,Machine 3,7860,2.798982188,0.0356,0.02549709
25-Jun-24,Machine 3,6138,3.258390355,0.0531,0.038009246
24-Jun-24,Machine 3,6548,3.35980452,0.0513,0.036738241
23-Jun-24,Machine 3,22,45.45454545,206.6116,147.9338843
22-Jun-24,Machine 3,7072,2.969457014,0.042,0.030064073
21-Jun-24,Machine 3,6566,3.198294243,0.0487,0.034876312
20-Jun-24,Machine 3,6576,3.04136253,0.0462,0.033114592
19-Jun-24,Machine 3,7092,2.96108291,0.0418,0.029894746
18-Jun-24,Machine 3,6666,3.150315032,0.0473,0.033837767
17-Jun-24,Machine 3,7034,3.127665624,0.0445,0.031836915
16-Jun-24,Machine 3,430,2.325581395,0.5408,0.387236344
15-Jun-24,Machine 3,822,3.649635036,0.444,0.317900083
13-Jun-24,Machine 3,1518,3.293807642,0.217,0.155360097
12-Jun-24,Machine 3,6934,3.028554947,0.0437,0.031272647
10-Jun-24,Machine 3,7216,3.048780488,0.0423,0.030251203
08-Jun-24,Machine 3,6886,2.904443799,0.0422,0.030200142
06-Jun-24,Machine 3,6562,3.047851265,0.0464,0.033256042
19-Oct-24,Machine 3,3306,4.537205082,0.1372,0.098264938
18-Oct-24,Machine 3,2568,5.062305296,0.1971,0.141145272
17-Oct-24,Machine 3,4868,3.492193919,0.0717,0.051364233
30-Aug-24,Machine 3,7946,2.265290712,0.0285,0.020412134
29-Aug-24,Machine 3,7966,2.259603314,0.0284,0.020309766
28-Aug-24,Machine 3,7260,2.61707989,0.036,0.02581032
22-Aug-24,Machine 3,7760,2.706185567,0.0349,0.024969444
21-Aug-24,Machine 3,7696,2.598752599,0.0338,0.024177584
20-Aug-24,Machine 3,7230,2.904564315,0.0402,0.028764427
17-Aug-24,Machine 3,7660,2.74151436,0.0358,0.025625643
16-Aug-24,Machine 3,6604,3.028467595,0.0459,0.032834385
14-Aug-24,Machine 3,7654,2.743663444,0.0358,0.025665835
13-Aug-24,Machine 3,8214,2.67835403,0.0326,0.023346743
12-Aug-24,Machine 3,7664,2.740083507,0.0358,0.025598901
10-Aug-24,Machine 3,7736,2.843846949,0.0368,0.026321024
09-Aug-24,Machine 3,7800,2.692307692,0.0345,0.024714004
08-Aug-24,Machine 3,7744,2.840909091,0.0367,0.02626667
05-Aug-24,Machine 3,1194,9.212730318,0.7716,0.552455185
03-Aug-24,Machine 3,2922,5.475701574,0.1874,0.134175302
11-Jun-24,Machine 3,6512,3.378378378,0.0519,0.037145561
07-Jun-24,Machine 3,6204,2.901353965,0.0468,0.033484356
05-Jun-24,Machine 3,7388,2.842447212,0.0385,0.027547269
04-Jun-24,Machine 3,7264,2.890969163,0.0398,0.028495786
03-Jun-24,Machine 3,7482,2.806736167,0.0375,0.026859437
01-Jun-24,Machine 3,5880,3.06122449,0.0521,0.037276135
20-Oct-24,Machine 5,5272,1.707132018,0.0324,0.023184873
19-Oct-24,Machine 5,5772,1.559251559,0.027,0.019342067
18-Oct-24,Machine 5,5694,1.756234633,0.0308,0.022084018
17-Oct-24,Machine 5,5908,1.692620176,0.0286,0.020513136
11-Jun-24,Machine 5,6726,1.635444544,0.0243,0.017409728
07-Jun-24,Machine 5,5066,1.579155152,0.0312,0.022318892
05-Jun-24,Machine 5,6142,1.628134158,0.0265,0.018979877
04-Jun-24,Machine 5,4898,1.837484688,0.0375,0.02686074
03-Jun-24,Machine 5,5694,1.58061117,0.0278,0.019875616
01-Jun-24,Machine 5,4842,1.652209831,0.0341,0.024431686
31-May-24,Machine 5,6178,1.45678213,0.0236,0.016883393
30-May-24,Machine 5,5926,1.687478907,0.0285,0.020388709
08-Aug-24,Machine 4,2352,26.78571429,1.1388,0.815415452
07-Aug-24,Machine 4,6620,15.40785498,0.2327,0.166646891
06-Aug-24,Machine 4,6592,15.625,0.237,0.169713289
05-Aug-24,Machine 4,5444,16.53196179,0.3037,0.217429916
03-Aug-24,Machine 4,6292,15.73426573,0.2501,0.179048542
02-Aug-24,Machine 4,6400,15.78125,0.2466,0.176552734
31-Jul-24,Machine 4,5840,16.26712329,0.2785,0.199439388
11-Jun-24,Machine 4,5922,19.75683891,0.3336,0.238870258
05-Jun-24,Machine 4,5874,19.23731699,0.3275,0.234489598
04-Jun-24,Machine 4,5184,20.44753086,0.3944,0.282415743
03-Jun-24,Machine 4,5476,20.27027027,0.3702,0.265038596
31-May-24,Machine 4,6168,18.64461738,0.3023,0.216432329
30-May-24,Machine 4,6392,18.46057572,0.2888,0.206786174
29-May-24,Machine 4,6382,18.48950172,0.2897,0.207434711
19-Oct-24,Machine 6,2041,18.61832435,0.9122,0.653146508
18-Oct-24,Machine 6,2009,18.91488303,0.9415,0.674119276
17-Oct-24,Machine 6,2020,18.31683168,0.9068,0.649250073
30-Sep-24,Machine 6,1742,20.66590126,1.1863,0.849413622
30-Aug-24,Machine 6,2002,17.98201798,0.8982,0.643113131
29-Aug-24,Machine 6,5028,6.961018298,0.1384,0.099126673
28-Aug-24,Machine 6,2577,11.25339542,0.4367,0.312667098
22-Aug-24,Machine 6,2039,17.1652771,0.8418,0.602763041
21-Aug-24,Machine 6,5209,6.527164523,0.1253,0.089718752
20-Aug-24,Machine 6,3223,10.54917778,0.3273,0.234353437
17-Aug-24,Machine 6,1876,17.59061834,0.9377,0.671369016
16-Aug-24,Machine 6,1832,19.10480349,1.0428,0.746672451
14-Aug-24,Machine 6,1937,17.55291688,0.9062,0.648832653
13-Aug-24,Machine 6,1992,17.06827309,0.8568,0.613498169
12-Aug-24,Machine 6,1950,17.94871795,0.9204,0.659040105
11-Aug-24,Machine 6,1767,18.10979061,1.0249,0.733820604
10-Aug-24,Machine 6,1983,17.65002521,0.8901,0.637287849
09-Aug-24,Machine 6,1118,20.57245081,1.8401,1.317520106
08-Aug-24,Machine 6,1929,17.10730949,0.8868,0.634983597
07-Aug-24,Machine 6,1957,17.37353091,0.8878,0.635638637
06-Aug-24,Machine 6,1965,17.30279898,0.8805,0.63047349
05-Aug-24,Machine 6,1716,18.06526807,1.0528,0.753772257
04-Aug-24,Machine 6,1949,17.44484351,0.8951,0.640867519
03-Aug-24,Machine 6,1961,16.8281489,0.8581,0.614429098
02-Aug-24,Machine 6,1903,17.34104046,0.9112,0.65245323
31-Jul-24,Machine 6,1106,22.6039783,2.0438,1.463331687
11-Jun-24,Machine 6,1946,17.4717369,0.8978,0.642844996
08-Jun-24,Machine 6,1882,18.06588735,0.9599,0.687310061
07-Jun-24,Machine 6,1598,18.14768461,1.1356,0.813125293
06-Jun-24,Machine 6,1733,18.46508944,1.0655,0.762896944
05-Jun-24,Machine 6,1907,17.82905087,0.9349,0.669407468
04-Jun-24,Machine 6,1578,19.01140684,1.2048,0.862621502
03-Jun-24,Machine 6,1572,19.08396947,1.214,0.869218966
01-Jun-24,Machine 6,1943,18.01338137,0.9271,0.663797275
31-May-24,Machine 6,1971,17.75748351,0.9009,0.645071446
28-May-24,Machine 6,1849,17.30665224,0.936,0.670176474
26-May-24,Machine 6,2011,28.84137245,1.4342,1.02687333
19-Oct-24,Machine 1,4350,3.448275862,0.0793,0.056757828
18-Oct-24,Machine 1,4611,3.253090436,0.0706,0.050514265
17-Oct-24,Machine 1,4815,3.115264798,0.0647,0.046324602
28-Aug-24,Machine 1,7370,2.442333786,0.0331,0.023727422
20-Aug-24,Machine 1,7500,3.066666667,0.0409,0.029276444
17-Aug-24,Machine 1,7788,2.953261428,0.0379,0.027151196
16-Aug-24,Machine 1,6936,3.171856978,0.0457,0.03274293
13-Aug-24,Machine 1,7944,2.895266868,0.0364,0.026095306
12-Aug-24,Machine 1,7836,3.062787136,0.0391,0.027985651
08-Aug-24,Machine 1,6966,3.01464255,0.0433,0.03098599
03-Aug-24,Machine 1,7908,1.77035913,0.0224,0.016029048
02-Aug-24,Machine 1,8780,1.708428246,0.0195,0.013932057
15-Jul-24,Machine 1,1334,16.49175412,1.2363,0.885164614
13-Jul-24,Machine 1,1391,15.81595974,1.137,0.814106914
12-Jul-24,Machine 1,1500,15.33333333,1.0222,0.731911111
09-Jul-24,Machine 1,181,27.62430939,15.262,10.92762736
11-Jun-24,Machine 1,1030,18.44660194,1.7909,1.282307475
07-Jun-24,Machine 1,5586,3.58037952,0.0641,0.045892441
06-Jun-24,Machine 1,6228,3.371868979,0.0541,0.038764582
03-Jun-24,Machine 1,1362,5.873715125,0.4313,0.308779738
30-May-24,Machine 1,6490,3.543913713,0.0546,0.039097723
19-Oct-24,Machine 2,3212,5.292652553,0.1648,0.117980673
18-Oct-24,Machine 2,3028,5.284015852,0.1745,0.124945685
17-Oct-24,Machine 2,3262,4.904966278,0.1504,0.107662657
04-Oct-24,Machine 2,3226,4.959702418,0.1537,0.11007895
29-Aug-24,Machine 2,6594,4.246284501,0.0644,0.046107669
28-Aug-24,Machine 2,6094,3.610108303,0.0592,0.042416107
22-Aug-24,Machine 2,6312,4.11913815,0.0653,0.046725331
20-Aug-24,Machine 2,5900,4.406779661,0.0747,0.053478885
17-Aug-24,Machine 2,6358,3.932054105,0.0618,0.044280446
16-Aug-24,Machine 2,5688,4.395218003,0.0773,0.055326584
12-Aug-24,Machine 2,6652,4.058929645,0.061,0.04368902
10-Aug-24,Machine 2,3378,5.328596803,0.1577,0.112944799
09-Aug-24,Machine 2,3572,5.319148936,0.1489,0.106621238
08-Aug-24,Machine 2,6630,4.07239819,0.0614,0.043979443
05-Aug-24,Machine 2,5670,4.232804233,0.0747,0.053451284
03-Aug-24,Machine 2,6438,4.03852128,0.0627,0.044914278
02-Aug-24,Machine 2,6690,4.035874439,0.0603,0.043194112
31-Jul-24,Machine 2,4478,5.806163466,0.1297,0.092836379
26-Jun-24,Machine 2,8246,3.031772981,0.0368,0.026324878
11-Jun-24,Machine 2,8030,3.113325031,0.0388,0.027760158
07-Jun-24,Machine 2,4223,4.499171205,0.1065,0.07628242
06-Jun-24,Machine 2,3625,5.793103448,0.1598,0.114423781
03-Jun-24,Machine 2,3639,4.671613081,0.1284,0.091917421
30-May-24,Machine 2,7718,2.980046644,0.0386,0.027645937
15-May-24,Machine 2,7940,5.793450882,0.073,0.052243209
,,,,,
,,,,,
,,,,,
,,,,,
,,,,,
,,,,,
,,,,,
,,,,,
,,,,,
,,,,,
,,,,,
,,,,,
,,,,,
,,,,,
,,,,,
,,,,,
,,,,,
,,,,,
,,,,,
,,,,,
,,,,,
,,,,,
,,,,,
,,,,,
,,,,,
,,,,,
,,,,,
,,,,,
,,,,,
,,,,,
,,,,,
,,,,,
,,,,,
,,,,,
,,,,,
,,,,,
,,,,,
,,,,,
,,,,,
,,,,,
,,,,,
,,,,,
,,,,,
,,,,,
,,,,,
,,,,,
,,,,,
,,,,,
,,,,,
,,,,,
,,,,,
,,,,,
,,,,,
,,,,,
,,,,,
,,,,,
,,,,,
,,,,,
,,,,,
,,,,,
,,,,,
,,,,,
,,,,,
,,,,,
,,,,,
,,,,,
,,,,,
,,,,,
,,,,,
,,,,,
,,,,,
,,,,,
,,,,,
,,,,,
,,,,,
,,,,,
,,,,,
,,,,,
,,,,,
,,,,,
,,,,,
,,,,,
,,,,,
,,,,,
,,,,,
,,,,,
,,,,,
,,,,,
,,,,,
,,,,,
,,,,,
,,,,,
,,,,,
,,,,,
,,,,,
,,,,,
,,,,,
,,,,,
,,,,,
,,,,,
,,,,,
,,,,,
,,,,,
,,,,,
,,,,,
,,,,,
,,,,,
,,,,,
,,,,,
,,,,,
,,,,,
,,,,,
,,,,,
,,,,,
,,,,,
,,,,,
,,,,,
,,,,,
,,,,,
,,,,,
,,,,,
,,,,,
,,,,,
,,,,,
,,,,,
,,,,,
,,,,,
,,,,,
,,,,,
,,,,,
,,,,,
,,,,,
,,,,,
,,,,,
,,,,,
,,,,,
,,,,,
,,,,,
,,,,,
,,,,,
,,,,,
,,,,,
,,,,,
,,,,,
,,,,,
,,,,,
,,,,,
,,,,,
,,,,,
,,,,,
,,,,,
,,,,,
,,,,,
,,,,,
,,,,,
,,,,,
,,,,,
,,,,,
,,,,,
,,,,,
,,,,,
,,,,,
,,,,,
,,,,,
,,,,,
,,,,,
,,,,,
,,,,,
,,,,,
,,,,,
,,,,,
,,,,,
,,,,,
,,,,,
,,,,,
,,,,,
,,,,,
,,,,,
,,,,,
,,,,,
,,,,,
,,,,,
,,,,,
,,,,,
,,,,,
,,,,,
,,,,,
,,,,,
,,,,,
,,,,,
,,,,,
,,,,,
,,,,,
,,,,,
,,,,,
,,,,,
,,,,,
,,,,,
,,,,,
,,,,,
,,,,,
,,,,,
,,,,,
,,,,,
,,,,,
,,,,,
,,,,,
,,,,,
,,,,,
,,,,,
,,,,,
,,,,,
,,,,,
,,,,,
,,,,,
,,,,,
,,,,,
,,,,,
,,,,,
,,,,,
,,,,,
,,,,,
,,,,,
,,,,,
,,,,,
,,,,,
,,,,,
,,,,,
,,,,,
,,,,,
,,,,,
,,,,,
,,,,,
,,,,,
,,,,,
,,,,,
,,,,,
,,,,,
,,,,,
,,,,,
,,,,,
,,,,,
,,,,,
,,,,,
,,,,,
,,,,,
,,,,,
,,,,,
,,,,,
,,,,,
,,,,,
,,,,,
,,,,,
,,,,,
,,,,,
,,,,,
,,,,,
,,,,,
,,,,,
,,,,,
,,,,,
,,,,,
,,,,,
,,,,,
,,,,,
,,,,,
,,,,,
,,,,,
,,,,,
,,,,,
,,,,,
,,,,,
,,,,,
,,,,,
,,,,,
,,,,,
,,,,,
,,,,,
,,,,,
,,,,,
,,,,,
,,,,,
,,,,,
,,,,,
,,,,,
,,,,,
,,,,,
,,,,,
,,,,,
,,,,,
,,,,,
,,,,,
,,,,,
,,,,,
,,,,,
,,,,,
,,,,,
,,,,,
,,,,,
,,,,,
,,,,,
,,,,,
,,,,,
,,,,,
,,,,,
,,,,,
,,,,,
,,,,,
,,,,,
,,,,,
,,,,,
,,,,,
,,,,,
,,,,,
,,,,,
,,,,,
,,,,,
,,,,,
,,,,,
,,,,,
,,,,,
,,,,,
,,,,,
,,,,,
,,,,,
,,,,,
,,,,,
,,,,,
,,,,,
,,,,,
,,,,,
,,,,,
,,,,,
,,,,,
,,,,,
,,,,,
,,,,,
,,,,,
,,,,,
,,,,,
,,,,,
,,,,,
,,,,,
,,,,,
,,,,,
,,,,,
,,,,,
,,,,,
,,,,,
,,,,,
,,,,,
,,,,,
,,,,,
,,,,,
,,,,,
,,,,,
,,,,,
,,,,,
,,,,,
,,,,,
,,,,,
,,,,,
,,,,,
,,,,,
,,,,,
