Container ID,Stage,Substage,Stage Sequence,Substage Sequence,Assigned Role,Expected TAT (hrs),Actual TAT (hrs),Deviation,Deviation Reason,Start Date,Start Timestamp,End Date,End Timestamp,Status,
CONT-0001, Plan & Book,Freight requirement assessment,1,1,Freight Manager,5,7,Yes,Client Unresponsive,01-07-2025,00:00:00,01-07-2025,07:00:00,Completed,
CONT-0001, Plan & Book,Route & mode planning,1,2,Logistics Planner,4,6,Yes,Documentation Delay,01-07-2025,07:00:00,01-07-2025,13:00:00,Completed,`
CONT-0001, Plan & Book,Quotation & booking,1,3,Sales Executive,4,6,Yes,Inspection Delay,01-07-2025,13:00:00,01-07-2025,19:00:00,Completed,
CONT-0001, Plan & Book,Client confirmation & scheduling,1,4,Client Relations Manager,3,5,Yes,Documentation Delay,01-07-2025,19:00:00,02-07-2025,00:00:00,Completed,
CONT-0001, Shipping Services,Cargo Consolidation & Stuffing,2,1,CFS Manager,6,7,Yes,Staff Unavailable,02-07-2025,00:00:00,02-07-2025,07:00:00,Completed,
CONT-0001, Shipping Services,Vessel Booking & Allocation,2,2,Vessel Planner,6,5,No,No Deviation,02-07-2025,07:00:00,02-07-2025,12:00:00,Completed,
CONT-0001, Shipping Services,Pre-Shipment Inspection & Gate-In,2,3,Quality Control Officer,5,5,No,No Deviation,02-07-2025,12:00:00,02-07-2025,17:00:00,Completed,
CONT-0001, Shipping Services,"Documentation, EDI & BL Issuance",2,4,EDI Specialist,3,4,Yes,Documentation Delay,02-07-2025,17:00:00,02-07-2025,21:00:00,Completed,
CONT-0001, Shipping Services,Vessel Onboarding & Tracking,2,5,Marine Operations Coordinator,8,9,Yes,Staff Unavailable,02-07-2025,21:00:00,03-07-2025,06:00:00,Completed,
CONT-0001, Port Handling,Vessel Arrival & Port Unloading,3,1,Port Operations Team,4,3,No,No Deviation,03-07-2025,06:00:00,03-07-2025,09:00:00,Completed,
CONT-0001, Port Handling,Yard Stacking at Port,3,2,Port Operations Team,5,7,Yes,Staff Unavailable,03-07-2025,09:00:00,03-07-2025,16:00:00,Completed,
CONT-0001, Port Handling,Movement to CFS,3,3,Port Operations Team,8,10,Yes,Route Blockage,03-07-2025,16:00:00,04-07-2025,02:00:00,Completed,
CONT-0001, CFS,Gate-In at CFS,4,1,CFS Gate Supervisor,7,6,No,No Deviation,04-07-2025,02:00:00,04-07-2025,08:00:00,Completed,
CONT-0001, CFS,EDI Operations & Documentation at CFS,4,2,CFS Documentation Officer,3,2,No,No Deviation,04-07-2025,08:00:00,04-07-2025,10:00:00,Completed,
CONT-0001, CFS,Customs Examination & Clearance at CFS,4,3,Customs Officer,5,5,No,No Deviation,04-07-2025,10:00:00,04-07-2025,15:00:00,Completed,
CONT-0001, CFS,Seal Cutting of the Container,4,4,Container Supervisor,4,6,Yes,Documentation Delay,04-07-2025,15:00:00,04-07-2025,21:00:00,Completed,
CONT-0001, CFS,Route planning and optimization,4,5,Route Planner,5,5,No,No Deviation,04-07-2025,21:00:00,05-07-2025,02:00:00,Completed,
CONT-0001, CFS,Dispatch to Importer,4,6,Dispatch Coordinator,5,4,No,No Deviation,05-07-2025,02:00:00,05-07-2025,06:00:00,Completed,
CONT-0001, Delivery & Handover,Inland Transport Booking & Scheduling,5,1,Delivery Coordinator,3,3,No,No Deviation,05-07-2025,06:00:00,05-07-2025,09:00:00,Completed,
CONT-0001, Delivery & Handover,"Delivery, Unloading & Quality Check",5,2,Client Warehouse Manager,6,8,Yes,Documentation Delay,05-07-2025,09:00:00,05-07-2025,17:00:00,Completed,
CONT-0001, Delivery & Handover,System & Documentation Updates,5,3,ERP Operator,3,5,Yes,Client Unresponsive,05-07-2025,17:00:00,05-07-2025,22:00:00,Completed,
CONT-0001, Delivery & Handover,"Invoicing, Feedback & Closure",5,4,Client Service Manager,7,6,No,No Deviation,05-07-2025,22:00:00,06-07-2025,04:00:00,Completed,
CONT-0002, Plan & Book,Freight requirement assessment,1,1,Freight Manager,7,7,No,No Deviation,03-07-2025,00:00:00,03-07-2025,07:00:00,Completed,
CONT-0002, Plan & Book,Route & mode planning,1,2,Logistics Planner,8,8,No,No Deviation,03-07-2025,07:00:00,03-07-2025,15:00:00,Completed,
CONT-0002, Plan & Book,Quotation & booking,1,3,Sales Executive,5,7,Yes,Documentation Delay,03-07-2025,15:00:00,03-07-2025,22:00:00,Completed,
CONT-0002, Plan & Book,Client confirmation & scheduling,1,4,Client Relations Manager,7,8,Yes,Staff Unavailable,03-07-2025,22:00:00,04-07-2025,06:00:00,Completed,
CONT-0002, Shipping Services,Cargo Consolidation & Stuffing,2,1,CFS Manager,7,9,Yes,Staff Unavailable,04-07-2025,06:00:00,04-07-2025,15:00:00,Completed,
CONT-0002, Shipping Services,Vessel Booking & Allocation,2,2,Vessel Planner,8,7,No,No Deviation,04-07-2025,15:00:00,04-07-2025,22:00:00,Completed,
CONT-0002, Shipping Services,Pre-Shipment Inspection & Gate-In,2,3,Quality Control Officer,7,8,Yes,Documentation Delay,04-07-2025,22:00:00,05-07-2025,06:00:00,Completed,
CONT-0002, Shipping Services,"Documentation, EDI & BL Issuance",2,4,EDI Specialist,7,6,No,No Deviation,05-07-2025,06:00:00,05-07-2025,12:00:00,Completed,
CONT-0002, Shipping Services,Vessel Onboarding & Tracking,2,5,Marine Operations Coordinator,6,8,Yes,Documentation Delay,05-07-2025,12:00:00,05-07-2025,20:00:00,Completed,
CONT-0002, Port Handling,Vessel Arrival & Port Unloading,3,1,Port Operations Team,8,10,Yes,Inspection Delay,05-07-2025,20:00:00,06-07-2025,06:00:00,Completed,
CONT-0002, Port Handling,Yard Stacking at Port,3,2,Port Operations Team,5,4,No,No Deviation,06-07-2025,06:00:00,06-07-2025,10:00:00,Completed,
CONT-0002, Port Handling,Movement to CFS,3,3,Port Operations Team,5,4,No,No Deviation,06-07-2025,10:00:00,06-07-2025,14:00:00,Completed,
CONT-0002, CFS,Gate-In at CFS,4,1,CFS Gate Supervisor,5,5,No,No Deviation,06-07-2025,14:00:00,06-07-2025,19:00:00,Completed,
CONT-0002, CFS,EDI Operations & Documentation at CFS,4,2,CFS Documentation Officer,8,7,No,No Deviation,06-07-2025,19:00:00,07-07-2025,02:00:00,Completed,
CONT-0002, CFS,Customs Examination & Clearance at CFS,4,3,Customs Officer,7,8,Yes,Staff Unavailable,07-07-2025,02:00:00,07-07-2025,10:00:00,Completed,
CONT-0002, CFS,Seal Cutting of the Container,4,4,Container Supervisor,3,4,Yes,Client Unresponsive,07-07-2025,10:00:00,07-07-2025,14:00:00,Completed,
CONT-0002, CFS,Route planning and optimization,4,5,Route Planner,5,5,No,No Deviation,07-07-2025,14:00:00,07-07-2025,19:00:00,Completed,
CONT-0002, CFS,Dispatch to Importer,4,6,Dispatch Coordinator,8,10,Yes,Route Blockage,07-07-2025,19:00:00,08-07-2025,05:00:00,Completed,
CONT-0002, Delivery & Handover,Inland Transport Booking & Scheduling,5,1,Delivery Coordinator,8,8,No,No Deviation,08-07-2025,05:00:00,08-07-2025,13:00:00,Completed,
CONT-0002, Delivery & Handover,"Delivery, Unloading & Quality Check",5,2,Client Warehouse Manager,4,3,No,No Deviation,08-07-2025,13:00:00,08-07-2025,16:00:00,Completed,
CONT-0002, Delivery & Handover,System & Documentation Updates,5,3,ERP Operator,8,10,Yes,Documentation Delay,08-07-2025,16:00:00,09-07-2025,02:00:00,Completed,
CONT-0002, Delivery & Handover,"Invoicing, Feedback & Closure",5,4,Client Service Manager,5,5,No,No Deviation,09-07-2025,02:00:00,09-07-2025,07:00:00,Completed,
CONT-0003, Plan & Book,Freight requirement assessment,1,1,Freight Manager,4,3,No,No Deviation,01-07-2025,00:00:00,01-07-2025,03:00:00,Completed,
CONT-0003, Plan & Book,Route & mode planning,1,2,Logistics Planner,5,6,Yes,Client Unresponsive,01-07-2025,03:00:00,01-07-2025,09:00:00,Completed,
CONT-0003, Plan & Book,Quotation & booking,1,3,Sales Executive,6,8,Yes,Inspection Delay,01-07-2025,09:00:00,01-07-2025,17:00:00,Completed,
CONT-0003, Plan & Book,Client confirmation & scheduling,1,4,Client Relations Manager,3,3,No,No Deviation,01-07-2025,17:00:00,01-07-2025,20:00:00,Completed,
CONT-0003, Shipping Services,Cargo Consolidation & Stuffing,2,1,CFS Manager,5,6,Yes,Documentation Delay,01-07-2025,20:00:00,02-07-2025,02:00:00,Completed,
CONT-0003, Shipping Services,Vessel Booking & Allocation,2,2,Vessel Planner,8,9,Yes,Inspection Delay,02-07-2025,02:00:00,02-07-2025,11:00:00,Completed,
CONT-0003, Shipping Services,Pre-Shipment Inspection & Gate-In,2,3,Quality Control Officer,3,4,Yes,Route Blockage,02-07-2025,11:00:00,02-07-2025,15:00:00,Completed,
CONT-0003, Shipping Services,"Documentation, EDI & BL Issuance",2,4,EDI Specialist,6,8,Yes,Route Blockage,02-07-2025,15:00:00,02-07-2025,23:00:00,Completed,
CONT-0003, Shipping Services,Vessel Onboarding & Tracking,2,5,Marine Operations Coordinator,5,5,No,No Deviation,02-07-2025,23:00:00,03-07-2025,04:00:00,Completed,
CONT-0003, Port Handling,Vessel Arrival & Port Unloading,3,1,Port Operations Team,6,8,Yes,Inspection Delay,03-07-2025,04:00:00,03-07-2025,12:00:00,Completed,
CONT-0003, Port Handling,Yard Stacking at Port,3,2,Port Operations Team,7,8,Yes,Documentation Delay,03-07-2025,12:00:00,03-07-2025,20:00:00,Completed,
CONT-0003, Port Handling,Movement to CFS,3,3,Port Operations Team,8,10,Yes,Documentation Delay,03-07-2025,20:00:00,04-07-2025,06:00:00,Completed,
CONT-0003, CFS,Gate-In at CFS,4,1,CFS Gate Supervisor,6,6,No,No Deviation,04-07-2025,06:00:00,04-07-2025,12:00:00,Completed,
CONT-0003, CFS,EDI Operations & Documentation at CFS,4,2,CFS Documentation Officer,7,8,Yes,Inspection Delay,04-07-2025,12:00:00,04-07-2025,20:00:00,Completed,
CONT-0003, CFS,Customs Examination & Clearance at CFS,4,3,Customs Officer,3,2,No,No Deviation,04-07-2025,20:00:00,04-07-2025,22:00:00,Completed,
CONT-0003, CFS,Seal Cutting of the Container,4,4,Container Supervisor,5,6,Yes,Inspection Delay,04-07-2025,22:00:00,05-07-2025,04:00:00,Completed,
CONT-0003, CFS,Route planning and optimization,4,5,Route Planner,6,8,Yes,Staff Unavailable,05-07-2025,04:00:00,05-07-2025,12:00:00,Completed,
CONT-0003, CFS,Dispatch to Importer,4,6,Dispatch Coordinator,8,10,Yes,Inspection Delay,05-07-2025,12:00:00,05-07-2025,22:00:00,Completed,
CONT-0003, Delivery & Handover,Inland Transport Booking & Scheduling,5,1,Delivery Coordinator,6,5,No,No Deviation,05-07-2025,22:00:00,06-07-2025,03:00:00,Completed,
CONT-0003, Delivery & Handover,"Delivery, Unloading & Quality Check",5,2,Client Warehouse Manager,8,9,Yes,Client Unresponsive,06-07-2025,03:00:00,06-07-2025,12:00:00,Completed,
CONT-0003, Delivery & Handover,System & Documentation Updates,5,3,ERP Operator,6,7,Yes,Documentation Delay,06-07-2025,12:00:00,06-07-2025,19:00:00,Completed,
CONT-0003, Delivery & Handover,"Invoicing, Feedback & Closure",5,4,Client Service Manager,3,5,Yes,Inspection Delay,06-07-2025,19:00:00,07-07-2025,00:00:00,Completed,
CONT-0004, Plan & Book,Freight requirement assessment,1,1,Freight Manager,8,8,No,No Deviation,03-07-2025,00:00:00,03-07-2025,08:00:00,Completed,
CONT-0004, Plan & Book,Route & mode planning,1,2,Logistics Planner,3,3,No,No Deviation,03-07-2025,08:00:00,03-07-2025,11:00:00,Completed,
CONT-0004, Plan & Book,Quotation & booking,1,3,Sales Executive,7,9,Yes,Documentation Delay,03-07-2025,11:00:00,03-07-2025,20:00:00,Completed,
CONT-0004, Plan & Book,Client confirmation & scheduling,1,4,Client Relations Manager,4,3,No,No Deviation,03-07-2025,20:00:00,03-07-2025,23:00:00,Completed,
CONT-0004, Shipping Services,Cargo Consolidation & Stuffing,2,1,CFS Manager,4,5,Yes,Inspection Delay,03-07-2025,23:00:00,04-07-2025,04:00:00,Completed,
CONT-0004, Shipping Services,Vessel Booking & Allocation,2,2,Vessel Planner,6,5,No,No Deviation,04-07-2025,04:00:00,04-07-2025,09:00:00,Completed,
CONT-0004, Shipping Services,Pre-Shipment Inspection & Gate-In,2,3,Quality Control Officer,7,7,No,No Deviation,04-07-2025,09:00:00,04-07-2025,16:00:00,Completed,
CONT-0004, Shipping Services,"Documentation, EDI & BL Issuance",2,4,EDI Specialist,8,10,Yes,Inspection Delay,04-07-2025,16:00:00,05-07-2025,02:00:00,Completed,
CONT-0004, Shipping Services,Vessel Onboarding & Tracking,2,5,Marine Operations Coordinator,5,7,Yes,Documentation Delay,05-07-2025,02:00:00,05-07-2025,09:00:00,Completed,
CONT-0004, Port Handling,Vessel Arrival & Port Unloading,3,1,Port Operations Team,7,7,No,No Deviation,05-07-2025,09:00:00,05-07-2025,16:00:00,Completed,
CONT-0004, Port Handling,Yard Stacking at Port,3,2,Port Operations Team,7,8,Yes,Route Blockage,05-07-2025,16:00:00,06-07-2025,00:00:00,Completed,
CONT-0004, Port Handling,Movement to CFS,3,3,Port Operations Team,5,6,Yes,Staff Unavailable,06-07-2025,00:00:00,06-07-2025,06:00:00,Completed,
CONT-0004, CFS,Gate-In at CFS,4,1,CFS Gate Supervisor,3,2,No,No Deviation,06-07-2025,06:00:00,06-07-2025,08:00:00,Completed,
CONT-0004, CFS,EDI Operations & Documentation at CFS,4,2,CFS Documentation Officer,8,8,No,No Deviation,06-07-2025,08:00:00,06-07-2025,16:00:00,Completed,
CONT-0004, CFS,Customs Examination & Clearance at CFS,4,3,Customs Officer,6,8,Yes,Client Unresponsive,06-07-2025,16:00:00,07-07-2025,00:00:00,Completed,
CONT-0004, CFS,Seal Cutting of the Container,4,4,Container Supervisor,3,4,Yes,Inspection Delay,07-07-2025,00:00:00,07-07-2025,04:00:00,Completed,
CONT-0004, CFS,Route planning and optimization,4,5,Route Planner,8,10,Yes,Staff Unavailable,07-07-2025,04:00:00,07-07-2025,14:00:00,Completed,
CONT-0004, CFS,Dispatch to Importer,4,6,Dispatch Coordinator,7,8,Yes,Route Blockage,07-07-2025,14:00:00,07-07-2025,22:00:00,Completed,
CONT-0004, Delivery & Handover,Inland Transport Booking & Scheduling,5,1,Delivery Coordinator,4,3,No,No Deviation,07-07-2025,22:00:00,08-07-2025,01:00:00,Completed,
CONT-0004, Delivery & Handover,"Delivery, Unloading & Quality Check",5,2,Client Warehouse Manager,4,3,No,No Deviation,08-07-2025,01:00:00,08-07-2025,04:00:00,Completed,
CONT-0004, Delivery & Handover,System & Documentation Updates,5,3,ERP Operator,6,6,No,No Deviation,08-07-2025,04:00:00,08-07-2025,10:00:00,Completed,
CONT-0004, Delivery & Handover,"Invoicing, Feedback & Closure",5,4,Client Service Manager,8,10,Yes,Documentation Delay,08-07-2025,10:00:00,08-07-2025,20:00:00,Completed,
CONT-0005, Plan & Book,Freight requirement assessment,1,1,Freight Manager,5,6,Yes,Documentation Delay,03-07-2025,00:00:00,03-07-2025,06:00:00,Completed,
CONT-0005, Plan & Book,Route & mode planning,1,2,Logistics Planner,7,8,Yes,Inspection Delay,03-07-2025,06:00:00,03-07-2025,14:00:00,Completed,
CONT-0005, Plan & Book,Quotation & booking,1,3,Sales Executive,4,4,No,No Deviation,03-07-2025,14:00:00,03-07-2025,18:00:00,Completed,
CONT-0005, Plan & Book,Client confirmation & scheduling,1,4,Client Relations Manager,5,5,No,No Deviation,03-07-2025,18:00:00,03-07-2025,23:00:00,Completed,
CONT-0005, Shipping Services,Cargo Consolidation & Stuffing,2,1,CFS Manager,3,3,No,No Deviation,03-07-2025,23:00:00,04-07-2025,02:00:00,Completed,
CONT-0005, Shipping Services,Vessel Booking & Allocation,2,2,Vessel Planner,4,4,No,No Deviation,04-07-2025,02:00:00,04-07-2025,06:00:00,Completed,
CONT-0005, Shipping Services,Pre-Shipment Inspection & Gate-In,2,3,Quality Control Officer,6,5,No,No Deviation,04-07-2025,06:00:00,04-07-2025,11:00:00,Completed,
CONT-0005, Shipping Services,"Documentation, EDI & BL Issuance",2,4,EDI Specialist,5,6,Yes,Route Blockage,04-07-2025,11:00:00,04-07-2025,17:00:00,Completed,
CONT-0005, Shipping Services,Vessel Onboarding & Tracking,2,5,Marine Operations Coordinator,7,7,No,No Deviation,04-07-2025,17:00:00,05-07-2025,00:00:00,Completed,
CONT-0005, Port Handling,Vessel Arrival & Port Unloading,3,1,Port Operations Team,7,6,No,No Deviation,05-07-2025,00:00:00,05-07-2025,06:00:00,Completed,
CONT-0005, Port Handling,Yard Stacking at Port,3,2,Port Operations Team,3,4,Yes,Route Blockage,05-07-2025,06:00:00,05-07-2025,10:00:00,Completed,
CONT-0005, Port Handling,Movement to CFS,3,3,Port Operations Team,8,10,Yes,Client Unresponsive,05-07-2025,10:00:00,05-07-2025,20:00:00,Completed,
CONT-0005, CFS,Gate-In at CFS,4,1,CFS Gate Supervisor,6,8,Yes,Client Unresponsive,05-07-2025,20:00:00,06-07-2025,04:00:00,Completed,
CONT-0005, CFS,EDI Operations & Documentation at CFS,4,2,CFS Documentation Officer,3,3,No,No Deviation,06-07-2025,04:00:00,06-07-2025,07:00:00,Completed,
CONT-0005, CFS,Customs Examination & Clearance at CFS,4,3,Customs Officer,5,4,No,No Deviation,06-07-2025,07:00:00,06-07-2025,11:00:00,Completed,
CONT-0005, CFS,Seal Cutting of the Container,4,4,Container Supervisor,6,8,Yes,Client Unresponsive,06-07-2025,11:00:00,06-07-2025,19:00:00,Completed,
CONT-0005, CFS,Route planning and optimization,4,5,Route Planner,5,5,No,No Deviation,06-07-2025,19:00:00,07-07-2025,00:00:00,Completed,
CONT-0005, CFS,Dispatch to Importer,4,6,Dispatch Coordinator,7,7,No,No Deviation,07-07-2025,00:00:00,07-07-2025,07:00:00,Completed,
CONT-0005, Delivery & Handover,Inland Transport Booking & Scheduling,5,1,Delivery Coordinator,4,6,Yes,Client Unresponsive,07-07-2025,07:00:00,07-07-2025,13:00:00,Completed,
CONT-0005, Delivery & Handover,"Delivery, Unloading & Quality Check",5,2,Client Warehouse Manager,3,2,No,No Deviation,07-07-2025,13:00:00,07-07-2025,15:00:00,Completed,
CONT-0005, Delivery & Handover,System & Documentation Updates,5,3,ERP Operator,7,7,No,No Deviation,07-07-2025,15:00:00,07-07-2025,22:00:00,Completed,
CONT-0005, Delivery & Handover,"Invoicing, Feedback & Closure",5,4,Client Service Manager,5,5,No,No Deviation,07-07-2025,22:00:00,08-07-2025,03:00:00,Completed,
CONT-0006, Plan & Book,Freight requirement assessment,1,1,Freight Manager,5,5,No,No Deviation,01-07-2025,00:00:00,01-07-2025,05:00:00,Completed,
CONT-0006, Plan & Book,Route & mode planning,1,2,Logistics Planner,5,6,Yes,Documentation Delay,01-07-2025,05:00:00,01-07-2025,11:00:00,Completed,
CONT-0006, Plan & Book,Quotation & booking,1,3,Sales Executive,5,5,No,No Deviation,01-07-2025,11:00:00,01-07-2025,16:00:00,Completed,
CONT-0006, Plan & Book,Client confirmation & scheduling,1,4,Client Relations Manager,8,9,Yes,Staff Unavailable,01-07-2025,16:00:00,02-07-2025,01:00:00,Completed,
CONT-0006, Shipping Services,Cargo Consolidation & Stuffing,2,1,CFS Manager,8,9,Yes,Client Unresponsive,02-07-2025,01:00:00,02-07-2025,10:00:00,Completed,
CONT-0006, Shipping Services,Vessel Booking & Allocation,2,2,Vessel Planner,7,6,No,No Deviation,02-07-2025,10:00:00,02-07-2025,16:00:00,Completed,
CONT-0006, Shipping Services,Pre-Shipment Inspection & Gate-In,2,3,Quality Control Officer,7,7,No,No Deviation,02-07-2025,16:00:00,02-07-2025,23:00:00,Completed,
CONT-0006, Shipping Services,"Documentation, EDI & BL Issuance",2,4,EDI Specialist,7,7,No,No Deviation,02-07-2025,23:00:00,03-07-2025,06:00:00,Completed,
CONT-0006, Shipping Services,Vessel Onboarding & Tracking,2,5,Marine Operations Coordinator,4,5,Yes,Client Unresponsive,03-07-2025,06:00:00,03-07-2025,11:00:00,Completed,
CONT-0006, Port Handling,Vessel Arrival & Port Unloading,3,1,Port Operations Team,3,2,No,No Deviation,03-07-2025,11:00:00,03-07-2025,13:00:00,Completed,
CONT-0006, Port Handling,Yard Stacking at Port,3,2,Port Operations Team,3,2,No,No Deviation,03-07-2025,13:00:00,03-07-2025,15:00:00,Completed,
CONT-0006, Port Handling,Movement to CFS,3,3,Port Operations Team,8,9,Yes,Staff Unavailable,03-07-2025,15:00:00,04-07-2025,00:00:00,Completed,
CONT-0006, CFS,Gate-In at CFS,4,1,CFS Gate Supervisor,7,9,Yes,Client Unresponsive,04-07-2025,00:00:00,04-07-2025,09:00:00,Completed,
CONT-0006, CFS,EDI Operations & Documentation at CFS,4,2,CFS Documentation Officer,8,7,No,No Deviation,04-07-2025,09:00:00,04-07-2025,16:00:00,Completed,
CONT-0006, CFS,Customs Examination & Clearance at CFS,4,3,Customs Officer,6,7,Yes,Inspection Delay,04-07-2025,16:00:00,04-07-2025,23:00:00,Completed,
CONT-0006, CFS,Seal Cutting of the Container,4,4,Container Supervisor,6,6,No,No Deviation,04-07-2025,23:00:00,05-07-2025,05:00:00,Completed,
CONT-0006, CFS,Route planning and optimization,4,5,Route Planner,8,10,Yes,Inspection Delay,05-07-2025,05:00:00,05-07-2025,15:00:00,Completed,
CONT-0006, CFS,Dispatch to Importer,4,6,Dispatch Coordinator,6,5,No,No Deviation,05-07-2025,15:00:00,05-07-2025,20:00:00,Completed,
CONT-0006, Delivery & Handover,Inland Transport Booking & Scheduling,5,1,Delivery Coordinator,8,7,No,No Deviation,05-07-2025,20:00:00,06-07-2025,03:00:00,Completed,
CONT-0006, Delivery & Handover,"Delivery, Unloading & Quality Check",5,2,Client Warehouse Manager,4,6,Yes,Route Blockage,06-07-2025,03:00:00,06-07-2025,09:00:00,Completed,
CONT-0006, Delivery & Handover,System & Documentation Updates,5,3,ERP Operator,6,8,Yes,Staff Unavailable,06-07-2025,09:00:00,06-07-2025,17:00:00,Completed,
CONT-0006, Delivery & Handover,"Invoicing, Feedback & Closure",5,4,Client Service Manager,5,5,No,No Deviation,06-07-2025,17:00:00,06-07-2025,22:00:00,Completed,
CONT-0007, Plan & Book,Freight requirement assessment,1,1,Freight Manager,8,9,Yes,Inspection Delay,02-07-2025,00:00:00,02-07-2025,09:00:00,Completed,
CONT-0007, Plan & Book,Route & mode planning,1,2,Logistics Planner,6,6,No,No Deviation,02-07-2025,09:00:00,02-07-2025,15:00:00,Completed,
CONT-0007, Plan & Book,Quotation & booking,1,3,Sales Executive,5,4,No,No Deviation,02-07-2025,15:00:00,02-07-2025,19:00:00,Completed,
CONT-0007, Plan & Book,Client confirmation & scheduling,1,4,Client Relations Manager,5,5,No,No Deviation,02-07-2025,19:00:00,03-07-2025,00:00:00,Completed,
CONT-0007, Shipping Services,Cargo Consolidation & Stuffing,2,1,CFS Manager,6,5,No,No Deviation,03-07-2025,00:00:00,03-07-2025,05:00:00,Completed,
CONT-0007, Shipping Services,Vessel Booking & Allocation,2,2,Vessel Planner,5,7,Yes,Staff Unavailable,03-07-2025,05:00:00,03-07-2025,12:00:00,Completed,
CONT-0007, Shipping Services,Pre-Shipment Inspection & Gate-In,2,3,Quality Control Officer,4,3,No,No Deviation,03-07-2025,12:00:00,03-07-2025,15:00:00,Completed,
CONT-0007, Shipping Services,"Documentation, EDI & BL Issuance",2,4,EDI Specialist,3,4,Yes,Route Blockage,03-07-2025,15:00:00,03-07-2025,19:00:00,Completed,
CONT-0007, Shipping Services,Vessel Onboarding & Tracking,2,5,Marine Operations Coordinator,7,9,Yes,Staff Unavailable,03-07-2025,19:00:00,04-07-2025,04:00:00,Completed,
CONT-0007, Port Handling,Vessel Arrival & Port Unloading,3,1,Port Operations Team,4,5,Yes,Client Unresponsive,04-07-2025,04:00:00,04-07-2025,09:00:00,Completed,
CONT-0007, Port Handling,Yard Stacking at Port,3,2,Port Operations Team,8,9,Yes,Staff Unavailable,04-07-2025,09:00:00,04-07-2025,18:00:00,Completed,
CONT-0007, Port Handling,Movement to CFS,3,3,Port Operations Team,4,6,Yes,Client Unresponsive,04-07-2025,18:00:00,05-07-2025,00:00:00,Completed,
CONT-0007, CFS,Gate-In at CFS,4,1,CFS Gate Supervisor,6,8,Yes,Inspection Delay,05-07-2025,00:00:00,05-07-2025,08:00:00,Completed,
CONT-0007, CFS,EDI Operations & Documentation at CFS,4,2,CFS Documentation Officer,6,5,No,No Deviation,05-07-2025,08:00:00,05-07-2025,13:00:00,Completed,
CONT-0007, CFS,Customs Examination & Clearance at CFS,4,3,Customs Officer,3,5,Yes,Client Unresponsive,05-07-2025,13:00:00,05-07-2025,18:00:00,Completed,
CONT-0007, CFS,Seal Cutting of the Container,4,4,Container Supervisor,6,6,No,No Deviation,05-07-2025,18:00:00,06-07-2025,00:00:00,Completed,
CONT-0007, CFS,Route planning and optimization,4,5,Route Planner,4,5,Yes,Documentation Delay,06-07-2025,00:00:00,06-07-2025,05:00:00,Completed,
CONT-0007, CFS,Dispatch to Importer,4,6,Dispatch Coordinator,3,4,Yes,Route Blockage,06-07-2025,05:00:00,06-07-2025,09:00:00,Completed,
CONT-0007, Delivery & Handover,Inland Transport Booking & Scheduling,5,1,Delivery Coordinator,7,9,Yes,Inspection Delay,06-07-2025,09:00:00,06-07-2025,18:00:00,Completed,
CONT-0007, Delivery & Handover,"Delivery, Unloading & Quality Check",5,2,Client Warehouse Manager,7,6,No,No Deviation,06-07-2025,18:00:00,07-07-2025,00:00:00,Completed,
CONT-0007, Delivery & Handover,System & Documentation Updates,5,3,ERP Operator,3,5,Yes,Staff Unavailable,07-07-2025,00:00:00,07-07-2025,05:00:00,Completed,
CONT-0007, Delivery & Handover,"Invoicing, Feedback & Closure",5,4,Client Service Manager,5,6,Yes,Route Blockage,07-07-2025,05:00:00,07-07-2025,11:00:00,Completed,
CONT-0008, Plan & Book,Freight requirement assessment,1,1,Freight Manager,3,5,Yes,Documentation Delay,02-07-2025,00:00:00,02-07-2025,05:00:00,Completed,
CONT-0008, Plan & Book,Route & mode planning,1,2,Logistics Planner,7,7,No,No Deviation,02-07-2025,05:00:00,02-07-2025,12:00:00,Completed,
CONT-0008, Plan & Book,Quotation & booking,1,3,Sales Executive,5,6,Yes,Documentation Delay,02-07-2025,12:00:00,02-07-2025,18:00:00,Completed,
CONT-0008, Plan & Book,Client confirmation & scheduling,1,4,Client Relations Manager,6,8,Yes,Client Unresponsive,02-07-2025,18:00:00,03-07-2025,02:00:00,Completed,
CONT-0008, Shipping Services,Cargo Consolidation & Stuffing,2,1,CFS Manager,5,4,No,No Deviation,03-07-2025,02:00:00,03-07-2025,06:00:00,Completed,
CONT-0008, Shipping Services,Vessel Booking & Allocation,2,2,Vessel Planner,4,3,No,No Deviation,03-07-2025,06:00:00,03-07-2025,09:00:00,Completed,
CONT-0008, Shipping Services,Pre-Shipment Inspection & Gate-In,2,3,Quality Control Officer,6,7,Yes,Inspection Delay,03-07-2025,09:00:00,03-07-2025,16:00:00,Completed,
CONT-0008, Shipping Services,"Documentation, EDI & BL Issuance",2,4,EDI Specialist,7,8,Yes,Staff Unavailable,03-07-2025,16:00:00,04-07-2025,00:00:00,Completed,
CONT-0008, Shipping Services,Vessel Onboarding & Tracking,2,5,Marine Operations Coordinator,4,6,Yes,Client Unresponsive,04-07-2025,00:00:00,04-07-2025,06:00:00,Completed,
CONT-0008, Port Handling,Vessel Arrival & Port Unloading,3,1,Port Operations Team,3,2,No,No Deviation,04-07-2025,06:00:00,04-07-2025,08:00:00,Completed,
CONT-0008, Port Handling,Yard Stacking at Port,3,2,Port Operations Team,3,3,No,No Deviation,04-07-2025,08:00:00,04-07-2025,11:00:00,Completed,
CONT-0008, Port Handling,Movement to CFS,3,3,Port Operations Team,8,9,Yes,Route Blockage,04-07-2025,11:00:00,04-07-2025,20:00:00,Completed,
CONT-0008, CFS,Gate-In at CFS,4,1,CFS Gate Supervisor,7,9,Yes,Staff Unavailable,04-07-2025,20:00:00,05-07-2025,05:00:00,Completed,
CONT-0008, CFS,EDI Operations & Documentation at CFS,4,2,CFS Documentation Officer,7,7,No,No Deviation,05-07-2025,05:00:00,05-07-2025,12:00:00,Completed,
CONT-0008, CFS,Customs Examination & Clearance at CFS,4,3,Customs Officer,5,6,Yes,Staff Unavailable,05-07-2025,12:00:00,05-07-2025,18:00:00,Completed,
CONT-0008, CFS,Seal Cutting of the Container,4,4,Container Supervisor,6,7,Yes,Client Unresponsive,05-07-2025,18:00:00,06-07-2025,01:00:00,Completed,
CONT-0008, CFS,Route planning and optimization,4,5,Route Planner,5,7,Yes,Client Unresponsive,06-07-2025,01:00:00,06-07-2025,08:00:00,Completed,
CONT-0008, CFS,Dispatch to Importer,4,6,Dispatch Coordinator,5,7,Yes,Documentation Delay,06-07-2025,08:00:00,06-07-2025,15:00:00,Completed,
CONT-0008, Delivery & Handover,Inland Transport Booking & Scheduling,5,1,Delivery Coordinator,5,6,Yes,Documentation Delay,06-07-2025,15:00:00,06-07-2025,21:00:00,Completed,
CONT-0008, Delivery & Handover,"Delivery, Unloading & Quality Check",5,2,Client Warehouse Manager,6,7,Yes,Documentation Delay,06-07-2025,21:00:00,07-07-2025,04:00:00,Completed,
CONT-0008, Delivery & Handover,System & Documentation Updates,5,3,ERP Operator,7,9,Yes,Inspection Delay,07-07-2025,04:00:00,07-07-2025,13:00:00,Completed,
CONT-0008, Delivery & Handover,"Invoicing, Feedback & Closure",5,4,Client Service Manager,8,8,No,No Deviation,07-07-2025,13:00:00,07-07-2025,21:00:00,Completed,
CONT-0009, Plan & Book,Freight requirement assessment,1,1,Freight Manager,7,14,Yes,Awaiting Approval,03-07-2025,00:00:00,03-07-2025,14:00:00,Stuck,
CONT-0010, Plan & Book,Freight requirement assessment,1,1,Freight Manager,6,6,No,No Deviation,03-07-2025,00:00:00,03-07-2025,06:00:00,Completed,
CONT-0010, Plan & Book,Route & mode planning,1,2,Logistics Planner,4,3,No,No Deviation,03-07-2025,06:00:00,03-07-2025,09:00:00,Completed,
CONT-0010, Plan & Book,Quotation & booking,1,3,Sales Executive,8,7,No,No Deviation,03-07-2025,09:00:00,03-07-2025,16:00:00,Completed,
CONT-0010, Plan & Book,Client confirmation & scheduling,1,4,Client Relations Manager,6,7,Yes,Route Blockage,03-07-2025,16:00:00,03-07-2025,23:00:00,Completed,
CONT-0010, Shipping Services,Cargo Consolidation & Stuffing,2,1,CFS Manager,8,8,No,No Deviation,03-07-2025,23:00:00,04-07-2025,07:00:00,Completed,
CONT-0010, Shipping Services,Vessel Booking & Allocation,2,2,Vessel Planner,7,9,Yes,Documentation Delay,04-07-2025,07:00:00,04-07-2025,16:00:00,Completed,
CONT-0010, Shipping Services,Pre-Shipment Inspection & Gate-In,2,3,Quality Control Officer,7,7,No,No Deviation,04-07-2025,16:00:00,04-07-2025,23:00:00,Completed,
CONT-0010, Shipping Services,"Documentation, EDI & BL Issuance",2,4,EDI Specialist,8,10,Yes,Client Unresponsive,04-07-2025,23:00:00,05-07-2025,09:00:00,Completed,
CONT-0010, Shipping Services,Vessel Onboarding & Tracking,2,5,Marine Operations Coordinator,4,6,Yes,Client Unresponsive,05-07-2025,09:00:00,05-07-2025,15:00:00,Completed,
CONT-0010, Port Handling,Vessel Arrival & Port Unloading,3,1,Port Operations Team,5,6,Yes,Client Unresponsive,05-07-2025,15:00:00,05-07-2025,21:00:00,Completed,
CONT-0010, Port Handling,Yard Stacking at Port,3,2,Port Operations Team,4,5,Yes,Client Unresponsive,05-07-2025,21:00:00,06-07-2025,02:00:00,Completed,
CONT-0010, Port Handling,Movement to CFS,3,3,Port Operations Team,5,6,Yes,Staff Unavailable,06-07-2025,02:00:00,06-07-2025,08:00:00,Completed,
CONT-0010, CFS,Gate-In at CFS,4,1,CFS Gate Supervisor,6,7,Yes,Route Blockage,06-07-2025,08:00:00,06-07-2025,15:00:00,Completed,
CONT-0010, CFS,EDI Operations & Documentation at CFS,4,2,CFS Documentation Officer,8,9,Yes,Inspection Delay,06-07-2025,15:00:00,07-07-2025,00:00:00,Completed,
CONT-0010, CFS,Customs Examination & Clearance at CFS,4,3,Customs Officer,8,10,Yes,Route Blockage,07-07-2025,00:00:00,07-07-2025,10:00:00,Completed,
CONT-0010, CFS,Seal Cutting of the Container,4,4,Container Supervisor,4,5,Yes,Documentation Delay,07-07-2025,10:00:00,07-07-2025,15:00:00,Completed,
CONT-0010, CFS,Route planning and optimization,4,5,Route Planner,8,7,No,No Deviation,07-07-2025,15:00:00,07-07-2025,22:00:00,Completed,
CONT-0010, CFS,Dispatch to Importer,4,6,Dispatch Coordinator,6,7,Yes,Route Blockage,07-07-2025,22:00:00,08-07-2025,05:00:00,Completed,
CONT-0010, Delivery & Handover,Inland Transport Booking & Scheduling,5,1,Delivery Coordinator,7,8,Yes,Client Unresponsive,08-07-2025,05:00:00,08-07-2025,13:00:00,Completed,
CONT-0010, Delivery & Handover,"Delivery, Unloading & Quality Check",5,2,Client Warehouse Manager,4,3,No,No Deviation,08-07-2025,13:00:00,08-07-2025,16:00:00,Completed,
CONT-0010, Delivery & Handover,System & Documentation Updates,5,3,ERP Operator,7,7,No,No Deviation,08-07-2025,16:00:00,08-07-2025,23:00:00,Completed,
CONT-0010, Delivery & Handover,"Invoicing, Feedback & Closure",5,4,Client Service Manager,8,8,No,No Deviation,08-07-2025,23:00:00,09-07-2025,07:00:00,Completed,
CONT-0011, Plan & Book,Freight requirement assessment,1,1,Freight Manager,4,3,No,No Deviation,03-07-2025,00:00:00,03-07-2025,03:00:00,Completed,
CONT-0011, Plan & Book,Route & mode planning,1,2,Logistics Planner,3,5,Yes,Inspection Delay,03-07-2025,03:00:00,03-07-2025,08:00:00,Completed,
CONT-0011, Plan & Book,Quotation & booking,1,3,Sales Executive,8,10,Yes,Documentation Delay,03-07-2025,08:00:00,03-07-2025,18:00:00,Completed,
CONT-0011, Plan & Book,Client confirmation & scheduling,1,4,Client Relations Manager,8,8,No,No Deviation,03-07-2025,18:00:00,04-07-2025,02:00:00,Completed,
CONT-0011, Shipping Services,Cargo Consolidation & Stuffing,2,1,CFS Manager,3,3,No,No Deviation,04-07-2025,02:00:00,04-07-2025,05:00:00,Completed,
CONT-0011, Shipping Services,Vessel Booking & Allocation,2,2,Vessel Planner,6,8,Yes,Route Blockage,04-07-2025,05:00:00,04-07-2025,13:00:00,Completed,
CONT-0011, Shipping Services,Pre-Shipment Inspection & Gate-In,2,3,Quality Control Officer,8,8,No,No Deviation,04-07-2025,13:00:00,04-07-2025,21:00:00,Completed,
CONT-0011, Shipping Services,"Documentation, EDI & BL Issuance",2,4,EDI Specialist,5,6,Yes,Inspection Delay,04-07-2025,21:00:00,05-07-2025,03:00:00,Completed,
CONT-0011, Shipping Services,Vessel Onboarding & Tracking,2,5,Marine Operations Coordinator,8,7,No,No Deviation,05-07-2025,03:00:00,05-07-2025,10:00:00,Completed,
CONT-0011, Port Handling,Vessel Arrival & Port Unloading,3,1,Port Operations Team,3,3,No,No Deviation,05-07-2025,10:00:00,05-07-2025,13:00:00,Completed,
CONT-0011, Port Handling,Yard Stacking at Port,3,2,Port Operations Team,7,6,No,No Deviation,05-07-2025,13:00:00,05-07-2025,19:00:00,Completed,
CONT-0011, Port Handling,Movement to CFS,3,3,Port Operations Team,4,6,Yes,Staff Unavailable,05-07-2025,19:00:00,06-07-2025,01:00:00,Completed,
CONT-0011, CFS,Gate-In at CFS,4,1,CFS Gate Supervisor,3,5,Yes,Route Blockage,06-07-2025,01:00:00,06-07-2025,06:00:00,Completed,
CONT-0011, CFS,EDI Operations & Documentation at CFS,4,2,CFS Documentation Officer,4,5,Yes,Documentation Delay,06-07-2025,06:00:00,06-07-2025,11:00:00,Completed,
CONT-0011, CFS,Customs Examination & Clearance at CFS,4,3,Customs Officer,3,4,Yes,Client Unresponsive,06-07-2025,11:00:00,06-07-2025,15:00:00,Completed,
CONT-0011, CFS,Seal Cutting of the Container,4,4,Container Supervisor,7,6,No,No Deviation,06-07-2025,15:00:00,06-07-2025,21:00:00,Completed,
CONT-0011, CFS,Route planning and optimization,4,5,Route Planner,5,6,Yes,Route Blockage,06-07-2025,21:00:00,07-07-2025,03:00:00,Completed,
CONT-0011, CFS,Dispatch to Importer,4,6,Dispatch Coordinator,8,10,Yes,Staff Unavailable,07-07-2025,03:00:00,07-07-2025,13:00:00,Completed,
CONT-0011, Delivery & Handover,Inland Transport Booking & Scheduling,5,1,Delivery Coordinator,7,9,Yes,Inspection Delay,07-07-2025,13:00:00,07-07-2025,22:00:00,Completed,
CONT-0011, Delivery & Handover,"Delivery, Unloading & Quality Check",5,2,Client Warehouse Manager,4,3,No,No Deviation,07-07-2025,22:00:00,08-07-2025,01:00:00,Completed,
CONT-0011, Delivery & Handover,System & Documentation Updates,5,3,ERP Operator,5,5,No,No Deviation,08-07-2025,01:00:00,08-07-2025,06:00:00,Completed,
CONT-0011, Delivery & Handover,"Invoicing, Feedback & Closure",5,4,Client Service Manager,8,10,Yes,Inspection Delay,08-07-2025,06:00:00,08-07-2025,16:00:00,Completed,
CONT-0012, Plan & Book,Freight requirement assessment,1,1,Freight Manager,4,3,No,No Deviation,03-07-2025,00:00:00,03-07-2025,03:00:00,Completed,
CONT-0012, Plan & Book,Route & mode planning,1,2,Logistics Planner,8,9,Yes,Inspection Delay,03-07-2025,03:00:00,03-07-2025,12:00:00,Completed,
CONT-0012, Plan & Book,Quotation & booking,1,3,Sales Executive,7,7,No,No Deviation,03-07-2025,12:00:00,03-07-2025,19:00:00,Completed,
CONT-0012, Plan & Book,Client confirmation & scheduling,1,4,Client Relations Manager,4,6,Yes,Route Blockage,03-07-2025,19:00:00,04-07-2025,01:00:00,Completed,
CONT-0012, Shipping Services,Cargo Consolidation & Stuffing,2,1,CFS Manager,7,8,Yes,Documentation Delay,04-07-2025,01:00:00,04-07-2025,09:00:00,Completed,
CONT-0012, Shipping Services,Vessel Booking & Allocation,2,2,Vessel Planner,6,5,No,No Deviation,04-07-2025,09:00:00,04-07-2025,14:00:00,Completed,
CONT-0012, Shipping Services,Pre-Shipment Inspection & Gate-In,2,3,Quality Control Officer,4,4,No,No Deviation,04-07-2025,14:00:00,04-07-2025,18:00:00,Completed,
CONT-0012, Shipping Services,"Documentation, EDI & BL Issuance",2,4,EDI Specialist,6,7,Yes,Staff Unavailable,04-07-2025,18:00:00,05-07-2025,01:00:00,Completed,
CONT-0012, Shipping Services,Vessel Onboarding & Tracking,2,5,Marine Operations Coordinator,3,4,Yes,Route Blockage,05-07-2025,01:00:00,05-07-2025,05:00:00,Completed,
CONT-0012, Port Handling,Vessel Arrival & Port Unloading,3,1,Port Operations Team,4,6,Yes,Inspection Delay,05-07-2025,05:00:00,05-07-2025,11:00:00,Completed,
CONT-0012, Port Handling,Yard Stacking at Port,3,2,Port Operations Team,5,6,Yes,Client Unresponsive,05-07-2025,11:00:00,05-07-2025,17:00:00,Completed,
CONT-0012, Port Handling,Movement to CFS,3,3,Port Operations Team,8,7,No,No Deviation,05-07-2025,17:00:00,06-07-2025,00:00:00,Completed,
CONT-0012, CFS,Gate-In at CFS,4,1,CFS Gate Supervisor,5,6,Yes,Staff Unavailable,06-07-2025,00:00:00,06-07-2025,06:00:00,Completed,
CONT-0012, CFS,EDI Operations & Documentation at CFS,4,2,CFS Documentation Officer,3,2,No,No Deviation,06-07-2025,06:00:00,06-07-2025,08:00:00,Completed,
CONT-0012, CFS,Customs Examination & Clearance at CFS,4,3,Customs Officer,6,7,Yes,Staff Unavailable,06-07-2025,08:00:00,06-07-2025,15:00:00,Completed,
CONT-0012, CFS,Seal Cutting of the Container,4,4,Container Supervisor,6,7,Yes,Documentation Delay,06-07-2025,15:00:00,06-07-2025,22:00:00,Completed,
CONT-0012, CFS,Route planning and optimization,4,5,Route Planner,8,9,Yes,Inspection Delay,06-07-2025,22:00:00,07-07-2025,07:00:00,Completed,
CONT-0012, CFS,Dispatch to Importer,4,6,Dispatch Coordinator,7,7,No,No Deviation,07-07-2025,07:00:00,07-07-2025,14:00:00,Completed,
CONT-0012, Delivery & Handover,Inland Transport Booking & Scheduling,5,1,Delivery Coordinator,4,4,No,No Deviation,07-07-2025,14:00:00,07-07-2025,18:00:00,Completed,
CONT-0012, Delivery & Handover,"Delivery, Unloading & Quality Check",5,2,Client Warehouse Manager,6,6,No,No Deviation,07-07-2025,18:00:00,08-07-2025,00:00:00,Completed,
CONT-0012, Delivery & Handover,System & Documentation Updates,5,3,ERP Operator,6,7,Yes,Route Blockage,08-07-2025,00:00:00,08-07-2025,07:00:00,Completed,
CONT-0012, Delivery & Handover,"Invoicing, Feedback & Closure",5,4,Client Service Manager,8,10,Yes,Client Unresponsive,08-07-2025,07:00:00,08-07-2025,17:00:00,Completed,
CONT-0013, Plan & Book,Freight requirement assessment,1,1,Freight Manager,4,3,No,No Deviation,03-07-2025,00:00:00,03-07-2025,03:00:00,Completed,
CONT-0013, Plan & Book,Route & mode planning,1,2,Logistics Planner,7,8,Yes,Documentation Delay,03-07-2025,03:00:00,03-07-2025,11:00:00,Completed,
CONT-0013, Plan & Book,Quotation & booking,1,3,Sales Executive,3,2,No,No Deviation,03-07-2025,11:00:00,03-07-2025,13:00:00,Completed,
CONT-0013, Plan & Book,Client confirmation & scheduling,1,4,Client Relations Manager,7,7,No,No Deviation,03-07-2025,13:00:00,03-07-2025,20:00:00,Completed,
CONT-0013, Shipping Services,Cargo Consolidation & Stuffing,2,1,CFS Manager,4,4,No,No Deviation,03-07-2025,20:00:00,04-07-2025,00:00:00,Completed,
CONT-0013, Shipping Services,Vessel Booking & Allocation,2,2,Vessel Planner,7,9,Yes,Documentation Delay,04-07-2025,00:00:00,04-07-2025,09:00:00,Completed,
CONT-0013, Shipping Services,Pre-Shipment Inspection & Gate-In,2,3,Quality Control Officer,8,10,Yes,Documentation Delay,04-07-2025,09:00:00,04-07-2025,19:00:00,Completed,
CONT-0013, Shipping Services,"Documentation, EDI & BL Issuance",2,4,EDI Specialist,6,5,No,No Deviation,04-07-2025,19:00:00,05-07-2025,00:00:00,Completed,
CONT-0013, Shipping Services,Vessel Onboarding & Tracking,2,5,Marine Operations Coordinator,7,9,Yes,Route Blockage,05-07-2025,00:00:00,05-07-2025,09:00:00,Completed,
CONT-0013, Port Handling,Vessel Arrival & Port Unloading,3,1,Port Operations Team,7,9,Yes,Inspection Delay,05-07-2025,09:00:00,05-07-2025,18:00:00,Completed,
CONT-0013, Port Handling,Yard Stacking at Port,3,2,Port Operations Team,6,7,Yes,Documentation Delay,05-07-2025,18:00:00,06-07-2025,01:00:00,Completed,
CONT-0013, Port Handling,Movement to CFS,3,3,Port Operations Team,7,6,No,No Deviation,06-07-2025,01:00:00,06-07-2025,07:00:00,Completed,
CONT-0013, CFS,Gate-In at CFS,4,1,CFS Gate Supervisor,6,12,Yes,Awaiting Approval,06-07-2025,07:00:00,06-07-2025,19:00:00,Stuck,
CONT-0014, Plan & Book,Freight requirement assessment,1,1,Freight Manager,3,5,Yes,Documentation Delay,01-07-2025,00:00:00,01-07-2025,05:00:00,Completed,
CONT-0014, Plan & Book,Route & mode planning,1,2,Logistics Planner,5,7,Yes,Staff Unavailable,01-07-2025,05:00:00,01-07-2025,12:00:00,Completed,
CONT-0014, Plan & Book,Quotation & booking,1,3,Sales Executive,4,6,Yes,Inspection Delay,01-07-2025,12:00:00,01-07-2025,18:00:00,Completed,
CONT-0014, Plan & Book,Client confirmation & scheduling,1,4,Client Relations Manager,6,8,Yes,Route Blockage,01-07-2025,18:00:00,02-07-2025,02:00:00,Completed,
CONT-0014, Shipping Services,Cargo Consolidation & Stuffing,2,1,CFS Manager,6,5,No,No Deviation,02-07-2025,02:00:00,02-07-2025,07:00:00,Completed,
CONT-0014, Shipping Services,Vessel Booking & Allocation,2,2,Vessel Planner,8,8,No,No Deviation,02-07-2025,07:00:00,02-07-2025,15:00:00,Completed,
CONT-0014, Shipping Services,Pre-Shipment Inspection & Gate-In,2,3,Quality Control Officer,8,9,Yes,Documentation Delay,02-07-2025,15:00:00,03-07-2025,00:00:00,Completed,
CONT-0014, Shipping Services,"Documentation, EDI & BL Issuance",2,4,EDI Specialist,4,6,Yes,Client Unresponsive,03-07-2025,00:00:00,03-07-2025,06:00:00,Completed,
CONT-0014, Shipping Services,Vessel Onboarding & Tracking,2,5,Marine Operations Coordinator,4,4,No,No Deviation,03-07-2025,06:00:00,03-07-2025,10:00:00,Completed,
CONT-0014, Port Handling,Vessel Arrival & Port Unloading,3,1,Port Operations Team,3,2,No,No Deviation,03-07-2025,10:00:00,03-07-2025,12:00:00,Completed,
CONT-0014, Port Handling,Yard Stacking at Port,3,2,Port Operations Team,5,7,Yes,Client Unresponsive,03-07-2025,12:00:00,03-07-2025,19:00:00,Completed,
CONT-0014, Port Handling,Movement to CFS,3,3,Port Operations Team,6,8,Yes,Staff Unavailable,03-07-2025,19:00:00,04-07-2025,03:00:00,Completed,
CONT-0014, CFS,Gate-In at CFS,4,1,CFS Gate Supervisor,4,6,Yes,Inspection Delay,04-07-2025,03:00:00,04-07-2025,09:00:00,Completed,
CONT-0014, CFS,EDI Operations & Documentation at CFS,4,2,CFS Documentation Officer,4,5,Yes,Staff Unavailable,04-07-2025,09:00:00,04-07-2025,14:00:00,Completed,
CONT-0014, CFS,Customs Examination & Clearance at CFS,4,3,Customs Officer,8,7,No,No Deviation,04-07-2025,14:00:00,04-07-2025,21:00:00,Completed,
CONT-0014, CFS,Seal Cutting of the Container,4,4,Container Supervisor,3,5,Yes,Client Unresponsive,04-07-2025,21:00:00,05-07-2025,02:00:00,Completed,
CONT-0014, CFS,Route planning and optimization,4,5,Route Planner,3,3,No,No Deviation,05-07-2025,02:00:00,05-07-2025,05:00:00,Completed,
CONT-0014, CFS,Dispatch to Importer,4,6,Dispatch Coordinator,4,3,No,No Deviation,05-07-2025,05:00:00,05-07-2025,08:00:00,Completed,
CONT-0014, Delivery & Handover,Inland Transport Booking & Scheduling,5,1,Delivery Coordinator,3,2,No,No Deviation,05-07-2025,08:00:00,05-07-2025,10:00:00,Completed,
CONT-0014, Delivery & Handover,"Delivery, Unloading & Quality Check",5,2,Client Warehouse Manager,6,5,No,No Deviation,05-07-2025,10:00:00,05-07-2025,15:00:00,Completed,
CONT-0014, Delivery & Handover,System & Documentation Updates,5,3,ERP Operator,4,3,No,No Deviation,05-07-2025,15:00:00,05-07-2025,18:00:00,Completed,
CONT-0014, Delivery & Handover,"Invoicing, Feedback & Closure",5,4,Client Service Manager,6,8,Yes,Staff Unavailable,05-07-2025,18:00:00,06-07-2025,02:00:00,Completed,
CONT-0015, Plan & Book,Freight requirement assessment,1,1,Freight Manager,4,3,No,No Deviation,03-07-2025,00:00:00,03-07-2025,03:00:00,Completed,
CONT-0015, Plan & Book,Route & mode planning,1,2,Logistics Planner,4,5,Yes,Staff Unavailable,03-07-2025,03:00:00,03-07-2025,08:00:00,Completed,
CONT-0015, Plan & Book,Quotation & booking,1,3,Sales Executive,8,9,Yes,Client Unresponsive,03-07-2025,08:00:00,03-07-2025,17:00:00,Completed,
CONT-0015, Plan & Book,Client confirmation & scheduling,1,4,Client Relations Manager,7,8,Yes,Staff Unavailable,03-07-2025,17:00:00,04-07-2025,01:00:00,Completed,
CONT-0015, Shipping Services,Cargo Consolidation & Stuffing,2,1,CFS Manager,5,5,No,No Deviation,04-07-2025,01:00:00,04-07-2025,06:00:00,Completed,
CONT-0015, Shipping Services,Vessel Booking & Allocation,2,2,Vessel Planner,8,8,No,No Deviation,04-07-2025,06:00:00,04-07-2025,14:00:00,Completed,
CONT-0015, Shipping Services,Pre-Shipment Inspection & Gate-In,2,3,Quality Control Officer,6,7,Yes,Inspection Delay,04-07-2025,14:00:00,04-07-2025,21:00:00,Completed,
CONT-0015, Shipping Services,"Documentation, EDI & BL Issuance",2,4,EDI Specialist,3,3,No,No Deviation,04-07-2025,21:00:00,05-07-2025,00:00:00,Completed,
CONT-0015, Shipping Services,Vessel Onboarding & Tracking,2,5,Marine Operations Coordinator,8,10,Yes,Client Unresponsive,05-07-2025,00:00:00,05-07-2025,10:00:00,Completed,
CONT-0015, Port Handling,Vessel Arrival & Port Unloading,3,1,Port Operations Team,6,5,No,No Deviation,05-07-2025,10:00:00,05-07-2025,15:00:00,Completed,
CONT-0015, Port Handling,Yard Stacking at Port,3,2,Port Operations Team,5,7,Yes,Client Unresponsive,05-07-2025,15:00:00,05-07-2025,22:00:00,Completed,
CONT-0015, Port Handling,Movement to CFS,3,3,Port Operations Team,5,7,Yes,Route Blockage,05-07-2025,22:00:00,06-07-2025,05:00:00,Completed,
CONT-0015, CFS,Gate-In at CFS,4,1,CFS Gate Supervisor,4,5,Yes,Route Blockage,06-07-2025,05:00:00,06-07-2025,10:00:00,Completed,
CONT-0015, CFS,EDI Operations & Documentation at CFS,4,2,CFS Documentation Officer,4,6,Yes,Staff Unavailable,06-07-2025,10:00:00,06-07-2025,16:00:00,Completed,
CONT-0015, CFS,Customs Examination & Clearance at CFS,4,3,Customs Officer,4,5,Yes,Staff Unavailable,06-07-2025,16:00:00,06-07-2025,21:00:00,Completed,
CONT-0015, CFS,Seal Cutting of the Container,4,4,Container Supervisor,6,5,No,No Deviation,06-07-2025,21:00:00,07-07-2025,02:00:00,Completed,
CONT-0015, CFS,Route planning and optimization,4,5,Route Planner,7,9,Yes,Route Blockage,07-07-2025,02:00:00,07-07-2025,11:00:00,Completed,
CONT-0015, CFS,Dispatch to Importer,4,6,Dispatch Coordinator,7,7,No,No Deviation,07-07-2025,11:00:00,07-07-2025,18:00:00,Completed,
CONT-0015, Delivery & Handover,Inland Transport Booking & Scheduling,5,1,Delivery Coordinator,6,6,No,No Deviation,07-07-2025,18:00:00,08-07-2025,00:00:00,Completed,
CONT-0015, Delivery & Handover,"Delivery, Unloading & Quality Check",5,2,Client Warehouse Manager,5,5,No,No Deviation,08-07-2025,00:00:00,08-07-2025,05:00:00,Completed,
CONT-0015, Delivery & Handover,System & Documentation Updates,5,3,ERP Operator,5,4,No,No Deviation,08-07-2025,05:00:00,08-07-2025,09:00:00,Completed,
CONT-0015, Delivery & Handover,"Invoicing, Feedback & Closure",5,4,Client Service Manager,6,7,Yes,Documentation Delay,08-07-2025,09:00:00,08-07-2025,16:00:00,Completed,
CONT-0016, Plan & Book,Freight requirement assessment,1,1,Freight Manager,4,3,No,No Deviation,03-07-2025,00:00:00,03-07-2025,03:00:00,Completed,
CONT-0016, Plan & Book,Route & mode planning,1,2,Logistics Planner,8,7,No,No Deviation,03-07-2025,03:00:00,03-07-2025,10:00:00,Completed,
CONT-0016, Plan & Book,Quotation & booking,1,3,Sales Executive,4,4,No,No Deviation,03-07-2025,10:00:00,03-07-2025,14:00:00,Completed,
CONT-0016, Plan & Book,Client confirmation & scheduling,1,4,Client Relations Manager,5,6,Yes,Documentation Delay,03-07-2025,14:00:00,03-07-2025,20:00:00,Completed,
CONT-0016, Shipping Services,Cargo Consolidation & Stuffing,2,1,CFS Manager,4,3,No,No Deviation,03-07-2025,20:00:00,03-07-2025,23:00:00,Completed,
CONT-0016, Shipping Services,Vessel Booking & Allocation,2,2,Vessel Planner,6,6,No,No Deviation,03-07-2025,23:00:00,04-07-2025,05:00:00,Completed,
CONT-0016, Shipping Services,Pre-Shipment Inspection & Gate-In,2,3,Quality Control Officer,8,8,No,No Deviation,04-07-2025,05:00:00,04-07-2025,13:00:00,Completed,
CONT-0016, Shipping Services,"Documentation, EDI & BL Issuance",2,4,EDI Specialist,4,5,Yes,Inspection Delay,04-07-2025,13:00:00,04-07-2025,18:00:00,Completed,
CONT-0016, Shipping Services,Vessel Onboarding & Tracking,2,5,Marine Operations Coordinator,7,8,Yes,Inspection Delay,04-07-2025,18:00:00,05-07-2025,02:00:00,Completed,
CONT-0016, Port Handling,Vessel Arrival & Port Unloading,3,1,Port Operations Team,7,9,Yes,Route Blockage,05-07-2025,02:00:00,05-07-2025,11:00:00,Completed,
CONT-0016, Port Handling,Yard Stacking at Port,3,2,Port Operations Team,9,21,Yes,Gate-In Issue,05-07-2025,11:00:00,06-07-2025,08:00:00,Stuck,
CONT-0017, Plan & Book,Freight requirement assessment,1,1,Freight Manager,5,6,Yes,Route Blockage,01-07-2025,00:00:00,01-07-2025,06:00:00,Completed,
CONT-0017, Plan & Book,Route & mode planning,1,2,Logistics Planner,3,3,No,No Deviation,01-07-2025,06:00:00,01-07-2025,09:00:00,Completed,
CONT-0017, Plan & Book,Quotation & booking,1,3,Sales Executive,8,8,No,No Deviation,01-07-2025,09:00:00,01-07-2025,17:00:00,Completed,
CONT-0017, Plan & Book,Client confirmation & scheduling,1,4,Client Relations Manager,3,4,Yes,Client Unresponsive,01-07-2025,17:00:00,01-07-2025,21:00:00,Completed,
CONT-0017, Shipping Services,Cargo Consolidation & Stuffing,2,1,CFS Manager,7,9,Yes,Inspection Delay,01-07-2025,21:00:00,02-07-2025,06:00:00,Completed,
CONT-0017, Shipping Services,Vessel Booking & Allocation,2,2,Vessel Planner,4,4,No,No Deviation,02-07-2025,06:00:00,02-07-2025,10:00:00,Completed,
CONT-0017, Shipping Services,Pre-Shipment Inspection & Gate-In,2,3,Quality Control Officer,5,5,No,No Deviation,02-07-2025,10:00:00,02-07-2025,15:00:00,Completed,
CONT-0017, Shipping Services,"Documentation, EDI & BL Issuance",2,4,EDI Specialist,6,6,No,No Deviation,02-07-2025,15:00:00,02-07-2025,21:00:00,Completed,
CONT-0017, Shipping Services,Vessel Onboarding & Tracking,2,5,Marine Operations Coordinator,6,7,Yes,Inspection Delay,02-07-2025,21:00:00,03-07-2025,04:00:00,Completed,
CONT-0017, Port Handling,Vessel Arrival & Port Unloading,3,1,Port Operations Team,6,8,Yes,Route Blockage,03-07-2025,04:00:00,03-07-2025,12:00:00,Completed,
CONT-0017, Port Handling,Yard Stacking at Port,3,2,Port Operations Team,4,5,Yes,Staff Unavailable,03-07-2025,12:00:00,03-07-2025,17:00:00,Completed,
CONT-0017, Port Handling,Movement to CFS,3,3,Port Operations Team,4,6,Yes,Staff Unavailable,03-07-2025,17:00:00,03-07-2025,23:00:00,Completed,
CONT-0017, CFS,Gate-In at CFS,4,1,CFS Gate Supervisor,7,6,No,No Deviation,03-07-2025,23:00:00,04-07-2025,05:00:00,Completed,
CONT-0017, CFS,EDI Operations & Documentation at CFS,4,2,CFS Documentation Officer,7,6,No,No Deviation,04-07-2025,05:00:00,04-07-2025,11:00:00,Completed,
CONT-0017, CFS,Customs Examination & Clearance at CFS,4,3,Customs Officer,3,2,No,No Deviation,04-07-2025,11:00:00,04-07-2025,13:00:00,Completed,
CONT-0017, CFS,Seal Cutting of the Container,4,4,Container Supervisor,3,5,Yes,Staff Unavailable,04-07-2025,13:00:00,04-07-2025,18:00:00,Completed,
CONT-0017, CFS,Route planning and optimization,4,5,Route Planner,8,8,No,No Deviation,04-07-2025,18:00:00,05-07-2025,02:00:00,Completed,
CONT-0017, CFS,Dispatch to Importer,4,6,Dispatch Coordinator,3,3,No,No Deviation,05-07-2025,02:00:00,05-07-2025,05:00:00,Completed,
CONT-0017, Delivery & Handover,Inland Transport Booking & Scheduling,5,1,Delivery Coordinator,3,3,No,No Deviation,05-07-2025,05:00:00,05-07-2025,08:00:00,Completed,
CONT-0017, Delivery & Handover,"Delivery, Unloading & Quality Check",5,2,Client Warehouse Manager,7,9,Yes,Inspection Delay,05-07-2025,08:00:00,05-07-2025,17:00:00,Completed,
CONT-0017, Delivery & Handover,System & Documentation Updates,5,3,ERP Operator,3,5,Yes,Route Blockage,05-07-2025,17:00:00,05-07-2025,22:00:00,Completed,
CONT-0017, Delivery & Handover,"Invoicing, Feedback & Closure",5,4,Client Service Manager,3,2,No,No Deviation,05-07-2025,22:00:00,06-07-2025,00:00:00,Completed,
CONT-0018, Plan & Book,Freight requirement assessment,1,1,Freight Manager,3,2,No,No Deviation,03-07-2025,00:00:00,03-07-2025,02:00:00,Completed,
CONT-0018, Plan & Book,Route & mode planning,1,2,Logistics Planner,5,6,Yes,Documentation Delay,03-07-2025,02:00:00,03-07-2025,08:00:00,Completed,
CONT-0018, Plan & Book,Quotation & booking,1,3,Sales Executive,8,10,Yes,Staff Unavailable,03-07-2025,08:00:00,03-07-2025,18:00:00,Completed,
CONT-0018, Plan & Book,Client confirmation & scheduling,1,4,Client Relations Manager,3,3,No,No Deviation,03-07-2025,18:00:00,03-07-2025,21:00:00,Completed,
CONT-0018, Shipping Services,Cargo Consolidation & Stuffing,2,1,CFS Manager,7,8,Yes,Inspection Delay,03-07-2025,21:00:00,04-07-2025,05:00:00,Completed,
CONT-0018, Shipping Services,Vessel Booking & Allocation,2,2,Vessel Planner,6,5,No,No Deviation,04-07-2025,05:00:00,04-07-2025,10:00:00,Completed,
CONT-0018, Shipping Services,Pre-Shipment Inspection & Gate-In,2,3,Quality Control Officer,6,8,Yes,Client Unresponsive,04-07-2025,10:00:00,04-07-2025,18:00:00,Completed,
CONT-0018, Shipping Services,"Documentation, EDI & BL Issuance",2,4,EDI Specialist,8,8,No,No Deviation,04-07-2025,18:00:00,05-07-2025,02:00:00,Completed,
CONT-0018, Shipping Services,Vessel Onboarding & Tracking,2,5,Marine Operations Coordinator,3,2,No,No Deviation,05-07-2025,02:00:00,05-07-2025,04:00:00,Completed,
CONT-0018, Port Handling,Vessel Arrival & Port Unloading,3,1,Port Operations Team,7,18,Yes,Awaiting Approval,05-07-2025,04:00:00,05-07-2025,22:00:00,Stuck,
CONT-0019, Plan & Book,Freight requirement assessment,1,1,Freight Manager,3,2,No,No Deviation,02-07-2025,00:00:00,02-07-2025,02:00:00,Completed,
CONT-0019, Plan & Book,Route & mode planning,1,2,Logistics Planner,8,8,No,No Deviation,02-07-2025,02:00:00,02-07-2025,10:00:00,Completed,
CONT-0019, Plan & Book,Quotation & booking,1,3,Sales Executive,3,5,Yes,Route Blockage,02-07-2025,10:00:00,02-07-2025,15:00:00,Completed,
CONT-0019, Plan & Book,Client confirmation & scheduling,1,4,Client Relations Manager,8,9,Yes,Client Unresponsive,02-07-2025,15:00:00,03-07-2025,00:00:00,Completed,
CONT-0019, Shipping Services,Cargo Consolidation & Stuffing,2,1,CFS Manager,3,2,No,No Deviation,03-07-2025,00:00:00,03-07-2025,02:00:00,Completed,
CONT-0019, Shipping Services,Vessel Booking & Allocation,2,2,Vessel Planner,4,4,No,No Deviation,03-07-2025,02:00:00,03-07-2025,06:00:00,Completed,
CONT-0019, Shipping Services,Pre-Shipment Inspection & Gate-In,2,3,Quality Control Officer,8,10,Yes,Inspection Delay,03-07-2025,06:00:00,03-07-2025,16:00:00,Completed,
CONT-0019, Shipping Services,"Documentation, EDI & BL Issuance",2,4,EDI Specialist,3,2,No,No Deviation,03-07-2025,16:00:00,03-07-2025,18:00:00,Completed,
CONT-0019, Shipping Services,Vessel Onboarding & Tracking,2,5,Marine Operations Coordinator,8,9,Yes,Client Unresponsive,03-07-2025,18:00:00,04-07-2025,03:00:00,Completed,
CONT-0019, Port Handling,Vessel Arrival & Port Unloading,3,1,Port Operations Team,7,6,No,No Deviation,04-07-2025,03:00:00,04-07-2025,09:00:00,Completed,
CONT-0019, Port Handling,Yard Stacking at Port,3,2,Port Operations Team,4,5,Yes,Documentation Delay,04-07-2025,09:00:00,04-07-2025,14:00:00,Completed,
CONT-0019, Port Handling,Movement to CFS,3,3,Port Operations Team,4,4,No,No Deviation,04-07-2025,14:00:00,04-07-2025,18:00:00,Completed,
CONT-0019, CFS,Gate-In at CFS,4,1,CFS Gate Supervisor,8,10,Yes,Documentation Delay,04-07-2025,18:00:00,05-07-2025,04:00:00,Completed,
CONT-0019, CFS,EDI Operations & Documentation at CFS,4,2,CFS Documentation Officer,5,5,No,No Deviation,05-07-2025,04:00:00,05-07-2025,09:00:00,Completed,
CONT-0019, CFS,Customs Examination & Clearance at CFS,4,3,Customs Officer,7,7,No,No Deviation,05-07-2025,09:00:00,05-07-2025,16:00:00,Completed,
CONT-0019, CFS,Seal Cutting of the Container,4,4,Container Supervisor,7,9,Yes,Client Unresponsive,05-07-2025,16:00:00,06-07-2025,01:00:00,Completed,
CONT-0019, CFS,Route planning and optimization,4,5,Route Planner,5,7,Yes,Staff Unavailable,06-07-2025,01:00:00,06-07-2025,08:00:00,Completed,
CONT-0019, CFS,Dispatch to Importer,4,6,Dispatch Coordinator,8,7,No,No Deviation,06-07-2025,08:00:00,06-07-2025,15:00:00,Completed,
CONT-0019, Delivery & Handover,Inland Transport Booking & Scheduling,5,1,Delivery Coordinator,7,8,Yes,Documentation Delay,06-07-2025,15:00:00,06-07-2025,23:00:00,Completed,
CONT-0019, Delivery & Handover,"Delivery, Unloading & Quality Check",5,2,Client Warehouse Manager,3,5,Yes,Staff Unavailable,06-07-2025,23:00:00,07-07-2025,04:00:00,Completed,
CONT-0019, Delivery & Handover,System & Documentation Updates,5,3,ERP Operator,3,4,Yes,Client Unresponsive,07-07-2025,04:00:00,07-07-2025,08:00:00,Completed,
CONT-0019, Delivery & Handover,"Invoicing, Feedback & Closure",5,4,Client Service Manager,7,9,Yes,Inspection Delay,07-07-2025,08:00:00,07-07-2025,17:00:00,Completed,
CONT-0020, Plan & Book,Freight requirement assessment,1,1,Freight Manager,8,9,Yes,Route Blockage,01-07-2025,00:00:00,01-07-2025,09:00:00,Completed,
CONT-0020, Plan & Book,Route & mode planning,1,2,Logistics Planner,6,6,No,No Deviation,01-07-2025,09:00:00,01-07-2025,15:00:00,Completed,
CONT-0020, Plan & Book,Quotation & booking,1,3,Sales Executive,5,7,Yes,Route Blockage,01-07-2025,15:00:00,01-07-2025,22:00:00,Completed,
CONT-0020, Plan & Book,Client confirmation & scheduling,1,4,Client Relations Manager,4,6,Yes,Documentation Delay,01-07-2025,22:00:00,02-07-2025,04:00:00,Completed,
CONT-0020, Shipping Services,Cargo Consolidation & Stuffing,2,1,CFS Manager,7,8,Yes,Staff Unavailable,02-07-2025,04:00:00,02-07-2025,12:00:00,Completed,
CONT-0020, Shipping Services,Vessel Booking & Allocation,2,2,Vessel Planner,8,7,No,No Deviation,02-07-2025,12:00:00,02-07-2025,19:00:00,Completed,
CONT-0020, Shipping Services,Pre-Shipment Inspection & Gate-In,2,3,Quality Control Officer,3,4,Yes,Staff Unavailable,02-07-2025,19:00:00,02-07-2025,23:00:00,Completed,
CONT-0020, Shipping Services,"Documentation, EDI & BL Issuance",2,4,EDI Specialist,6,6,No,No Deviation,02-07-2025,23:00:00,03-07-2025,05:00:00,Completed,
CONT-0020, Shipping Services,Vessel Onboarding & Tracking,2,5,Marine Operations Coordinator,8,10,Yes,Inspection Delay,03-07-2025,05:00:00,03-07-2025,15:00:00,Completed,
CONT-0020, Port Handling,Vessel Arrival & Port Unloading,3,1,Port Operations Team,5,4,No,No Deviation,03-07-2025,15:00:00,03-07-2025,19:00:00,Completed,
CONT-0020, Port Handling,Yard Stacking at Port,3,2,Port Operations Team,3,2,No,No Deviation,03-07-2025,19:00:00,03-07-2025,21:00:00,Completed,
CONT-0020, Port Handling,Movement to CFS,3,3,Port Operations Team,5,7,Yes,Inspection Delay,03-07-2025,21:00:00,04-07-2025,04:00:00,Completed,
CONT-0020, CFS,Gate-In at CFS,4,1,CFS Gate Supervisor,5,4,No,No Deviation,04-07-2025,04:00:00,04-07-2025,08:00:00,Completed,
CONT-0020, CFS,EDI Operations & Documentation at CFS,4,2,CFS Documentation Officer,4,3,No,No Deviation,04-07-2025,08:00:00,04-07-2025,11:00:00,Completed,
CONT-0020, CFS,Customs Examination & Clearance at CFS,4,3,Customs Officer,4,6,Yes,Route Blockage,04-07-2025,11:00:00,04-07-2025,17:00:00,Completed,
CONT-0020, CFS,Seal Cutting of the Container,4,4,Container Supervisor,7,9,Yes,Documentation Delay,04-07-2025,17:00:00,05-07-2025,02:00:00,Completed,
CONT-0020, CFS,Route planning and optimization,4,5,Route Planner,3,2,No,No Deviation,05-07-2025,02:00:00,05-07-2025,04:00:00,Completed,
CONT-0020, CFS,Dispatch to Importer,4,6,Dispatch Coordinator,5,4,No,No Deviation,05-07-2025,04:00:00,05-07-2025,08:00:00,Completed,
CONT-0020, Delivery & Handover,Inland Transport Booking & Scheduling,5,1,Delivery Coordinator,7,8,Yes,Route Blockage,05-07-2025,08:00:00,05-07-2025,16:00:00,Completed,
CONT-0020, Delivery & Handover,"Delivery, Unloading & Quality Check",5,2,Client Warehouse Manager,3,4,Yes,Route Blockage,05-07-2025,16:00:00,05-07-2025,20:00:00,Completed,
CONT-0020, Delivery & Handover,System & Documentation Updates,5,3,ERP Operator,6,5,No,No Deviation,05-07-2025,20:00:00,06-07-2025,01:00:00,Completed,
CONT-0020, Delivery & Handover,"Invoicing, Feedback & Closure",5,4,Client Service Manager,8,8,No,No Deviation,06-07-2025,01:00:00,06-07-2025,09:00:00,Completed,
CONT-0021, Plan & Book,Freight requirement assessment,1,1,Freight Manager,7,7,No,No Deviation,03-07-2025,00:00:00,03-07-2025,07:00:00,Completed,
CONT-0021, Plan & Book,Route & mode planning,1,2,Logistics Planner,8,10,Yes,Staff Unavailable,03-07-2025,07:00:00,03-07-2025,17:00:00,Completed,
CONT-0021, Plan & Book,Quotation & booking,1,3,Sales Executive,4,5,Yes,Inspection Delay,03-07-2025,17:00:00,03-07-2025,22:00:00,Completed,
CONT-0021, Plan & Book,Client confirmation & scheduling,1,4,Client Relations Manager,5,7,Yes,Staff Unavailable,03-07-2025,22:00:00,04-07-2025,05:00:00,Completed,
CONT-0021, Shipping Services,Cargo Consolidation & Stuffing,2,1,CFS Manager,3,3,No,No Deviation,04-07-2025,05:00:00,04-07-2025,08:00:00,Completed,
CONT-0021, Shipping Services,Vessel Booking & Allocation,2,2,Vessel Planner,6,7,Yes,Route Blockage,04-07-2025,08:00:00,04-07-2025,15:00:00,Completed,
CONT-0021, Shipping Services,Pre-Shipment Inspection & Gate-In,2,3,Quality Control Officer,5,7,Yes,Documentation Delay,04-07-2025,15:00:00,04-07-2025,22:00:00,Completed,
CONT-0021, Shipping Services,"Documentation, EDI & BL Issuance",2,4,EDI Specialist,5,6,Yes,Staff Unavailable,04-07-2025,22:00:00,05-07-2025,04:00:00,Completed,
CONT-0021, Shipping Services,Vessel Onboarding & Tracking,2,5,Marine Operations Coordinator,8,10,Yes,Client Unresponsive,05-07-2025,04:00:00,05-07-2025,14:00:00,Completed,
CONT-0021, Port Handling,Vessel Arrival & Port Unloading,3,1,Port Operations Team,7,7,No,No Deviation,05-07-2025,14:00:00,05-07-2025,21:00:00,Completed,
CONT-0021, Port Handling,Yard Stacking at Port,3,2,Port Operations Team,6,5,No,No Deviation,05-07-2025,21:00:00,06-07-2025,02:00:00,Completed,
CONT-0021, Port Handling,Movement to CFS,3,3,Port Operations Team,4,5,Yes,Documentation Delay,06-07-2025,02:00:00,06-07-2025,07:00:00,Completed,
CONT-0021, CFS,Gate-In at CFS,4,1,CFS Gate Supervisor,6,7,Yes,Client Unresponsive,06-07-2025,07:00:00,06-07-2025,14:00:00,Completed,
CONT-0021, CFS,EDI Operations & Documentation at CFS,4,2,CFS Documentation Officer,6,7,Yes,Route Blockage,06-07-2025,14:00:00,06-07-2025,21:00:00,Completed,
CONT-0021, CFS,Customs Examination & Clearance at CFS,4,3,Customs Officer,5,7,Yes,Client Unresponsive,06-07-2025,21:00:00,07-07-2025,04:00:00,Completed,
CONT-0021, CFS,Seal Cutting of the Container,4,4,Container Supervisor,4,5,Yes,Inspection Delay,07-07-2025,04:00:00,07-07-2025,09:00:00,Completed,
CONT-0021, CFS,Route planning and optimization,4,5,Route Planner,7,7,No,No Deviation,07-07-2025,09:00:00,07-07-2025,16:00:00,Completed,
CONT-0021, CFS,Dispatch to Importer,4,6,Dispatch Coordinator,6,7,Yes,Staff Unavailable,07-07-2025,16:00:00,07-07-2025,23:00:00,Completed,
CONT-0021, Delivery & Handover,Inland Transport Booking & Scheduling,5,1,Delivery Coordinator,6,7,Yes,Inspection Delay,07-07-2025,23:00:00,08-07-2025,06:00:00,Completed,
CONT-0021, Delivery & Handover,"Delivery, Unloading & Quality Check",5,2,Client Warehouse Manager,8,10,Yes,Client Unresponsive,08-07-2025,06:00:00,08-07-2025,16:00:00,Completed,
CONT-0021, Delivery & Handover,System & Documentation Updates,5,3,ERP Operator,4,5,Yes,Route Blockage,08-07-2025,16:00:00,08-07-2025,21:00:00,Completed,
CONT-0021, Delivery & Handover,"Invoicing, Feedback & Closure",5,4,Client Service Manager,5,7,Yes,Inspection Delay,08-07-2025,21:00:00,09-07-2025,04:00:00,Completed,
CONT-0022, Plan & Book,Freight requirement assessment,1,1,Freight Manager,7,7,No,No Deviation,01-07-2025,00:00:00,01-07-2025,07:00:00,Completed,
CONT-0022, Plan & Book,Route & mode planning,1,2,Logistics Planner,7,7,No,No Deviation,01-07-2025,07:00:00,01-07-2025,14:00:00,Completed,
CONT-0022, Plan & Book,Quotation & booking,1,3,Sales Executive,8,7,No,No Deviation,01-07-2025,14:00:00,01-07-2025,21:00:00,Completed,
CONT-0022, Plan & Book,Client confirmation & scheduling,1,4,Client Relations Manager,8,10,Yes,Staff Unavailable,01-07-2025,21:00:00,02-07-2025,07:00:00,Completed,
CONT-0022, Shipping Services,Cargo Consolidation & Stuffing,2,1,CFS Manager,6,7,Yes,Documentation Delay,02-07-2025,07:00:00,02-07-2025,14:00:00,Completed,
CONT-0022, Shipping Services,Vessel Booking & Allocation,2,2,Vessel Planner,6,8,Yes,Staff Unavailable,02-07-2025,14:00:00,02-07-2025,22:00:00,Completed,
CONT-0022, Shipping Services,Pre-Shipment Inspection & Gate-In,2,3,Quality Control Officer,8,9,Yes,Staff Unavailable,02-07-2025,22:00:00,03-07-2025,07:00:00,Completed,
CONT-0022, Shipping Services,"Documentation, EDI & BL Issuance",2,4,EDI Specialist,5,5,No,No Deviation,03-07-2025,07:00:00,03-07-2025,12:00:00,Completed,
CONT-0022, Shipping Services,Vessel Onboarding & Tracking,2,5,Marine Operations Coordinator,8,10,Yes,Route Blockage,03-07-2025,12:00:00,03-07-2025,22:00:00,Completed,
CONT-0022, Port Handling,Vessel Arrival & Port Unloading,3,1,Port Operations Team,3,5,Yes,Client Unresponsive,03-07-2025,22:00:00,04-07-2025,03:00:00,Completed,
CONT-0022, Port Handling,Yard Stacking at Port,3,2,Port Operations Team,6,8,Yes,Client Unresponsive,04-07-2025,03:00:00,04-07-2025,11:00:00,Completed,
CONT-0022, Port Handling,Movement to CFS,3,3,Port Operations Team,7,9,Yes,Client Unresponsive,04-07-2025,11:00:00,04-07-2025,20:00:00,Completed,
CONT-0022, CFS,Gate-In at CFS,4,1,CFS Gate Supervisor,3,4,Yes,Client Unresponsive,04-07-2025,20:00:00,05-07-2025,00:00:00,Completed,
CONT-0022, CFS,EDI Operations & Documentation at CFS,4,2,CFS Documentation Officer,7,6,No,No Deviation,05-07-2025,00:00:00,05-07-2025,06:00:00,Completed,
CONT-0022, CFS,Customs Examination & Clearance at CFS,4,3,Customs Officer,3,3,No,No Deviation,05-07-2025,06:00:00,05-07-2025,09:00:00,Completed,
CONT-0022, CFS,Seal Cutting of the Container,4,4,Container Supervisor,8,9,Yes,Staff Unavailable,05-07-2025,09:00:00,05-07-2025,18:00:00,Completed,
CONT-0022, CFS,Route planning and optimization,4,5,Route Planner,8,7,No,No Deviation,05-07-2025,18:00:00,06-07-2025,01:00:00,Completed,
CONT-0022, CFS,Dispatch to Importer,4,6,Dispatch Coordinator,7,9,Yes,Inspection Delay,06-07-2025,01:00:00,06-07-2025,10:00:00,Completed,
CONT-0022, Delivery & Handover,Inland Transport Booking & Scheduling,5,1,Delivery Coordinator,6,5,No,No Deviation,06-07-2025,10:00:00,06-07-2025,15:00:00,Completed,
CONT-0022, Delivery & Handover,"Delivery, Unloading & Quality Check",5,2,Client Warehouse Manager,3,2,No,No Deviation,06-07-2025,15:00:00,06-07-2025,17:00:00,Completed,
CONT-0022, Delivery & Handover,System & Documentation Updates,5,3,ERP Operator,5,5,No,No Deviation,06-07-2025,17:00:00,06-07-2025,22:00:00,Completed,
CONT-0022, Delivery & Handover,"Invoicing, Feedback & Closure",5,4,Client Service Manager,7,7,No,No Deviation,06-07-2025,22:00:00,07-07-2025,05:00:00,Completed,
CONT-0023, Plan & Book,Freight requirement assessment,1,1,Freight Manager,5,7,Yes,Route Blockage,02-07-2025,00:00:00,02-07-2025,07:00:00,Completed,
CONT-0023, Plan & Book,Route & mode planning,1,2,Logistics Planner,8,8,No,No Deviation,02-07-2025,07:00:00,02-07-2025,15:00:00,Completed,
CONT-0023, Plan & Book,Quotation & booking,1,3,Sales Executive,5,4,No,No Deviation,02-07-2025,15:00:00,02-07-2025,19:00:00,Completed,
CONT-0023, Plan & Book,Client confirmation & scheduling,1,4,Client Relations Manager,6,5,No,No Deviation,02-07-2025,19:00:00,03-07-2025,00:00:00,Completed,
CONT-0023, Shipping Services,Cargo Consolidation & Stuffing,2,1,CFS Manager,5,7,Yes,Documentation Delay,03-07-2025,00:00:00,03-07-2025,07:00:00,Completed,
CONT-0023, Shipping Services,Vessel Booking & Allocation,2,2,Vessel Planner,3,3,No,No Deviation,03-07-2025,07:00:00,03-07-2025,10:00:00,Completed,
CONT-0023, Shipping Services,Pre-Shipment Inspection & Gate-In,2,3,Quality Control Officer,5,6,Yes,Inspection Delay,03-07-2025,10:00:00,03-07-2025,16:00:00,Completed,
CONT-0023, Shipping Services,"Documentation, EDI & BL Issuance",2,4,EDI Specialist,6,6,No,No Deviation,03-07-2025,16:00:00,03-07-2025,22:00:00,Completed,
CONT-0023, Shipping Services,Vessel Onboarding & Tracking,2,5,Marine Operations Coordinator,7,9,Yes,Inspection Delay,03-07-2025,22:00:00,04-07-2025,07:00:00,Completed,
CONT-0023, Port Handling,Vessel Arrival & Port Unloading,3,1,Port Operations Team,6,5,No,No Deviation,04-07-2025,07:00:00,04-07-2025,12:00:00,Completed,
CONT-0023, Port Handling,Yard Stacking at Port,3,2,Port Operations Team,6,8,Yes,Inspection Delay,04-07-2025,12:00:00,04-07-2025,20:00:00,Completed,
CONT-0023, Port Handling,Movement to CFS,3,3,Port Operations Team,3,4,Yes,Documentation Delay,04-07-2025,20:00:00,05-07-2025,00:00:00,Completed,
CONT-0023, CFS,Gate-In at CFS,4,1,CFS Gate Supervisor,8,7,No,No Deviation,05-07-2025,00:00:00,05-07-2025,07:00:00,Completed,
CONT-0023, CFS,EDI Operations & Documentation at CFS,4,2,CFS Documentation Officer,3,4,Yes,Documentation Delay,05-07-2025,07:00:00,05-07-2025,11:00:00,Completed,
CONT-0023, CFS,Customs Examination & Clearance at CFS,4,3,Customs Officer,8,8,No,No Deviation,05-07-2025,11:00:00,05-07-2025,19:00:00,Completed,
CONT-0023, CFS,Seal Cutting of the Container,4,4,Container Supervisor,8,8,No,No Deviation,05-07-2025,19:00:00,06-07-2025,03:00:00,Completed,
CONT-0023, CFS,Route planning and optimization,4,5,Route Planner,7,7,No,No Deviation,06-07-2025,03:00:00,06-07-2025,10:00:00,Completed,
CONT-0023, CFS,Dispatch to Importer,4,6,Dispatch Coordinator,7,7,No,No Deviation,06-07-2025,10:00:00,06-07-2025,17:00:00,Completed,
CONT-0023, Delivery & Handover,Inland Transport Booking & Scheduling,5,1,Delivery Coordinator,5,7,Yes,Route Blockage,06-07-2025,17:00:00,07-07-2025,00:00:00,Completed,
CONT-0023, Delivery & Handover,"Delivery, Unloading & Quality Check",5,2,Client Warehouse Manager,4,6,Yes,Staff Unavailable,07-07-2025,00:00:00,07-07-2025,06:00:00,Completed,
CONT-0023, Delivery & Handover,System & Documentation Updates,5,3,ERP Operator,4,6,Yes,Route Blockage,07-07-2025,06:00:00,07-07-2025,12:00:00,Completed,
CONT-0023, Delivery & Handover,"Invoicing, Feedback & Closure",5,4,Client Service Manager,3,3,No,No Deviation,07-07-2025,12:00:00,07-07-2025,15:00:00,Completed,
CONT-0024, Plan & Book,Freight requirement assessment,1,1,Freight Manager,6,5,No,No Deviation,02-07-2025,00:00:00,02-07-2025,05:00:00,Completed,
CONT-0024, Plan & Book,Route & mode planning,1,2,Logistics Planner,4,5,Yes,Documentation Delay,02-07-2025,05:00:00,02-07-2025,10:00:00,Completed,
CONT-0024, Plan & Book,Quotation & booking,1,3,Sales Executive,7,7,No,No Deviation,02-07-2025,10:00:00,02-07-2025,17:00:00,Completed,
CONT-0024, Plan & Book,Client confirmation & scheduling,1,4,Client Relations Manager,4,6,Yes,Documentation Delay,02-07-2025,17:00:00,02-07-2025,23:00:00,Completed,
CONT-0024, Shipping Services,Cargo Consolidation & Stuffing,2,1,CFS Manager,6,7,Yes,Client Unresponsive,02-07-2025,23:00:00,03-07-2025,06:00:00,Completed,
CONT-0024, Shipping Services,Vessel Booking & Allocation,2,2,Vessel Planner,6,5,No,No Deviation,03-07-2025,06:00:00,03-07-2025,11:00:00,Completed,
CONT-0024, Shipping Services,Pre-Shipment Inspection & Gate-In,2,3,Quality Control Officer,6,6,No,No Deviation,03-07-2025,11:00:00,03-07-2025,17:00:00,Completed,
CONT-0024, Shipping Services,"Documentation, EDI & BL Issuance",2,4,EDI Specialist,8,9,Yes,Client Unresponsive,03-07-2025,17:00:00,04-07-2025,02:00:00,Completed,
CONT-0024, Shipping Services,Vessel Onboarding & Tracking,2,5,Marine Operations Coordinator,8,8,No,No Deviation,04-07-2025,02:00:00,04-07-2025,10:00:00,Completed,
CONT-0024, Port Handling,Vessel Arrival & Port Unloading,3,1,Port Operations Team,4,5,Yes,Documentation Delay,04-07-2025,10:00:00,04-07-2025,15:00:00,Completed,
CONT-0024, Port Handling,Yard Stacking at Port,3,2,Port Operations Team,8,8,No,No Deviation,04-07-2025,15:00:00,04-07-2025,23:00:00,Completed,
CONT-0024, Port Handling,Movement to CFS,3,3,Port Operations Team,6,6,No,No Deviation,04-07-2025,23:00:00,05-07-2025,05:00:00,Completed,
CONT-0024, CFS,Gate-In at CFS,4,1,CFS Gate Supervisor,6,6,No,No Deviation,05-07-2025,05:00:00,05-07-2025,11:00:00,Completed,
CONT-0024, CFS,EDI Operations & Documentation at CFS,4,2,CFS Documentation Officer,7,7,No,No Deviation,05-07-2025,11:00:00,05-07-2025,18:00:00,Completed,
CONT-0024, CFS,Customs Examination & Clearance at CFS,4,3,Customs Officer,6,7,Yes,Staff Unavailable,05-07-2025,18:00:00,06-07-2025,01:00:00,Completed,
CONT-0024, CFS,Seal Cutting of the Container,4,4,Container Supervisor,6,5,No,No Deviation,06-07-2025,01:00:00,06-07-2025,06:00:00,Completed,
CONT-0024, CFS,Route planning and optimization,4,5,Route Planner,3,5,Yes,Staff Unavailable,06-07-2025,06:00:00,06-07-2025,11:00:00,Completed,
CONT-0024, CFS,Dispatch to Importer,4,6,Dispatch Coordinator,6,8,Yes,Route Blockage,06-07-2025,11:00:00,06-07-2025,19:00:00,Completed,
CONT-0024, Delivery & Handover,Inland Transport Booking & Scheduling,5,1,Delivery Coordinator,6,8,Yes,Route Blockage,06-07-2025,19:00:00,07-07-2025,03:00:00,Completed,
CONT-0024, Delivery & Handover,"Delivery, Unloading & Quality Check",5,2,Client Warehouse Manager,7,6,No,No Deviation,07-07-2025,03:00:00,07-07-2025,09:00:00,Completed,
CONT-0024, Delivery & Handover,System & Documentation Updates,5,3,ERP Operator,4,5,Yes,Documentation Delay,07-07-2025,09:00:00,07-07-2025,14:00:00,Completed,
CONT-0024, Delivery & Handover,"Invoicing, Feedback & Closure",5,4,Client Service Manager,7,8,Yes,Staff Unavailable,07-07-2025,14:00:00,07-07-2025,22:00:00,Completed,
CONT-0025, Plan & Book,Freight requirement assessment,1,1,Freight Manager,6,5,No,No Deviation,02-07-2025,00:00:00,02-07-2025,05:00:00,Completed,
CONT-0025, Plan & Book,Route & mode planning,1,2,Logistics Planner,5,6,Yes,Client Unresponsive,02-07-2025,05:00:00,02-07-2025,11:00:00,Completed,
CONT-0025, Plan & Book,Quotation & booking,1,3,Sales Executive,3,5,Yes,Client Unresponsive,02-07-2025,11:00:00,02-07-2025,16:00:00,Completed,
CONT-0025, Plan & Book,Client confirmation & scheduling,1,4,Client Relations Manager,6,5,No,No Deviation,02-07-2025,16:00:00,02-07-2025,21:00:00,Completed,
CONT-0025, Shipping Services,Cargo Consolidation & Stuffing,2,1,CFS Manager,8,8,No,No Deviation,02-07-2025,21:00:00,03-07-2025,05:00:00,Completed,
CONT-0025, Shipping Services,Vessel Booking & Allocation,2,2,Vessel Planner,3,5,Yes,Inspection Delay,03-07-2025,05:00:00,03-07-2025,10:00:00,Completed,
CONT-0025, Shipping Services,Pre-Shipment Inspection & Gate-In,2,3,Quality Control Officer,3,5,Yes,Documentation Delay,03-07-2025,10:00:00,03-07-2025,15:00:00,Completed,
CONT-0025, Shipping Services,"Documentation, EDI & BL Issuance",2,4,EDI Specialist,4,4,No,No Deviation,03-07-2025,15:00:00,03-07-2025,19:00:00,Completed,
CONT-0025, Shipping Services,Vessel Onboarding & Tracking,2,5,Marine Operations Coordinator,7,8,Yes,Client Unresponsive,03-07-2025,19:00:00,04-07-2025,03:00:00,Completed,
CONT-0025, Port Handling,Vessel Arrival & Port Unloading,3,1,Port Operations Team,4,4,No,No Deviation,04-07-2025,03:00:00,04-07-2025,07:00:00,Completed,
CONT-0025, Port Handling,Yard Stacking at Port,3,2,Port Operations Team,4,3,No,No Deviation,04-07-2025,07:00:00,04-07-2025,10:00:00,Completed,
CONT-0025, Port Handling,Movement to CFS,3,3,Port Operations Team,7,8,Yes,Client Unresponsive,04-07-2025,10:00:00,04-07-2025,18:00:00,Completed,
CONT-0025, CFS,Gate-In at CFS,4,1,CFS Gate Supervisor,5,6,Yes,Inspection Delay,04-07-2025,18:00:00,05-07-2025,00:00:00,Completed,
CONT-0025, CFS,EDI Operations & Documentation at CFS,4,2,CFS Documentation Officer,7,6,No,No Deviation,05-07-2025,00:00:00,05-07-2025,06:00:00,Completed,
CONT-0025, CFS,Customs Examination & Clearance at CFS,4,3,Customs Officer,6,5,No,No Deviation,05-07-2025,06:00:00,05-07-2025,11:00:00,Completed,
CONT-0025, CFS,Seal Cutting of the Container,4,4,Container Supervisor,8,8,No,No Deviation,05-07-2025,11:00:00,05-07-2025,19:00:00,Completed,
CONT-0025, CFS,Route planning and optimization,4,5,Route Planner,4,4,No,No Deviation,05-07-2025,19:00:00,05-07-2025,23:00:00,Completed,
CONT-0025, CFS,Dispatch to Importer,4,6,Dispatch Coordinator,5,5,No,No Deviation,05-07-2025,23:00:00,06-07-2025,04:00:00,Completed,
CONT-0025, Delivery & Handover,Inland Transport Booking & Scheduling,5,1,Delivery Coordinator,8,10,Yes,Route Blockage,06-07-2025,04:00:00,06-07-2025,14:00:00,Completed,
CONT-0025, Delivery & Handover,"Delivery, Unloading & Quality Check",5,2,Client Warehouse Manager,8,9,Yes,Route Blockage,06-07-2025,14:00:00,06-07-2025,23:00:00,Completed,
CONT-0025, Delivery & Handover,System & Documentation Updates,5,3,ERP Operator,3,2,No,No Deviation,06-07-2025,23:00:00,07-07-2025,01:00:00,Completed,
CONT-0025, Delivery & Handover,"Invoicing, Feedback & Closure",5,4,Client Service Manager,8,9,Yes,Inspection Delay,07-07-2025,01:00:00,07-07-2025,10:00:00,Completed,
CONT-0026, Plan & Book,Freight requirement assessment,1,1,Freight Manager,6,7,Yes,Client Unresponsive,02-07-2025,00:00:00,02-07-2025,07:00:00,Completed,
CONT-0026, Plan & Book,Route & mode planning,1,2,Logistics Planner,3,2,No,No Deviation,02-07-2025,07:00:00,02-07-2025,09:00:00,Completed,
CONT-0026, Plan & Book,Quotation & booking,1,3,Sales Executive,8,10,Yes,Inspection Delay,02-07-2025,09:00:00,02-07-2025,19:00:00,Completed,
CONT-0026, Plan & Book,Client confirmation & scheduling,1,4,Client Relations Manager,3,5,Yes,Staff Unavailable,02-07-2025,19:00:00,03-07-2025,00:00:00,Completed,
CONT-0026, Shipping Services,Cargo Consolidation & Stuffing,2,1,CFS Manager,6,6,No,No Deviation,03-07-2025,00:00:00,03-07-2025,06:00:00,Completed,
CONT-0026, Shipping Services,Vessel Booking & Allocation,2,2,Vessel Planner,6,7,Yes,Inspection Delay,03-07-2025,06:00:00,03-07-2025,13:00:00,Completed,
CONT-0026, Shipping Services,Pre-Shipment Inspection & Gate-In,2,3,Quality Control Officer,5,6,Yes,Client Unresponsive,03-07-2025,13:00:00,03-07-2025,19:00:00,Completed,
CONT-0026, Shipping Services,"Documentation, EDI & BL Issuance",2,4,EDI Specialist,7,7,No,No Deviation,03-07-2025,19:00:00,04-07-2025,02:00:00,Completed,
CONT-0026, Shipping Services,Vessel Onboarding & Tracking,2,5,Marine Operations Coordinator,7,9,Yes,Inspection Delay,04-07-2025,02:00:00,04-07-2025,11:00:00,Completed,
CONT-0026, Port Handling,Vessel Arrival & Port Unloading,3,1,Port Operations Team,8,7,No,No Deviation,04-07-2025,11:00:00,04-07-2025,18:00:00,Completed,
CONT-0026, Port Handling,Yard Stacking at Port,3,2,Port Operations Team,3,2,No,No Deviation,04-07-2025,18:00:00,04-07-2025,20:00:00,Completed,
CONT-0026, Port Handling,Movement to CFS,3,3,Port Operations Team,8,10,Yes,Documentation Delay,04-07-2025,20:00:00,05-07-2025,06:00:00,Completed,
CONT-0026, CFS,Gate-In at CFS,4,1,CFS Gate Supervisor,3,3,No,No Deviation,05-07-2025,06:00:00,05-07-2025,09:00:00,Completed,
CONT-0026, CFS,EDI Operations & Documentation at CFS,4,2,CFS Documentation Officer,6,8,Yes,Documentation Delay,05-07-2025,09:00:00,05-07-2025,17:00:00,Completed,
CONT-0026, CFS,Customs Examination & Clearance at CFS,4,3,Customs Officer,6,6,No,No Deviation,05-07-2025,17:00:00,05-07-2025,23:00:00,Completed,
CONT-0026, CFS,Seal Cutting of the Container,4,4,Container Supervisor,8,8,No,No Deviation,05-07-2025,23:00:00,06-07-2025,07:00:00,Completed,
CONT-0026, CFS,Route planning and optimization,4,5,Route Planner,8,9,Yes,Staff Unavailable,06-07-2025,07:00:00,06-07-2025,16:00:00,Completed,
CONT-0026, CFS,Dispatch to Importer,4,6,Dispatch Coordinator,5,4,No,No Deviation,06-07-2025,16:00:00,06-07-2025,20:00:00,Completed,
CONT-0026, Delivery & Handover,Inland Transport Booking & Scheduling,5,1,Delivery Coordinator,8,9,Yes,Inspection Delay,06-07-2025,20:00:00,07-07-2025,05:00:00,Completed,
CONT-0026, Delivery & Handover,"Delivery, Unloading & Quality Check",5,2,Client Warehouse Manager,3,4,Yes,Staff Unavailable,07-07-2025,05:00:00,07-07-2025,09:00:00,Completed,
CONT-0026, Delivery & Handover,System & Documentation Updates,5,3,ERP Operator,3,5,Yes,Inspection Delay,07-07-2025,09:00:00,07-07-2025,14:00:00,Completed,
CONT-0026, Delivery & Handover,"Invoicing, Feedback & Closure",5,4,Client Service Manager,8,8,No,No Deviation,07-07-2025,14:00:00,07-07-2025,22:00:00,Completed,
CONT-0027, Plan & Book,Freight requirement assessment,1,1,Freight Manager,8,7,No,No Deviation,02-07-2025,00:00:00,02-07-2025,07:00:00,Completed,
CONT-0027, Plan & Book,Route & mode planning,1,2,Logistics Planner,8,7,No,No Deviation,02-07-2025,07:00:00,02-07-2025,14:00:00,Completed,
CONT-0027, Plan & Book,Quotation & booking,1,3,Sales Executive,3,3,No,No Deviation,02-07-2025,14:00:00,02-07-2025,17:00:00,Completed,
CONT-0027, Plan & Book,Client confirmation & scheduling,1,4,Client Relations Manager,6,5,No,No Deviation,02-07-2025,17:00:00,02-07-2025,22:00:00,Completed,
CONT-0027, Shipping Services,Cargo Consolidation & Stuffing,2,1,CFS Manager,4,4,No,No Deviation,02-07-2025,22:00:00,03-07-2025,02:00:00,Completed,
CONT-0027, Shipping Services,Vessel Booking & Allocation,2,2,Vessel Planner,7,9,Yes,Documentation Delay,03-07-2025,02:00:00,03-07-2025,11:00:00,Completed,
CONT-0027, Shipping Services,Pre-Shipment Inspection & Gate-In,2,3,Quality Control Officer,3,4,Yes,Documentation Delay,03-07-2025,11:00:00,03-07-2025,15:00:00,Completed,
CONT-0027, Shipping Services,"Documentation, EDI & BL Issuance",2,4,EDI Specialist,6,6,No,No Deviation,03-07-2025,15:00:00,03-07-2025,21:00:00,Completed,
CONT-0027, Shipping Services,Vessel Onboarding & Tracking,2,5,Marine Operations Coordinator,6,5,No,No Deviation,03-07-2025,21:00:00,04-07-2025,02:00:00,Completed,
CONT-0027, Port Handling,Vessel Arrival & Port Unloading,3,1,Port Operations Team,4,6,Yes,Documentation Delay,04-07-2025,02:00:00,04-07-2025,08:00:00,Completed,
CONT-0027, Port Handling,Yard Stacking at Port,3,2,Port Operations Team,8,7,No,No Deviation,04-07-2025,08:00:00,04-07-2025,15:00:00,Completed,
CONT-0027, Port Handling,Movement to CFS,3,3,Port Operations Team,3,4,Yes,Inspection Delay,04-07-2025,15:00:00,04-07-2025,19:00:00,Completed,
CONT-0027, CFS,Gate-In at CFS,4,1,CFS Gate Supervisor,5,5,No,No Deviation,04-07-2025,19:00:00,05-07-2025,00:00:00,Completed,
CONT-0027, CFS,EDI Operations & Documentation at CFS,4,2,CFS Documentation Officer,6,6,No,No Deviation,05-07-2025,00:00:00,05-07-2025,06:00:00,Completed,
CONT-0027, CFS,Customs Examination & Clearance at CFS,4,3,Customs Officer,8,8,No,No Deviation,05-07-2025,06:00:00,05-07-2025,14:00:00,Completed,
CONT-0027, CFS,Seal Cutting of the Container,4,4,Container Supervisor,3,2,No,No Deviation,05-07-2025,14:00:00,05-07-2025,16:00:00,Completed,
CONT-0027, CFS,Route planning and optimization,4,5,Route Planner,7,7,No,No Deviation,05-07-2025,16:00:00,05-07-2025,23:00:00,Completed,
CONT-0027, CFS,Dispatch to Importer,4,6,Dispatch Coordinator,6,7,Yes,Staff Unavailable,05-07-2025,23:00:00,06-07-2025,06:00:00,Completed,
CONT-0027, Delivery & Handover,Inland Transport Booking & Scheduling,5,1,Delivery Coordinator,8,8,No,No Deviation,06-07-2025,06:00:00,06-07-2025,14:00:00,Completed,
CONT-0027, Delivery & Handover,"Delivery, Unloading & Quality Check",5,2,Client Warehouse Manager,6,8,Yes,Staff Unavailable,06-07-2025,14:00:00,06-07-2025,22:00:00,Completed,
CONT-0027, Delivery & Handover,System & Documentation Updates,5,3,ERP Operator,3,2,No,No Deviation,06-07-2025,22:00:00,07-07-2025,00:00:00,Completed,
CONT-0027, Delivery & Handover,"Invoicing, Feedback & Closure",5,4,Client Service Manager,4,3,No,No Deviation,07-07-2025,00:00:00,07-07-2025,03:00:00,Completed,
CONT-0028, Plan & Book,Freight requirement assessment,1,1,Freight Manager,5,7,Yes,Inspection Delay,03-07-2025,00:00:00,03-07-2025,07:00:00,Completed,
CONT-0028, Plan & Book,Route & mode planning,1,2,Logistics Planner,4,5,Yes,Documentation Delay,03-07-2025,07:00:00,03-07-2025,12:00:00,Completed,
CONT-0028, Plan & Book,Quotation & booking,1,3,Sales Executive,7,8,Yes,Documentation Delay,03-07-2025,12:00:00,03-07-2025,20:00:00,Completed,
CONT-0028, Plan & Book,Client confirmation & scheduling,1,4,Client Relations Manager,8,9,Yes,Staff Unavailable,03-07-2025,20:00:00,04-07-2025,05:00:00,Completed,
CONT-0028, Shipping Services,Cargo Consolidation & Stuffing,2,1,CFS Manager,7,7,No,No Deviation,04-07-2025,05:00:00,04-07-2025,12:00:00,Completed,
CONT-0028, Shipping Services,Vessel Booking & Allocation,2,2,Vessel Planner,5,4,No,No Deviation,04-07-2025,12:00:00,04-07-2025,16:00:00,Completed,
CONT-0028, Shipping Services,Pre-Shipment Inspection & Gate-In,2,3,Quality Control Officer,4,6,Yes,Route Blockage,04-07-2025,16:00:00,04-07-2025,22:00:00,Completed,
CONT-0028, Shipping Services,"Documentation, EDI & BL Issuance",2,4,EDI Specialist,6,5,No,No Deviation,04-07-2025,22:00:00,05-07-2025,03:00:00,Completed,
CONT-0028, Shipping Services,Vessel Onboarding & Tracking,2,5,Marine Operations Coordinator,3,4,Yes,Inspection Delay,05-07-2025,03:00:00,05-07-2025,07:00:00,Completed,
CONT-0028, Port Handling,Vessel Arrival & Port Unloading,3,1,Port Operations Team,7,9,Yes,Inspection Delay,05-07-2025,07:00:00,05-07-2025,16:00:00,Completed,
CONT-0028, Port Handling,Yard Stacking at Port,3,2,Port Operations Team,4,6,Yes,Documentation Delay,05-07-2025,16:00:00,05-07-2025,22:00:00,Completed,
CONT-0028, Port Handling,Movement to CFS,3,3,Port Operations Team,4,9,Yes,Gate-In Issue,05-07-2025,22:00:00,06-07-2025,07:00:00,Stuck,
CONT-0029, Plan & Book,Freight requirement assessment,1,1,Freight Manager,4,15,Yes,Awaiting Approval,01-07-2025,00:00:00,01-07-2025,15:00:00,Stuck,
CONT-0030, Plan & Book,Freight requirement assessment,1,1,Freight Manager,8,10,Yes,Route Blockage,02-07-2025,00:00:00,02-07-2025,10:00:00,Completed,
CONT-0030, Plan & Book,Route & mode planning,1,2,Logistics Planner,8,10,Yes,Documentation Delay,02-07-2025,10:00:00,02-07-2025,20:00:00,Completed,
CONT-0030, Plan & Book,Quotation & booking,1,3,Sales Executive,8,8,No,No Deviation,02-07-2025,20:00:00,03-07-2025,04:00:00,Completed,
CONT-0030, Plan & Book,Client confirmation & scheduling,1,4,Client Relations Manager,5,4,No,No Deviation,03-07-2025,04:00:00,03-07-2025,08:00:00,Completed,
CONT-0030, Shipping Services,Cargo Consolidation & Stuffing,2,1,CFS Manager,5,4,No,No Deviation,03-07-2025,08:00:00,03-07-2025,12:00:00,Completed,
CONT-0030, Shipping Services,Vessel Booking & Allocation,2,2,Vessel Planner,7,7,No,No Deviation,03-07-2025,12:00:00,03-07-2025,19:00:00,Completed,
CONT-0030, Shipping Services,Pre-Shipment Inspection & Gate-In,2,3,Quality Control Officer,4,5,Yes,Route Blockage,03-07-2025,19:00:00,04-07-2025,00:00:00,Completed,
CONT-0030, Shipping Services,"Documentation, EDI & BL Issuance",2,4,EDI Specialist,7,6,No,No Deviation,04-07-2025,00:00:00,04-07-2025,06:00:00,Completed,
CONT-0030, Shipping Services,Vessel Onboarding & Tracking,2,5,Marine Operations Coordinator,5,7,Yes,Staff Unavailable,04-07-2025,06:00:00,04-07-2025,13:00:00,Completed,
CONT-0030, Port Handling,Vessel Arrival & Port Unloading,3,1,Port Operations Team,3,3,No,No Deviation,04-07-2025,13:00:00,04-07-2025,16:00:00,Completed,
CONT-0030, Port Handling,Yard Stacking at Port,3,2,Port Operations Team,3,5,Yes,Documentation Delay,04-07-2025,16:00:00,04-07-2025,21:00:00,Completed,
CONT-0030, Port Handling,Movement to CFS,3,3,Port Operations Team,6,5,No,No Deviation,04-07-2025,21:00:00,05-07-2025,02:00:00,Completed,
CONT-0030, CFS,Gate-In at CFS,4,1,CFS Gate Supervisor,5,5,No,No Deviation,05-07-2025,02:00:00,05-07-2025,07:00:00,Completed,
CONT-0030, CFS,EDI Operations & Documentation at CFS,4,2,CFS Documentation Officer,3,2,No,No Deviation,05-07-2025,07:00:00,05-07-2025,09:00:00,Completed,
CONT-0030, CFS,Customs Examination & Clearance at CFS,4,3,Customs Officer,8,8,No,No Deviation,05-07-2025,09:00:00,05-07-2025,17:00:00,Completed,
CONT-0030, CFS,Seal Cutting of the Container,4,4,Container Supervisor,8,7,No,No Deviation,05-07-2025,17:00:00,06-07-2025,00:00:00,Completed,
CONT-0030, CFS,Route planning and optimization,4,5,Route Planner,4,6,Yes,Inspection Delay,06-07-2025,00:00:00,06-07-2025,06:00:00,Completed,
CONT-0030, CFS,Dispatch to Importer,4,6,Dispatch Coordinator,7,8,Yes,Staff Unavailable,06-07-2025,06:00:00,06-07-2025,14:00:00,Completed,
CONT-0030, Delivery & Handover,Inland Transport Booking & Scheduling,5,1,Delivery Coordinator,5,5,No,No Deviation,06-07-2025,14:00:00,06-07-2025,19:00:00,Completed,
CONT-0030, Delivery & Handover,"Delivery, Unloading & Quality Check",5,2,Client Warehouse Manager,8,9,Yes,Documentation Delay,06-07-2025,19:00:00,07-07-2025,04:00:00,Completed,
CONT-0030, Delivery & Handover,System & Documentation Updates,5,3,ERP Operator,3,4,Yes,Route Blockage,07-07-2025,04:00:00,07-07-2025,08:00:00,Completed,
CONT-0030, Delivery & Handover,"Invoicing, Feedback & Closure",5,4,Client Service Manager,5,4,No,No Deviation,07-07-2025,08:00:00,07-07-2025,12:00:00,Completed,
