Order ID,Target cycle time,Actual Cycle Time,status
ORD0002,80,79,On Time
ORD0029,80,80,On Time
ORD0034,80,61,On Time
ORD0041,80,78,On Time
ORD0061,80,66,On Time
ORD0066,80,80,On Time
ORD0076,80,74,On Time
ORD0099,80,78,On Time
ORD0103,80,65,On Time
ORD0125,80,79,On Time
ORD0137,80,79,On Time
ORD0162,80,79,On Time
ORD0209,80,79,On Time
ORD0235,80,74,On Time
ORD0295,80,80,On Time
ORD0300,80,80,On Time
ORD0303,80,68,On Time
ORD0314,80,80,On Time
ORD0334,80,78,On Time
ORD0379,80,75,On Time
ORD0386,80,79,On Time
ORD0398,80,64,On Time
ORD0438,80,64,On Time
ORD0453,80,79,On Time
ORD0458,80,80,On Time
ORD0482,80,80,On Time
ORD0489,80,70,On Time
ORD0501,80,79,On Time
ORD0562,80,80,On Time
ORD0569,80,78,On Time
ORD0599,80,79,On Time
ORD0623,80,72,On Time
ORD0624,80,71,On Time
ORD0633,80,80,On Time
ORD0643,80,79,On Time
ORD0654,80,80,On Time
ORD0658,80,61,On Time
ORD0704,80,70,On Time
ORD0756,80,79,On Time
ORD0765,80,79,On Time
ORD0768,80,79,On Time
ORD0798,80,68,On Time
ORD0825,80,79,On Time
ORD0834,80,77,On Time
ORD0855,80,62,On Time
ORD0876,80,76,On Time
ORD0891,80,80,On Time
ORD0910,80,79,On Time
ORD0913,80,80,On Time
ORD0958,80,64,On Time
ORD0985,80,80,On Time
ORD0995,80,80,On Time
ORD0997,80,67,On Time
ORD1013,80,80,On Time
ORD1034,80,79,On Time
ORD1067,80,78,On Time
ORD1074,80,80,On Time
ORD1093,80,76,On Time
ORD1120,80,77,On Time
ORD1179,80,80,On Time
ORD1189,80,67,On Time
ORD1196,80,79,On Time
ORD1204,80,80,On Time
ORD1213,80,71,On Time
ORD1222,80,80,On Time
ORD1241,80,64,On Time
ORD1262,80,79,On Time
ORD1265,80,80,On Time
ORD1267,80,79,On Time
ORD1289,80,80,On Time
ORD1319,80,80,On Time
ORD1327,80,80,On Time
ORD1332,80,65,On Time
ORD1335,80,80,On Time
ORD1347,80,67,On Time
ORD1348,80,80,On Time
ORD1364,80,67,On Time
ORD1378,80,80,On Time
ORD1385,80,76,On Time
ORD1402,80,80,On Time
ORD1406,80,80,On Time
ORD1411,80,80,On Time
ORD1427,80,65,On Time
ORD1441,80,79,On Time
ORD1446,80,80,On Time
ORD1456,80,79,On Time
ORD1485,80,67,On Time
ORD1509,80,80,On Time
ORD1522,80,80,On Time
ORD1555,80,77,On Time
ORD1584,80,79,On Time
ORD1588,80,80,On Time
ORD1591,80,80,On Time
ORD1602,80,80,On Time
ORD1630,80,80,On Time
ORD1631,80,78,On Time
ORD1633,80,80,On Time
ORD1647,80,77,On Time
ORD1672,80,70,On Time
ORD1675,80,79,On Time
ORD1741,80,79,On Time
ORD1761,80,80,On Time
ORD1767,80,78,On Time
ORD1778,80,76,On Time
ORD1787,80,80,On Time
ORD1797,80,78,On Time
ORD1820,80,80,On Time
ORD1834,80,79,On Time
ORD1867,80,80,On Time
ORD1874,80,80,On Time
ORD1889,80,80,On Time
ORD1951,80,62,On Time
ORD1962,80,80,On Time
ORD1973,80,80,On Time
ORD2001,80,66,On Time
ORD2014,80,79,On Time
ORD2025,80,69,On Time
ORD2042,80,61,On Time
ORD2066,80,80,On Time
ORD2081,80,79,On Time
ORD2082,80,79,On Time
ORD2089,80,74,On Time
ORD2115,80,80,On Time
ORD2118,80,80,On Time
ORD2125,80,79,On Time
ORD2138,80,80,On Time
ORD2173,80,79,On Time
ORD2243,80,79,On Time
ORD2253,80,79,On Time
ORD2269,80,80,On Time
ORD2280,80,79,On Time
ORD2317,80,67,On Time
ORD2339,80,80,On Time
ORD2355,80,78,On Time
ORD2410,80,79,On Time
ORD2423,80,80,On Time
ORD2425,80,75,On Time
ORD2449,80,64,On Time
ORD0012,81,79,On Time
ORD0037,81,72,On Time
ORD0056,81,66,On Time
ORD0057,81,80,On Time
ORD0058,81,79,On Time
ORD0060,81,80,On Time
ORD0083,81,67,On Time
ORD0089,81,77,On Time
ORD0120,81,68,On Time
ORD0147,81,65,On Time
ORD0161,81,79,On Time
ORD0172,81,77,On Time
ORD0185,81,80,On Time
ORD0208,81,80,On Time
ORD0222,81,80,On Time
ORD0229,81,72,On Time
ORD0241,81,80,On Time
ORD0243,81,67,On Time
ORD0277,81,80,On Time
ORD0279,81,81,On Time
ORD0282,81,80,On Time
ORD0285,81,80,On Time
ORD0313,81,80,On Time
ORD0321,81,77,On Time
ORD0338,81,70,On Time
ORD0396,81,62,On Time
ORD0397,81,72,On Time
ORD0408,81,81,On Time
ORD0426,81,81,On Time
ORD0432,81,80,On Time
ORD0434,81,81,On Time
ORD0447,81,70,On Time
ORD0449,81,78,On Time
ORD0450,81,65,On Time
ORD0472,81,81,On Time
ORD0477,81,80,On Time
ORD0504,81,64,On Time
ORD0517,81,80,On Time
ORD0525,81,78,On Time
ORD0531,81,80,On Time
ORD0573,81,80,On Time
ORD0583,81,81,On Time
ORD0588,81,76,On Time
ORD0625,81,73,On Time
ORD0641,81,75,On Time
ORD0728,81,80,On Time
ORD0734,81,80,On Time
ORD0738,81,69,On Time
ORD0763,81,67,On Time
ORD0781,81,80,On Time
ORD0794,81,77,On Time
ORD0808,81,80,On Time
ORD0810,81,81,On Time
ORD0861,81,76,On Time
ORD0879,81,72,On Time
ORD0921,81,63,On Time
ORD0929,81,69,On Time
ORD1008,81,81,On Time
ORD1017,81,76,On Time
ORD1047,81,61,On Time
ORD1059,81,81,On Time
ORD1069,81,80,On Time
ORD1128,81,81,On Time
ORD1142,81,80,On Time
ORD1152,81,81,On Time
ORD1237,81,76,On Time
ORD1240,81,78,On Time
ORD1254,81,60,On Time
ORD1264,81,81,On Time
ORD1304,81,81,On Time
ORD1384,81,81,On Time
ORD1386,81,81,On Time
ORD1405,81,80,On Time
ORD1433,81,77,On Time
ORD1447,81,81,On Time
ORD1480,81,74,On Time
ORD1516,81,80,On Time
ORD1528,81,77,On Time
ORD1532,81,68,On Time
ORD1539,81,80,On Time
ORD1557,81,80,On Time
ORD1607,81,81,On Time
ORD1611,81,79,On Time
ORD1640,81,80,On Time
ORD1650,81,74,On Time
ORD1686,81,78,On Time
ORD1723,81,72,On Time
ORD1728,81,73,On Time
ORD1735,81,79,On Time
ORD1751,81,80,On Time
ORD1786,81,75,On Time
ORD1807,81,80,On Time
ORD1812,81,80,On Time
ORD1832,81,81,On Time
ORD1855,81,81,On Time
ORD1902,81,80,On Time
ORD1912,81,80,On Time
ORD1965,81,81,On Time
ORD1979,81,80,On Time
ORD1990,81,81,On Time
ORD1993,81,81,On Time
ORD2022,81,63,On Time
ORD2032,81,71,On Time
ORD2038,81,81,On Time
ORD2044,81,80,On Time
ORD2050,81,80,On Time
ORD2053,81,68,On Time
ORD2058,81,70,On Time
ORD2077,81,81,On Time
ORD2096,81,80,On Time
ORD2101,81,71,On Time
ORD2103,81,81,On Time
ORD2121,81,80,On Time
ORD2162,81,77,On Time
ORD2166,81,80,On Time
ORD2171,81,76,On Time
ORD2178,81,81,On Time
ORD2181,81,81,On Time
ORD2187,81,68,On Time
ORD2192,81,78,On Time
ORD2226,81,80,On Time
ORD2232,81,78,On Time
ORD2233,81,80,On Time
ORD2250,81,80,On Time
ORD2296,81,81,On Time
ORD2311,81,81,On Time
ORD2314,81,80,On Time
ORD2346,81,81,On Time
ORD2364,81,69,On Time
ORD2383,81,76,On Time
ORD2386,81,65,On Time
ORD2406,81,80,On Time
ORD2420,81,80,On Time
ORD2436,81,68,On Time
ORD2439,81,64,On Time
ORD2450,81,81,On Time
ORD2465,81,80,On Time
ORD0021,78,78,On Time
ORD0044,78,77,On Time
ORD0065,78,66,On Time
ORD0087,78,78,On Time
ORD0094,78,77,On Time
ORD0095,78,67,On Time
ORD0124,78,78,On Time
ORD0153,78,77,On Time
ORD0155,78,64,On Time
ORD0160,78,77,On Time
ORD0181,78,76,On Time
ORD0192,78,77,On Time
ORD0195,78,78,On Time
ORD0217,78,76,On Time
ORD0227,78,77,On Time
ORD0246,78,74,On Time
ORD0249,78,67,On Time
ORD0306,78,78,On Time
ORD0325,78,77,On Time
ORD0344,78,77,On Time
ORD0349,78,77,On Time
ORD0422,78,77,On Time
ORD0459,78,77,On Time
ORD0470,78,66,On Time
ORD0528,78,78,On Time
ORD0559,78,76,On Time
ORD0560,78,76,On Time
ORD0567,78,77,On Time
ORD0570,78,58,On Time
ORD0579,78,78,On Time
ORD0608,78,77,On Time
ORD0613,78,77,On Time
ORD0638,78,78,On Time
ORD0650,78,78,On Time
ORD0688,78,78,On Time
ORD0703,78,77,On Time
ORD0714,78,62,On Time
ORD0718,78,75,On Time
ORD0725,78,78,On Time
ORD0752,78,68,On Time
ORD0769,78,78,On Time
ORD0811,78,77,On Time
ORD0826,78,77,On Time
ORD0842,78,77,On Time
ORD0857,78,77,On Time
ORD0873,78,77,On Time
ORD0883,78,66,On Time
ORD0888,78,78,On Time
ORD0900,78,76,On Time
ORD0902,78,66,On Time
ORD0904,78,77,On Time
ORD0908,78,78,On Time
ORD0909,78,69,On Time
ORD0922,78,77,On Time
ORD0955,78,70,On Time
ORD0956,78,66,On Time
ORD1012,78,77,On Time
ORD1026,78,78,On Time
ORD1052,78,74,On Time
ORD1070,78,74,On Time
ORD1115,78,78,On Time
ORD1135,78,77,On Time
ORD1148,78,76,On Time
ORD1160,78,77,On Time
ORD1183,78,77,On Time
ORD1186,78,77,On Time
ORD1187,78,78,On Time
ORD1198,78,75,On Time
ORD1239,78,72,On Time
ORD1253,78,77,On Time
ORD1295,78,74,On Time
ORD1301,78,74,On Time
ORD1359,78,65,On Time
ORD1382,78,78,On Time
ORD1426,78,77,On Time
ORD1458,78,77,On Time
ORD1465,78,68,On Time
ORD1474,78,69,On Time
ORD1476,78,77,On Time
ORD1486,78,69,On Time
ORD1494,78,75,On Time
ORD1585,78,77,On Time
ORD1597,78,74,On Time
ORD1601,78,78,On Time
ORD1615,78,78,On Time
ORD1632,78,75,On Time
ORD1669,78,78,On Time
ORD1726,78,76,On Time
ORD1727,78,78,On Time
ORD1733,78,78,On Time
ORD1766,78,78,On Time
ORD1809,78,78,On Time
ORD1822,78,78,On Time
ORD1826,78,77,On Time
ORD1842,78,65,On Time
ORD1843,78,78,On Time
ORD1879,78,77,On Time
ORD1895,78,67,On Time
ORD1942,78,68,On Time
ORD1948,78,74,On Time
ORD2004,78,78,On Time
ORD2008,78,77,On Time
ORD2036,78,62,On Time
ORD2037,78,77,On Time
ORD2041,78,77,On Time
ORD2102,78,69,On Time
ORD2116,78,75,On Time
ORD2139,78,77,On Time
ORD2218,78,78,On Time
ORD2220,78,77,On Time
ORD2222,78,77,On Time
ORD2265,78,71,On Time
ORD2266,78,77,On Time
ORD2267,78,77,On Time
ORD2271,78,77,On Time
ORD2306,78,77,On Time
ORD2310,78,78,On Time
ORD2319,78,72,On Time
ORD2320,78,78,On Time
ORD2330,78,77,On Time
ORD2359,78,78,On Time
ORD2372,78,73,On Time
ORD2380,78,73,On Time
ORD2394,78,78,On Time
ORD2422,78,78,On Time
ORD2424,78,77,On Time
ORD2448,78,67,On Time
ORD2466,78,77,On Time
ORD2469,78,76,On Time
ORD2474,78,78,On Time
ORD2486,78,77,On Time
ORD2497,78,75,On Time
ORD0006,79,64,On Time
ORD0007,79,78,On Time
ORD0047,79,78,On Time
ORD0107,79,79,On Time
ORD0108,79,79,On Time
ORD0109,79,70,On Time
ORD0113,79,78,On Time
ORD0128,79,60,On Time
ORD0136,79,78,On Time
ORD0139,79,69,On Time
ORD0158,79,79,On Time
ORD0213,79,78,On Time
ORD0275,79,78,On Time
ORD0304,79,78,On Time
ORD0323,79,78,On Time
ORD0345,79,78,On Time
ORD0360,79,76,On Time
ORD0363,79,70,On Time
ORD0390,79,73,On Time
ORD0428,79,78,On Time
ORD0465,79,78,On Time
ORD0488,79,71,On Time
ORD0497,79,73,On Time
ORD0500,79,61,On Time
ORD0507,79,79,On Time
ORD0510,79,78,On Time
ORD0529,79,78,On Time
ORD0576,79,78,On Time
ORD0597,79,78,On Time
ORD0605,79,79,On Time
ORD0680,79,79,On Time
ORD0684,79,62,On Time
ORD0695,79,79,On Time
ORD0722,79,79,On Time
ORD0748,79,65,On Time
ORD0755,79,78,On Time
ORD0787,79,78,On Time
ORD0797,79,75,On Time
ORD0809,79,78,On Time
ORD0832,79,79,On Time
ORD0835,79,79,On Time
ORD0849,79,79,On Time
ORD0868,79,79,On Time
ORD0937,79,78,On Time
ORD0941,79,79,On Time
ORD0972,79,77,On Time
ORD0978,79,71,On Time
ORD0990,79,65,On Time
ORD0994,79,79,On Time
ORD1037,79,79,On Time
ORD1040,79,78,On Time
ORD1081,79,78,On Time
ORD1082,79,71,On Time
ORD1083,79,62,On Time
ORD1112,79,79,On Time
ORD1121,79,78,On Time
ORD1123,79,74,On Time
ORD1140,79,74,On Time
ORD1149,79,78,On Time
ORD1206,79,71,On Time
ORD1212,79,78,On Time
ORD1231,79,73,On Time
ORD1252,79,79,On Time
ORD1283,79,77,On Time
ORD1288,79,78,On Time
ORD1294,79,79,On Time
ORD1303,79,79,On Time
ORD1314,79,78,On Time
ORD1376,79,79,On Time
ORD1412,79,79,On Time
ORD1414,79,79,On Time
ORD1417,79,75,On Time
ORD1503,79,78,On Time
ORD1504,79,79,On Time
ORD1530,79,76,On Time
ORD1549,79,65,On Time
ORD1550,79,72,On Time
ORD1559,79,78,On Time
ORD1624,79,79,On Time
ORD1715,79,78,On Time
ORD1730,79,79,On Time
ORD1754,79,78,On Time
ORD1760,79,78,On Time
ORD1777,79,72,On Time
ORD1781,79,72,On Time
ORD1824,79,76,On Time
ORD1833,79,74,On Time
ORD1846,79,76,On Time
ORD1853,79,77,On Time
ORD1865,79,79,On Time
ORD1906,79,78,On Time
ORD1957,79,78,On Time
ORD1964,79,65,On Time
ORD2015,79,79,On Time
ORD2059,79,79,On Time
ORD2084,79,79,On Time
ORD2090,79,75,On Time
ORD2097,79,78,On Time
ORD2134,79,79,On Time
ORD2141,79,72,On Time
ORD2174,79,79,On Time
ORD2190,79,78,On Time
ORD2198,79,66,On Time
ORD2224,79,61,On Time
ORD2249,79,79,On Time
ORD2260,79,78,On Time
ORD2316,79,78,On Time
ORD2322,79,78,On Time
ORD2367,79,78,On Time
ORD2385,79,77,On Time
ORD2392,79,68,On Time
ORD2403,79,78,On Time
ORD2411,79,79,On Time
ORD2447,79,79,On Time
ORD2493,79,74,On Time
ORD0017,82,80,On Time
ORD0022,82,77,On Time
ORD0053,82,76,On Time
ORD0082,82,81,On Time
ORD0085,82,81,On Time
ORD0086,82,82,On Time
ORD0114,82,81,On Time
ORD0122,82,81,On Time
ORD0184,82,71,On Time
ORD0191,82,80,On Time
ORD0197,82,82,On Time
ORD0237,82,82,On Time
ORD0255,82,82,On Time
ORD0266,82,81,On Time
ORD0296,82,81,On Time
ORD0301,82,81,On Time
ORD0302,82,63,On Time
ORD0381,82,81,On Time
ORD0431,82,82,On Time
ORD0442,82,82,On Time
ORD0483,82,81,On Time
ORD0493,82,70,On Time
ORD0545,82,82,On Time
ORD0546,82,71,On Time
ORD0563,82,72,On Time
ORD0580,82,82,On Time
ORD0582,82,81,On Time
ORD0585,82,81,On Time
ORD0611,82,82,On Time
ORD0616,82,82,On Time
ORD0617,82,78,On Time
ORD0618,82,81,On Time
ORD0651,82,82,On Time
ORD0668,82,80,On Time
ORD0727,82,81,On Time
ORD0759,82,82,On Time
ORD0784,82,80,On Time
ORD0800,82,82,On Time
ORD0844,82,82,On Time
ORD0884,82,81,On Time
ORD0930,82,81,On Time
ORD0934,82,74,On Time
ORD0946,82,72,On Time
ORD0953,82,82,On Time
ORD0968,82,77,On Time
ORD0996,82,78,On Time
ORD1005,82,82,On Time
ORD1014,82,82,On Time
ORD1020,82,66,On Time
ORD1048,82,81,On Time
ORD1060,82,81,On Time
ORD1100,82,81,On Time
ORD1145,82,82,On Time
ORD1153,82,75,On Time
ORD1191,82,82,On Time
ORD1211,82,82,On Time
ORD1218,82,76,On Time
ORD1299,82,81,On Time
ORD1320,82,63,On Time
ORD1339,82,81,On Time
ORD1342,82,82,On Time
ORD1346,82,67,On Time
ORD1353,82,81,On Time
ORD1399,82,81,On Time
ORD1418,82,65,On Time
ORD1452,82,81,On Time
ORD1457,82,82,On Time
ORD1460,82,81,On Time
ORD1508,82,64,On Time
ORD1554,82,82,On Time
ORD1580,82,73,On Time
ORD1605,82,82,On Time
ORD1608,82,82,On Time
ORD1621,82,82,On Time
ORD1639,82,63,On Time
ORD1648,82,82,On Time
ORD1658,82,82,On Time
ORD1665,82,78,On Time
ORD1742,82,82,On Time
ORD1743,82,79,On Time
ORD1770,82,82,On Time
ORD1837,82,81,On Time
ORD1838,82,82,On Time
ORD1858,82,82,On Time
ORD1862,82,78,On Time
ORD1966,82,82,On Time
ORD2020,82,81,On Time
ORD2028,82,65,On Time
ORD2206,82,79,On Time
ORD2236,82,77,On Time
ORD2242,82,82,On Time
ORD2248,82,82,On Time
ORD2258,82,75,On Time
ORD2261,82,67,On Time
ORD2297,82,82,On Time
ORD2298,82,81,On Time
ORD2303,82,78,On Time
ORD2309,82,81,On Time
ORD2332,82,71,On Time
ORD2354,82,66,On Time
ORD2356,82,82,On Time
ORD2381,82,81,On Time
ORD2384,82,82,On Time
ORD2435,82,81,On Time
ORD2437,82,81,On Time
ORD2498,82,82,On Time
ORD0020,77,70,On Time
ORD0032,77,76,On Time
ORD0068,77,77,On Time
ORD0069,77,62,On Time
ORD0111,77,73,On Time
ORD0118,77,74,On Time
ORD0121,77,77,On Time
ORD0167,77,75,On Time
ORD0176,77,76,On Time
ORD0190,77,73,On Time
ORD0214,77,73,On Time
ORD0226,77,77,On Time
ORD0250,77,75,On Time
ORD0256,77,75,On Time
ORD0268,77,64,On Time
ORD0310,77,76,On Time
ORD0374,77,73,On Time
ORD0393,77,69,On Time
ORD0423,77,77,On Time
ORD0427,77,77,On Time
ORD0433,77,77,On Time
ORD0439,77,76,On Time
ORD0456,77,77,On Time
ORD0461,77,76,On Time
ORD0464,77,77,On Time
ORD0485,77,77,On Time
ORD0496,77,77,On Time
ORD0532,77,74,On Time
ORD0534,77,77,On Time
ORD0543,77,72,On Time
ORD0575,77,62,On Time
ORD0581,77,69,On Time
ORD0593,77,76,On Time
ORD0630,77,76,On Time
ORD0640,77,61,On Time
ORD0649,77,66,On Time
ORD0656,77,73,On Time
ORD0659,77,77,On Time
ORD0700,77,69,On Time
ORD0709,77,76,On Time
ORD0715,77,77,On Time
ORD0723,77,76,On Time
ORD0740,77,70,On Time
ORD0746,77,77,On Time
ORD0758,77,77,On Time
ORD0766,77,76,On Time
ORD0812,77,64,On Time
ORD0828,77,76,On Time
ORD0852,77,71,On Time
ORD0859,77,77,On Time
ORD0895,77,65,On Time
ORD0920,77,62,On Time
ORD0949,77,76,On Time
ORD0951,77,76,On Time
ORD0969,77,77,On Time
ORD0975,77,76,On Time
ORD1001,77,76,On Time
ORD1050,77,67,On Time
ORD1063,77,63,On Time
ORD1104,77,77,On Time
ORD1131,77,65,On Time
ORD1154,77,62,On Time
ORD1168,77,76,On Time
ORD1215,77,68,On Time
ORD1216,77,73,On Time
ORD1257,77,76,On Time
ORD1323,77,76,On Time
ORD1343,77,66,On Time
ORD1350,77,76,On Time
ORD1361,77,77,On Time
ORD1507,77,76,On Time
ORD1524,77,77,On Time
ORD1538,77,76,On Time
ORD1551,77,76,On Time
ORD1616,77,77,On Time
ORD1758,77,71,On Time
ORD1792,77,77,On Time
ORD1805,77,77,On Time
ORD1847,77,70,On Time
ORD1848,77,77,On Time
ORD1864,77,75,On Time
ORD1891,77,77,On Time
ORD1931,77,64,On Time
ORD1963,77,77,On Time
ORD2031,77,64,On Time
ORD2051,77,76,On Time
ORD2052,77,77,On Time
ORD2091,77,76,On Time
ORD2168,77,73,On Time
ORD2204,77,77,On Time
ORD2231,77,67,On Time
ORD2275,77,77,On Time
ORD2302,77,77,On Time
ORD2360,77,76,On Time
ORD2374,77,75,On Time
ORD2375,77,77,On Time
ORD2377,77,76,On Time
ORD2418,77,76,On Time
ORD2459,77,77,On Time
ORD2495,77,66,On Time
ORD2499,77,77,On Time
ORD0011,83,83,On Time
ORD0245,83,83,On Time
ORD0270,83,76,On Time
ORD0276,83,83,On Time
ORD0322,83,83,On Time
ORD0337,83,81,On Time
ORD0350,83,71,On Time
ORD0351,83,82,On Time
ORD0380,83,79,On Time
ORD0389,83,81,On Time
ORD0551,83,79,On Time
ORD0589,83,82,On Time
ORD0652,83,82,On Time
ORD0655,83,82,On Time
ORD0657,83,72,On Time
ORD0672,83,60,On Time
ORD0678,83,82,On Time
ORD0689,83,82,On Time
ORD0706,83,82,On Time
ORD0760,83,82,On Time
ORD0764,83,81,On Time
ORD0767,83,63,On Time
ORD0776,83,77,On Time
ORD0803,83,83,On Time
ORD0871,83,62,On Time
ORD0885,83,80,On Time
ORD0899,83,67,On Time
ORD0912,83,83,On Time
ORD0987,83,83,On Time
ORD1022,83,64,On Time
ORD1030,83,83,On Time
ORD1032,83,80,On Time
ORD1106,83,82,On Time
ORD1132,83,83,On Time
ORD1173,83,79,On Time
ORD1226,83,82,On Time
ORD1256,83,82,On Time
ORD1271,83,82,On Time
ORD1300,83,83,On Time
ORD1309,83,82,On Time
ORD1315,83,80,On Time
ORD1328,83,63,On Time
ORD1330,83,78,On Time
ORD1355,83,81,On Time
ORD1365,83,82,On Time
ORD1373,83,62,On Time
ORD1401,83,64,On Time
ORD1409,83,75,On Time
ORD1435,83,73,On Time
ORD1440,83,83,On Time
ORD1515,83,83,On Time
ORD1537,83,83,On Time
ORD1542,83,77,On Time
ORD1574,83,74,On Time
ORD1579,83,82,On Time
ORD1609,83,82,On Time
ORD1662,83,82,On Time
ORD1663,83,83,On Time
ORD1692,83,82,On Time
ORD1705,83,65,On Time
ORD1706,83,82,On Time
ORD1716,83,71,On Time
ORD1749,83,65,On Time
ORD1794,83,82,On Time
ORD1795,83,66,On Time
ORD1852,83,83,On Time
ORD1859,83,71,On Time
ORD1863,83,82,On Time
ORD1880,83,83,On Time
ORD1882,83,80,On Time
ORD1932,83,78,On Time
ORD1956,83,70,On Time
ORD1984,83,76,On Time
ORD1992,83,69,On Time
ORD2048,83,69,On Time
ORD2056,83,82,On Time
ORD2124,83,74,On Time
ORD2129,83,78,On Time
ORD2137,83,78,On Time
ORD2156,83,66,On Time
ORD2175,83,83,On Time
ORD2188,83,82,On Time
ORD2202,83,83,On Time
ORD2211,83,67,On Time
ORD2227,83,70,On Time
ORD2262,83,82,On Time
ORD2263,83,80,On Time
ORD2318,83,79,On Time
ORD2353,83,82,On Time
ORD2362,83,67,On Time
ORD2376,83,83,On Time
ORD2442,83,82,On Time
ORD2461,83,78,On Time
ORD2485,83,82,On Time
ORD0024,84,83,On Time
ORD0038,84,84,On Time
ORD0051,84,79,On Time
ORD0140,84,82,On Time
ORD0154,84,63,On Time
ORD0168,84,84,On Time
ORD0333,84,84,On Time
ORD0364,84,84,On Time
ORD0371,84,84,On Time
ORD0378,84,83,On Time
ORD0407,84,83,On Time
ORD0413,84,80,On Time
ORD0471,84,70,On Time
ORD0492,84,69,On Time
ORD0502,84,78,On Time
ORD0511,84,71,On Time
ORD0515,84,84,On Time
ORD0518,84,72,On Time
ORD0548,84,74,On Time
ORD0577,84,84,On Time
ORD0634,84,66,On Time
ORD0677,84,78,On Time
ORD0681,84,84,On Time
ORD0690,84,73,On Time
ORD0795,84,71,On Time
ORD0821,84,84,On Time
ORD0840,84,84,On Time
ORD0916,84,84,On Time
ORD0948,84,79,On Time
ORD1007,84,83,On Time
ORD1072,84,83,On Time
ORD1077,84,61,On Time
ORD1146,84,83,On Time
ORD1209,84,84,On Time
ORD1245,84,84,On Time
ORD1247,84,80,On Time
ORD1291,84,83,On Time
ORD1292,84,64,On Time
ORD1322,84,83,On Time
ORD1340,84,71,On Time
ORD1424,84,83,On Time
ORD1471,84,67,On Time
ORD1478,84,84,On Time
ORD1495,84,84,On Time
ORD1500,84,83,On Time
ORD1501,84,83,On Time
ORD1558,84,83,On Time
ORD1576,84,84,On Time
ORD1629,84,83,On Time
ORD1666,84,84,On Time
ORD1670,84,67,On Time
ORD1687,84,68,On Time
ORD1708,84,78,On Time
ORD1718,84,83,On Time
ORD1731,84,84,On Time
ORD1790,84,83,On Time
ORD1800,84,81,On Time
ORD1808,84,66,On Time
ORD1828,84,73,On Time
ORD1830,84,84,On Time
ORD1857,84,65,On Time
ORD1877,84,83,On Time
ORD1883,84,65,On Time
ORD1896,84,65,On Time
ORD1905,84,84,On Time
ORD1933,84,83,On Time
ORD2005,84,83,On Time
ORD2011,84,80,On Time
ORD2023,84,83,On Time
ORD2043,84,71,On Time
ORD2069,84,67,On Time
ORD2106,84,62,On Time
ORD2128,84,84,On Time
ORD2164,84,67,On Time
ORD2223,84,82,On Time
ORD2292,84,73,On Time
ORD2365,84,84,On Time
ORD2408,84,66,On Time
ORD2419,84,84,On Time
ORD2455,84,83,On Time
ORD2470,84,70,On Time
ORD2482,84,84,On Time
ORD0004,39,37,On Time
ORD0019,39,38,On Time
ORD0028,39,39,On Time
ORD0080,39,35,On Time
ORD0097,39,38,On Time
ORD0201,39,38,On Time
ORD0202,39,38,On Time
ORD0224,39,38,On Time
ORD0225,39,39,On Time
ORD0238,39,39,On Time
ORD0253,39,39,On Time
ORD0294,39,38,On Time
ORD0331,39,39,On Time
ORD0335,39,39,On Time
ORD0369,39,39,On Time
ORD0387,39,39,On Time
ORD0469,39,38,On Time
ORD0526,39,36,On Time
ORD0606,39,38,On Time
ORD0620,39,38,On Time
ORD0639,39,35,On Time
ORD0771,39,35,On Time
ORD0791,39,39,On Time
ORD0806,39,37,On Time
ORD0887,39,38,On Time
ORD0901,39,39,On Time
ORD0966,39,39,On Time
ORD0967,39,38,On Time
ORD1025,39,38,On Time
ORD1029,39,36,On Time
ORD1031,39,39,On Time
ORD1127,39,38,On Time
ORD1130,39,37,On Time
ORD1169,39,36,On Time
ORD1174,39,38,On Time
ORD1193,39,39,On Time
ORD1202,39,38,On Time
ORD1220,39,37,On Time
ORD1232,39,39,On Time
ORD1326,39,39,On Time
ORD1377,39,39,On Time
ORD1432,39,37,On Time
ORD1439,39,39,On Time
ORD1449,39,39,On Time
ORD1604,39,37,On Time
ORD1702,39,38,On Time
ORD1768,39,37,On Time
ORD1785,39,39,On Time
ORD1801,39,38,On Time
ORD1804,39,37,On Time
ORD1840,39,38,On Time
ORD1844,39,38,On Time
ORD1888,39,39,On Time
ORD1900,39,39,On Time
ORD1935,39,38,On Time
ORD1959,39,35,On Time
ORD1972,39,39,On Time
ORD1995,39,38,On Time
ORD2071,39,39,On Time
ORD2086,39,37,On Time
ORD2098,39,38,On Time
ORD2122,39,38,On Time
ORD2144,39,38,On Time
ORD2151,39,37,On Time
ORD2230,39,38,On Time
ORD2333,39,39,On Time
ORD2413,39,39,On Time
ORD2429,39,37,On Time
ORD0001,76,76,On Time
ORD0126,76,72,On Time
ORD0138,76,75,On Time
ORD0157,76,75,On Time
ORD0198,76,69,On Time
ORD0211,76,75,On Time
ORD0220,76,76,On Time
ORD0259,76,70,On Time
ORD0261,76,68,On Time
ORD0271,76,76,On Time
ORD0354,76,75,On Time
ORD0359,76,76,On Time
ORD0366,76,75,On Time
ORD0388,76,75,On Time
ORD0596,76,72,On Time
ORD0615,76,75,On Time
ORD0660,76,75,On Time
ORD0673,76,75,On Time
ORD0691,76,76,On Time
ORD0698,76,76,On Time
ORD0708,76,75,On Time
ORD0739,76,70,On Time
ORD0799,76,75,On Time
ORD0906,76,76,On Time
ORD0944,76,76,On Time
ORD1023,76,76,On Time
ORD1028,76,75,On Time
ORD1073,76,76,On Time
ORD1075,76,73,On Time
ORD1103,76,75,On Time
ORD1113,76,76,On Time
ORD1151,76,67,On Time
ORD1266,76,75,On Time
ORD1344,76,75,On Time
ORD1370,76,65,On Time
ORD1467,76,74,On Time
ORD1521,76,69,On Time
ORD1536,76,75,On Time
ORD1552,76,75,On Time
ORD1634,76,73,On Time
ORD1649,76,67,On Time
ORD1660,76,76,On Time
ORD1683,76,72,On Time
ORD1690,76,75,On Time
ORD1729,76,76,On Time
ORD1748,76,67,On Time
ORD1780,76,75,On Time
ORD1810,76,66,On Time
ORD1918,76,73,On Time
ORD1921,76,76,On Time
ORD1941,76,68,On Time
ORD1947,76,76,On Time
ORD1977,76,76,On Time
ORD1978,76,75,On Time
ORD1986,76,75,On Time
ORD2021,76,75,On Time
ORD2140,76,69,On Time
ORD2208,76,65,On Time
ORD2209,76,76,On Time
ORD2237,76,75,On Time
ORD2238,76,73,On Time
ORD2255,76,66,On Time
ORD2277,76,76,On Time
ORD2281,76,75,On Time
ORD2287,76,76,On Time
ORD2396,76,68,On Time
ORD2488,76,76,On Time
ORD0005,42,42,On Time
ORD0009,73,73,On Time
ORD0010,74,63,On Time
ORD0014,40,39,On Time
ORD0015,70,69,On Time
ORD0016,85,84,On Time
ORD0023,74,74,On Time
ORD0026,70,69,On Time
ORD0030,42,42,On Time
ORD0033,72,71,On Time
ORD0035,43,42,On Time
ORD0036,70,69,On Time
ORD0039,74,74,On Time
ORD0040,73,72,On Time
ORD0043,40,38,On Time
ORD0045,74,74,On Time
ORD0046,69,69,On Time
ORD0049,65,65,On Time
ORD0054,65,65,On Time
ORD0059,63,63,On Time
ORD0063,67,62,On Time
ORD0064,41,41,On Time
ORD0067,88,63,On Time
ORD0070,37,36,On Time
ORD0074,38,38,On Time
ORD0075,35,33,On Time
ORD0077,44,43,On Time
ORD0078,46,46,On Time
ORD0081,70,68,On Time
ORD0090,45,45,On Time
ORD0091,40,38,On Time
ORD0096,67,67,On Time
ORD0098,45,45,On Time
ORD0100,70,69,On Time
ORD0101,34,34,On Time
ORD0102,66,65,On Time
ORD0104,75,73,On Time
ORD0105,72,66,On Time
ORD0112,41,40,On Time
ORD0115,70,70,On Time
ORD0116,40,40,On Time
ORD0117,36,33,On Time
ORD0123,89,77,On Time
ORD0129,42,42,On Time
ORD0130,67,67,On Time
ORD0131,75,74,On Time
ORD0132,69,68,On Time
ORD0134,86,75,On Time
ORD0142,42,42,On Time
ORD0144,44,42,On Time
ORD0145,67,61,On Time
ORD0148,45,45,On Time
ORD0149,68,67,On Time
ORD0150,42,42,On Time
ORD0151,60,59,On Time
ORD0164,40,40,On Time
ORD0166,69,68,On Time
ORD0170,75,71,On Time
ORD0173,41,39,On Time
ORD0177,73,67,On Time
ORD0178,65,64,On Time
ORD0180,85,85,On Time
ORD0183,85,85,On Time
ORD0187,46,43,On Time
ORD0189,67,67,On Time
ORD0194,44,43,On Time
ORD0196,75,74,On Time
ORD0215,42,41,On Time
ORD0218,44,44,On Time
ORD0223,36,35,On Time
ORD0228,87,87,On Time
ORD0233,87,63,On Time
ORD0234,37,36,On Time
ORD0236,70,63,On Time
ORD0239,43,40,On Time
ORD0240,41,41,On Time
ORD0242,37,36,On Time
ORD0247,41,41,On Time
ORD0251,37,37,On Time
ORD0254,70,70,On Time
ORD0260,68,68,On Time
ORD0262,74,73,On Time
ORD0263,41,38,On Time
ORD0265,38,38,On Time
ORD0267,38,38,On Time
ORD0269,40,39,On Time
ORD0272,69,69,On Time
ORD0278,65,65,On Time
ORD0280,43,42,On Time
ORD0290,40,40,On Time
ORD0297,74,73,On Time
ORD0298,35,34,On Time
ORD0311,66,65,On Time
ORD0315,71,63,On Time
ORD0316,41,40,On Time
ORD0317,71,70,On Time
ORD0318,69,62,On Time
ORD0319,37,36,On Time
ORD0320,68,64,On Time
ORD0326,72,67,On Time
ORD0330,41,41,On Time
ORD0332,40,40,On Time
ORD0336,42,41,On Time
ORD0339,44,44,On Time
ORD0342,67,66,On Time
ORD0346,69,69,On Time
ORD0348,68,68,On Time
ORD0352,72,71,On Time
ORD0356,63,63,On Time
ORD0357,68,68,On Time
ORD0361,72,71,On Time
ORD0362,63,63,On Time
ORD0365,40,40,On Time
ORD0367,45,45,On Time
ORD0368,42,42,On Time
ORD0370,66,65,On Time
ORD0373,72,63,On Time
ORD0375,68,67,On Time
ORD0376,69,69,On Time
ORD0377,37,36,On Time
ORD0382,90,90,On Time
ORD0385,64,59,On Time
ORD0392,70,69,On Time
ORD0394,36,35,On Time
ORD0399,85,85,On Time
ORD0401,36,33,On Time
ORD0402,66,66,On Time
ORD0404,38,37,On Time
ORD0405,75,70,On Time
ORD0409,37,37,On Time
ORD0410,43,42,On Time
ORD0412,41,41,On Time
ORD0414,75,74,On Time
ORD0416,42,42,On Time
ORD0419,85,75,On Time
ORD0424,73,72,On Time
ORD0425,71,70,On Time
ORD0429,88,87,On Time
ORD0430,74,73,On Time
ORD0435,67,66,On Time
ORD0441,85,84,On Time
ORD0443,37,37,On Time
ORD0444,85,84,On Time
ORD0445,62,54,On Time
ORD0448,36,36,On Time
ORD0455,86,85,On Time
ORD0460,69,69,On Time
ORD0467,65,65,On Time
ORD0468,75,73,On Time
ORD0475,38,36,On Time
ORD0476,85,83,On Time
ORD0480,85,84,On Time
ORD0481,42,41,On Time
ORD0484,75,75,On Time
ORD0486,92,92,On Time
ORD0487,65,65,On Time
ORD0490,85,84,On Time
ORD0494,37,36,On Time
ORD0495,58,58,On Time
ORD0498,42,42,On Time
ORD0499,85,84,On Time
ORD0503,68,66,On Time
ORD0508,63,62,On Time
ORD0509,40,40,On Time
ORD0513,69,62,On Time
ORD0514,85,84,On Time
ORD0516,66,65,On Time
ORD0519,43,43,On Time
ORD0520,86,85,On Time
ORD0527,85,84,On Time
ORD0530,74,74,On Time
ORD0533,40,39,On Time
ORD0535,68,67,On Time
ORD0537,40,40,On Time
ORD0539,70,70,On Time
ORD0540,42,41,On Time
ORD0547,75,65,On Time
ORD0549,72,72,On Time
ORD0552,43,43,On Time
ORD0556,37,37,On Time
ORD0557,41,41,On Time
ORD0558,69,68,On Time
ORD0561,38,37,On Time
ORD0564,87,65,On Time
ORD0568,68,67,On Time
ORD0571,75,75,On Time
ORD0572,66,65,On Time
ORD0574,62,60,On Time
ORD0578,68,66,On Time
ORD0584,36,35,On Time
ORD0587,73,72,On Time
ORD0590,75,74,On Time
ORD0595,71,67,On Time
ORD0601,87,83,On Time
ORD0602,42,42,On Time
ORD0603,43,42,On Time
ORD0604,66,61,On Time
ORD0610,85,84,On Time
ORD0614,72,72,On Time
ORD0621,40,40,On Time
ORD0626,37,36,On Time
ORD0627,43,42,On Time
ORD0628,69,67,On Time
ORD0629,71,71,On Time
ORD0635,64,63,On Time
ORD0644,74,74,On Time
ORD0645,37,33,On Time
ORD0646,66,65,On Time
ORD0647,38,35,On Time
ORD0648,86,85,On Time
ORD0662,44,40,On Time
ORD0666,64,64,On Time
ORD0667,40,39,On Time
ORD0674,75,72,On Time
ORD0676,61,61,On Time
ORD0682,70,69,On Time
ORD0683,85,85,On Time
ORD0687,40,40,On Time
ORD0692,38,36,On Time
ORD0693,85,84,On Time
ORD0696,38,38,On Time
ORD0699,40,39,On Time
ORD0701,67,66,On Time
ORD0705,40,40,On Time
ORD0710,63,61,On Time
ORD0711,85,85,On Time
ORD0717,68,63,On Time
ORD0719,38,36,On Time
ORD0720,42,42,On Time
ORD0724,63,62,On Time
ORD0726,85,70,On Time
ORD0729,41,37,On Time
ORD0730,40,40,On Time
ORD0732,40,40,On Time
ORD0733,74,73,On Time
ORD0735,71,70,On Time
ORD0741,86,64,On Time
ORD0743,41,40,On Time
ORD0744,85,84,On Time
ORD0745,70,69,On Time
ORD0750,66,65,On Time
ORD0751,45,45,On Time
ORD0761,70,69,On Time
ORD0762,41,41,On Time
ORD0770,75,74,On Time
ORD0773,66,66,On Time
ORD0774,66,57,On Time
ORD0777,86,74,On Time
ORD0778,37,36,On Time
ORD0779,87,86,On Time
ORD0780,38,38,On Time
ORD0782,68,68,On Time
ORD0783,69,68,On Time
ORD0785,69,65,On Time
ORD0789,74,73,On Time
ORD0792,41,38,On Time
ORD0804,37,37,On Time
ORD0805,85,74,On Time
ORD0807,40,40,On Time
ORD0813,91,91,On Time
ORD0815,71,68,On Time
ORD0816,87,76,On Time
ORD0817,44,43,On Time
ORD0818,69,69,On Time
ORD0820,40,40,On Time
ORD0822,70,70,On Time
ORD0823,40,36,On Time
ORD0824,65,65,On Time
ORD0829,71,62,On Time
ORD0830,86,85,On Time
ORD0833,41,40,On Time
ORD0836,74,68,On Time
ORD0837,73,72,On Time
ORD0838,35,32,On Time
ORD0839,70,70,On Time
ORD0841,71,70,On Time
ORD0843,88,83,On Time
ORD0847,86,86,On Time
ORD0851,42,42,On Time
ORD0853,34,33,On Time
ORD0858,71,71,On Time
ORD0860,72,71,On Time
ORD0863,42,41,On Time
ORD0864,67,63,On Time
ORD0869,70,67,On Time
ORD0872,40,39,On Time
ORD0877,61,60,On Time
ORD0878,40,39,On Time
ORD0881,75,75,On Time
ORD0886,86,80,On Time
ORD0889,37,37,On Time
ORD0896,36,35,On Time
ORD0897,38,38,On Time
ORD0898,69,69,On Time
ORD0905,73,73,On Time
ORD0911,63,60,On Time
ORD0918,70,69,On Time
ORD0919,42,40,On Time
ORD0923,75,75,On Time
ORD0924,67,67,On Time
ORD0925,85,82,On Time
ORD0931,40,39,On Time
ORD0935,85,68,On Time
ORD0940,45,45,On Time
ORD0942,40,39,On Time
ORD0943,85,85,On Time
ORD0950,42,42,On Time
ORD0952,64,64,On Time
ORD0954,85,83,On Time
ORD0957,75,74,On Time
ORD0959,43,42,On Time
ORD0962,36,35,On Time
ORD0963,70,70,On Time
ORD0964,88,88,On Time
ORD0965,85,85,On Time
ORD0973,72,72,On Time
ORD0976,38,38,On Time
ORD0980,85,84,On Time
ORD0982,70,69,On Time
ORD0983,71,71,On Time
ORD0986,40,40,On Time
ORD0988,68,67,On Time
ORD0989,64,63,On Time
ORD0991,70,70,On Time
ORD0992,69,62,On Time
ORD0993,40,40,On Time
ORD0998,70,69,On Time
ORD1002,46,46,On Time
ORD1003,90,89,On Time
ORD1011,44,43,On Time
ORD1016,85,85,On Time
ORD1018,42,41,On Time
ORD1019,73,72,On Time
ORD1021,86,74,On Time
ORD1024,75,74,On Time
ORD1027,66,65,On Time
ORD1033,38,37,On Time
ORD1035,35,34,On Time
ORD1036,70,70,On Time
ORD1038,69,69,On Time
ORD1039,74,72,On Time
ORD1043,44,44,On Time
ORD1046,73,71,On Time
ORD1049,35,34,On Time
ORD1054,86,86,On Time
ORD1055,42,42,On Time
ORD1061,75,61,On Time
ORD1064,37,36,On Time
ORD1065,65,65,On Time
ORD1068,40,40,On Time
ORD1071,72,72,On Time
ORD1076,72,71,On Time
ORD1078,68,66,On Time
ORD1080,69,66,On Time
ORD1084,63,63,On Time
ORD1087,75,75,On Time
ORD1088,73,73,On Time
ORD1089,71,61,On Time
ORD1092,85,84,On Time
ORD1094,45,43,On Time
ORD1097,40,39,On Time
ORD1098,73,73,On Time
ORD1101,86,86,On Time
ORD1109,75,70,On Time
ORD1110,87,87,On Time
ORD1111,62,61,On Time
ORD1114,66,66,On Time
ORD1117,75,74,On Time
ORD1118,71,71,On Time
ORD1119,63,58,On Time
ORD1126,42,42,On Time
ORD1137,75,69,On Time
ORD1141,42,42,On Time
ORD1143,72,70,On Time
ORD1147,43,43,On Time
ORD1150,72,70,On Time
ORD1156,64,62,On Time
ORD1157,85,63,On Time
ORD1159,42,40,On Time
ORD1161,86,76,On Time
ORD1162,67,67,On Time
ORD1163,69,62,On Time
ORD1165,42,42,On Time
ORD1170,40,39,On Time
ORD1171,68,67,On Time
ORD1175,71,68,On Time
ORD1176,37,37,On Time
ORD1177,41,41,On Time
ORD1181,38,37,On Time
ORD1190,65,64,On Time
ORD1192,66,65,On Time
ORD1194,65,65,On Time
ORD1197,73,73,On Time
ORD1201,86,85,On Time
ORD1203,41,41,On Time
ORD1207,89,85,On Time
ORD1210,42,40,On Time
ORD1219,68,61,On Time
ORD1223,75,75,On Time
ORD1224,74,73,On Time
ORD1225,44,43,On Time
ORD1228,85,75,On Time
ORD1229,68,68,On Time
ORD1234,73,72,On Time
ORD1236,68,61,On Time
ORD1238,85,85,On Time
ORD1243,37,36,On Time
ORD1246,38,38,On Time
ORD1249,70,70,On Time
ORD1251,38,38,On Time
ORD1255,64,64,On Time
ORD1261,40,39,On Time
ORD1263,68,64,On Time
ORD1268,75,75,On Time
ORD1270,66,65,On Time
ORD1272,41,40,On Time
ORD1273,67,67,On Time
ORD1274,37,36,On Time
ORD1275,72,71,On Time
ORD1276,71,68,On Time
ORD1279,69,69,On Time
ORD1280,74,73,On Time
ORD1281,41,40,On Time
ORD1284,65,64,On Time
ORD1285,41,40,On Time
ORD1287,75,75,On Time
ORD1290,68,67,On Time
ORD1293,43,43,On Time
ORD1297,90,71,On Time
ORD1298,67,67,On Time
ORD1305,42,42,On Time
ORD1310,87,87,On Time
ORD1324,40,40,On Time
ORD1329,75,69,On Time
ORD1331,45,45,On Time
ORD1334,86,86,On Time
ORD1336,42,41,On Time
ORD1338,40,40,On Time
ORD1345,44,43,On Time
ORD1349,69,66,On Time
ORD1351,41,41,On Time
ORD1352,40,39,On Time
ORD1354,66,62,On Time
ORD1357,40,39,On Time
ORD1366,36,35,On Time
ORD1367,73,72,On Time
ORD1368,37,35,On Time
ORD1372,74,73,On Time
ORD1374,41,40,On Time
ORD1383,34,33,On Time
ORD1387,63,62,On Time
ORD1388,63,63,On Time
ORD1390,43,43,On Time
ORD1391,62,62,On Time
ORD1393,41,37,On Time
ORD1394,74,74,On Time
ORD1395,87,86,On Time
ORD1396,43,42,On Time
ORD1398,85,70,On Time
ORD1400,75,75,On Time
ORD1403,72,67,On Time
ORD1408,73,73,On Time
ORD1410,86,82,On Time
ORD1415,74,74,On Time
ORD1422,67,67,On Time
ORD1423,85,84,On Time
ORD1428,73,72,On Time
ORD1429,41,39,On Time
ORD1430,36,35,On Time
ORD1431,41,40,On Time
ORD1434,75,73,On Time
ORD1436,42,42,On Time
ORD1437,65,65,On Time
ORD1443,74,72,On Time
ORD1444,87,77,On Time
ORD1450,38,37,On Time
ORD1451,68,67,On Time
ORD1453,40,39,On Time
ORD1454,40,39,On Time
ORD1459,65,64,On Time
ORD1461,36,35,On Time
ORD1464,72,71,On Time
ORD1466,63,63,On Time
ORD1470,37,34,On Time
ORD1475,69,68,On Time
ORD1477,44,43,On Time
ORD1479,72,68,On Time
ORD1482,75,73,On Time
ORD1483,41,38,On Time
ORD1488,86,86,On Time
ORD1498,42,41,On Time
ORD1499,85,84,On Time
ORD1505,74,69,On Time
ORD1506,71,70,On Time
ORD1510,68,68,On Time
ORD1518,44,43,On Time
ORD1527,61,60,On Time
ORD1529,42,40,On Time
ORD1531,37,36,On Time
ORD1533,85,84,On Time
ORD1541,88,65,On Time
ORD1543,86,67,On Time
ORD1544,41,41,On Time
ORD1547,42,42,On Time
ORD1548,45,44,On Time
ORD1556,41,36,On Time
ORD1561,40,39,On Time
ORD1563,62,58,On Time
ORD1566,38,37,On Time
ORD1567,40,40,On Time
ORD1568,71,71,On Time
ORD1571,64,64,On Time
ORD1572,65,60,On Time
ORD1573,69,69,On Time
ORD1575,40,40,On Time
ORD1578,69,68,On Time
ORD1583,86,86,On Time
ORD1586,70,69,On Time
ORD1589,38,37,On Time
ORD1590,65,61,On Time
ORD1592,74,74,On Time
ORD1593,90,89,On Time
ORD1594,73,72,On Time
ORD1596,41,39,On Time
ORD1598,40,40,On Time
ORD1603,66,66,On Time
ORD1610,67,66,On Time
ORD1612,86,86,On Time
ORD1613,85,85,On Time
ORD1617,70,70,On Time
ORD1618,38,35,On Time
ORD1619,75,74,On Time
ORD1620,65,64,On Time
ORD1623,85,85,On Time
ORD1627,41,41,On Time
ORD1628,71,70,On Time
ORD1635,72,70,On Time
ORD1636,69,64,On Time
ORD1637,86,76,On Time
ORD1638,38,38,On Time
ORD1641,65,64,On Time
ORD1644,65,62,On Time
ORD1652,37,36,On Time
ORD1654,41,41,On Time
ORD1655,36,36,On Time
ORD1661,42,42,On Time
ORD1664,86,67,On Time
ORD1667,38,38,On Time
ORD1668,72,71,On Time
ORD1679,42,41,On Time
ORD1681,71,65,On Time
ORD1682,62,61,On Time
ORD1685,85,84,On Time
ORD1688,42,40,On Time
ORD1689,38,38,On Time
ORD1691,38,37,On Time
ORD1693,86,85,On Time
ORD1694,61,60,On Time
ORD1697,73,68,On Time
ORD1699,69,66,On Time
ORD1700,38,36,On Time
ORD1701,72,71,On Time
ORD1703,41,38,On Time
ORD1709,72,72,On Time
ORD1710,37,37,On Time
ORD1713,74,73,On Time
ORD1720,40,37,On Time
ORD1721,65,64,On Time
ORD1722,69,69,On Time
ORD1724,63,63,On Time
ORD1732,85,84,On Time
ORD1734,88,84,On Time
ORD1737,66,66,On Time
ORD1738,69,68,On Time
ORD1739,36,36,On Time
ORD1744,66,66,On Time
ORD1752,72,72,On Time
ORD1755,87,71,On Time
ORD1757,38,38,On Time
ORD1769,72,71,On Time
ORD1771,66,65,On Time
ORD1774,86,81,On Time
ORD1779,74,74,On Time
ORD1782,40,39,On Time
ORD1789,75,74,On Time
ORD1791,87,87,On Time
ORD1793,64,63,On Time
ORD1796,65,65,On Time
ORD1798,73,72,On Time
ORD1802,43,42,On Time
ORD1803,75,71,On Time
ORD1806,75,74,On Time
ORD1811,42,39,On Time
ORD1813,67,66,On Time
ORD1815,42,41,On Time
ORD1817,69,68,On Time
ORD1818,72,71,On Time
ORD1823,85,84,On Time
ORD1825,41,40,On Time
ORD1827,85,78,On Time
ORD1829,74,73,On Time
ORD1835,63,62,On Time
ORD1839,73,69,On Time
ORD1849,41,40,On Time
ORD1850,34,34,On Time
ORD1851,87,86,On Time
ORD1861,38,38,On Time
ORD1869,71,64,On Time
ORD1870,40,39,On Time
ORD1872,68,62,On Time
ORD1873,68,67,On Time
ORD1876,85,85,On Time
ORD1878,86,85,On Time
ORD1885,74,72,On Time
ORD1886,72,69,On Time
ORD1887,71,71,On Time
ORD1890,73,71,On Time
ORD1893,40,39,On Time
ORD1897,67,67,On Time
ORD1898,86,77,On Time
ORD1903,40,40,On Time
ORD1904,75,74,On Time
ORD1909,68,64,On Time
ORD1910,62,59,On Time
ORD1914,70,70,On Time
ORD1916,72,71,On Time
ORD1917,65,64,On Time
ORD1923,74,73,On Time
ORD1924,37,37,On Time
ORD1926,40,35,On Time
ORD1928,36,34,On Time
ORD1934,42,42,On Time
ORD1937,41,41,On Time
ORD1939,42,42,On Time
ORD1940,69,66,On Time
ORD1943,86,86,On Time
ORD1944,85,85,On Time
ORD1946,72,71,On Time
ORD1949,88,87,On Time
ORD1950,36,36,On Time
ORD1952,44,44,On Time
ORD1955,74,73,On Time
ORD1958,37,36,On Time
ORD1960,42,40,On Time
ORD1961,45,45,On Time
ORD1967,90,89,On Time
ORD1969,64,63,On Time
ORD1970,66,62,On Time
ORD1971,70,70,On Time
ORD1974,40,39,On Time
ORD1980,42,42,On Time
ORD1981,41,40,On Time
ORD1982,40,40,On Time
ORD1983,74,74,On Time
ORD1987,40,39,On Time
ORD1998,88,88,On Time
ORD2000,34,34,On Time
ORD2002,40,38,On Time
ORD2003,75,75,On Time
ORD2006,37,33,On Time
ORD2007,40,40,On Time
ORD2012,71,70,On Time
ORD2016,69,69,On Time
ORD2017,66,65,On Time
ORD2019,74,73,On Time
ORD2026,72,72,On Time
ORD2027,67,66,On Time
ORD2029,38,37,On Time
ORD2030,75,75,On Time
ORD2033,40,39,On Time
ORD2040,67,67,On Time
ORD2045,87,87,On Time
ORD2046,38,38,On Time
ORD2054,88,87,On Time
ORD2060,72,70,On Time
ORD2062,87,80,On Time
ORD2063,40,40,On Time
ORD2065,85,84,On Time
ORD2067,69,64,On Time
ORD2072,70,69,On Time
ORD2073,68,67,On Time
ORD2074,68,67,On Time
ORD2075,66,65,On Time
ORD2078,36,35,On Time
ORD2079,75,74,On Time
ORD2085,41,40,On Time
ORD2087,44,43,On Time
ORD2088,87,76,On Time
ORD2092,42,42,On Time
ORD2093,66,66,On Time
ORD2099,38,37,On Time
ORD2107,43,42,On Time
ORD2108,75,69,On Time
ORD2113,75,65,On Time
ORD2114,69,68,On Time
ORD2119,43,43,On Time
ORD2120,86,86,On Time
ORD2123,41,40,On Time
ORD2126,37,35,On Time
ORD2127,72,67,On Time
ORD2130,44,43,On Time
ORD2131,88,88,On Time
ORD2132,43,43,On Time
ORD2135,37,35,On Time
ORD2136,87,85,On Time
ORD2143,75,75,On Time
ORD2146,70,69,On Time
ORD2147,63,61,On Time
ORD2150,38,38,On Time
ORD2152,65,64,On Time
ORD2153,85,64,On Time
ORD2154,36,36,On Time
ORD2155,67,67,On Time
ORD2157,66,65,On Time
ORD2158,66,65,On Time
ORD2160,67,66,On Time
ORD2161,68,68,On Time
ORD2170,71,66,On Time
ORD2172,32,32,On Time
ORD2176,44,44,On Time
ORD2179,71,70,On Time
ORD2180,65,65,On Time
ORD2182,41,39,On Time
ORD2184,37,35,On Time
ORD2186,67,66,On Time
ORD2189,63,60,On Time
ORD2191,45,45,On Time
ORD2193,71,70,On Time
ORD2194,74,73,On Time
ORD2195,40,40,On Time
ORD2200,87,73,On Time
ORD2201,41,41,On Time
ORD2203,68,66,On Time
ORD2205,74,74,On Time
ORD2207,42,40,On Time
ORD2210,41,40,On Time
ORD2212,66,66,On Time
ORD2213,46,45,On Time
ORD2214,41,40,On Time
ORD2215,87,70,On Time
ORD2219,37,37,On Time
ORD2221,43,42,On Time
ORD2225,40,40,On Time
ORD2229,85,85,On Time
ORD2234,64,61,On Time
ORD2235,43,42,On Time
ORD2239,45,43,On Time
ORD2240,41,40,On Time
ORD2246,60,59,On Time
ORD2247,66,61,On Time
ORD2251,63,63,On Time
ORD2252,69,66,On Time
ORD2254,68,68,On Time
ORD2256,42,42,On Time
ORD2257,68,67,On Time
ORD2268,74,72,On Time
ORD2270,87,86,On Time
ORD2272,37,37,On Time
ORD2274,71,70,On Time
ORD2278,73,72,On Time
ORD2279,38,34,On Time
ORD2282,74,74,On Time
ORD2285,86,77,On Time
ORD2288,74,73,On Time
ORD2294,73,73,On Time
ORD2295,69,68,On Time
ORD2299,85,84,On Time
ORD2301,75,62,On Time
ORD2304,41,40,On Time
ORD2308,62,62,On Time
ORD2312,65,65,On Time
ORD2321,69,68,On Time
ORD2323,64,62,On Time
ORD2325,45,44,On Time
ORD2326,38,37,On Time
ORD2327,75,74,On Time
ORD2328,40,39,On Time
ORD2331,40,38,On Time
ORD2334,70,70,On Time
ORD2335,85,84,On Time
ORD2336,68,68,On Time
ORD2337,71,67,On Time
ORD2340,85,84,On Time
ORD2341,73,72,On Time
ORD2344,68,66,On Time
ORD2345,70,64,On Time
ORD2347,86,85,On Time
ORD2349,86,78,On Time
ORD2350,40,40,On Time
ORD2357,41,41,On Time
ORD2361,85,84,On Time
ORD2363,43,43,On Time
ORD2371,67,67,On Time
ORD2373,43,43,On Time
ORD2378,66,65,On Time
ORD2379,75,65,On Time
ORD2387,88,71,On Time
ORD2389,70,69,On Time
ORD2391,69,69,On Time
ORD2393,75,71,On Time
ORD2399,69,68,On Time
ORD2400,38,37,On Time
ORD2402,85,85,On Time
ORD2405,42,42,On Time
ORD2407,73,64,On Time
ORD2414,35,35,On Time
ORD2416,41,41,On Time
ORD2428,67,66,On Time
ORD2430,75,75,On Time
ORD2431,67,67,On Time
ORD2433,71,71,On Time
ORD2434,41,40,On Time
ORD2440,70,69,On Time
ORD2441,67,67,On Time
ORD2453,69,68,On Time
ORD2454,86,69,On Time
ORD2456,40,39,On Time
ORD2458,37,37,On Time
ORD2460,40,40,On Time
ORD2464,73,65,On Time
ORD2468,42,41,On Time
ORD2472,38,38,On Time
ORD2476,90,81,On Time
ORD2477,70,69,On Time
ORD2478,85,85,On Time
ORD2479,43,43,On Time
ORD2480,75,62,On Time
ORD2481,75,75,On Time
ORD2483,74,73,On Time
ORD2487,72,71,On Time
ORD2490,73,73,On Time
ORD2492,87,87,On Time
ORD0003,81,82,Delay
ORD0008,77,79,Delay
ORD0013,36,37,Delay
ORD0018,41,42,Delay
ORD0025,36,37,Delay
ORD0027,80,81,Delay
ORD0031,83,84,Delay
ORD0042,37,38,Delay
ORD0048,81,82,Delay
ORD0050,80,81,Delay
ORD0052,78,79,Delay
ORD0055,81,82,Delay
ORD0062,80,81,Delay
ORD0071,44,45,Delay
ORD0072,85,86,Delay
ORD0073,75,76,Delay
ORD0079,66,67,Delay
ORD0084,65,66,Delay
ORD0088,86,87,Delay
ORD0092,82,83,Delay
ORD0093,76,77,Delay
ORD0106,84,85,Delay
ORD0110,43,44,Delay
ORD0119,38,39,Delay
ORD0127,78,79,Delay
ORD0133,81,83,Delay
ORD0135,79,80,Delay
ORD0141,82,83,Delay
ORD0143,84,85,Delay
ORD0146,75,76,Delay
ORD0152,79,80,Delay
ORD0156,78,79,Delay
ORD0159,81,82,Delay
ORD0163,79,80,Delay
ORD0165,79,80,Delay
ORD0169,79,80,Delay
ORD0171,80,81,Delay
ORD0174,81,82,Delay
ORD0175,81,82,Delay
ORD0179,75,76,Delay
ORD0182,86,87,Delay
ORD0186,74,75,Delay
ORD0188,68,69,Delay
ORD0193,75,76,Delay
ORD0199,86,87,Delay
ORD0200,85,86,Delay
ORD0203,39,40,Delay
ORD0204,37,38,Delay
ORD0205,60,61,Delay
ORD0206,75,76,Delay
ORD0207,79,80,Delay
ORD0210,86,87,Delay
ORD0212,76,77,Delay
ORD0216,82,83,Delay
ORD0219,72,73,Delay
ORD0221,78,79,Delay
ORD0230,84,85,Delay
ORD0231,78,79,Delay
ORD0232,73,74,Delay
ORD0244,70,71,Delay
ORD0248,75,76,Delay
ORD0252,81,82,Delay
ORD0257,80,81,Delay
ORD0258,78,79,Delay
ORD0264,79,80,Delay
ORD0273,70,71,Delay
ORD0274,78,79,Delay
ORD0281,39,41,Delay
ORD0283,81,82,Delay
ORD0284,42,43,Delay
ORD0286,82,83,Delay
ORD0287,67,68,Delay
ORD0288,76,77,Delay
ORD0289,40,41,Delay
ORD0291,84,85,Delay
ORD0292,75,76,Delay
ORD0293,77,78,Delay
ORD0299,73,74,Delay
ORD0305,80,81,Delay
ORD0307,42,43,Delay
ORD0308,38,39,Delay
ORD0309,40,41,Delay
ORD0312,73,74,Delay
ORD0324,85,86,Delay
ORD0327,68,69,Delay
ORD0328,78,79,Delay
ORD0329,40,41,Delay
ORD0340,65,66,Delay
ORD0341,79,80,Delay
ORD0343,40,41,Delay
ORD0347,67,68,Delay
ORD0353,86,87,Delay
ORD0355,78,79,Delay
ORD0358,81,83,Delay
ORD0372,74,75,Delay
ORD0383,83,84,Delay
ORD0384,42,43,Delay
ORD0391,61,62,Delay
ORD0395,81,82,Delay
ORD0400,42,44,Delay
ORD0403,70,71,Delay
ORD0406,74,75,Delay
ORD0411,84,85,Delay
ORD0415,78,79,Delay
ORD0417,87,88,Delay
ORD0418,76,78,Delay
ORD0420,75,76,Delay
ORD0421,65,66,Delay
ORD0436,69,70,Delay
ORD0437,79,80,Delay
ORD0440,74,75,Delay
ORD0446,41,42,Delay
ORD0451,36,37,Delay
ORD0452,39,40,Delay
ORD0454,68,69,Delay
ORD0457,43,45,Delay
ORD0462,41,42,Delay
ORD0463,83,84,Delay
ORD0466,85,86,Delay
ORD0473,77,78,Delay
ORD0474,70,71,Delay
ORD0478,83,84,Delay
ORD0479,75,76,Delay
ORD0491,64,65,Delay
ORD0505,78,79,Delay
ORD0506,83,84,Delay
ORD0512,75,76,Delay
ORD0521,69,70,Delay
ORD0522,78,79,Delay
ORD0523,67,68,Delay
ORD0524,80,81,Delay
ORD0536,37,38,Delay
ORD0538,81,82,Delay
ORD0541,40,41,Delay
ORD0542,66,67,Delay
ORD0544,79,80,Delay
ORD0550,83,84,Delay
ORD0553,77,78,Delay
ORD0554,77,78,Delay
ORD0555,37,38,Delay
ORD0565,81,82,Delay
ORD0566,63,64,Delay
ORD0586,78,79,Delay
ORD0591,77,78,Delay
ORD0592,67,68,Delay
ORD0594,72,73,Delay
ORD0598,79,80,Delay
ORD0600,82,83,Delay
ORD0607,38,40,Delay
ORD0609,68,69,Delay
ORD0612,46,47,Delay
ORD0619,35,36,Delay
ORD0622,70,71,Delay
ORD0631,39,40,Delay
ORD0632,35,36,Delay
ORD0636,73,74,Delay
ORD0637,61,62,Delay
ORD0642,67,68,Delay
ORD0653,84,85,Delay
ORD0661,81,82,Delay
ORD0663,44,45,Delay
ORD0664,79,80,Delay
ORD0665,72,73,Delay
ORD0669,76,77,Delay
ORD0670,69,70,Delay
ORD0671,70,71,Delay
ORD0675,81,82,Delay
ORD0679,84,85,Delay
ORD0685,67,68,Delay
ORD0686,79,80,Delay
ORD0694,69,70,Delay
ORD0697,80,81,Delay
ORD0702,79,80,Delay
ORD0707,80,81,Delay
ORD0712,80,81,Delay
ORD0713,81,82,Delay
ORD0716,36,37,Delay
ORD0721,75,76,Delay
ORD0731,81,82,Delay
ORD0736,75,76,Delay
ORD0737,80,81,Delay
ORD0742,75,76,Delay
ORD0747,80,81,Delay
ORD0749,79,80,Delay
ORD0753,63,64,Delay
ORD0754,78,79,Delay
ORD0757,40,41,Delay
ORD0772,77,78,Delay
ORD0775,68,69,Delay
ORD0786,38,39,Delay
ORD0788,80,81,Delay
ORD0790,42,43,Delay
ORD0793,83,84,Delay
ORD0796,67,68,Delay
ORD0801,82,83,Delay
ORD0802,75,76,Delay
ORD0814,82,83,Delay
ORD0819,42,43,Delay
ORD0827,43,45,Delay
ORD0831,45,46,Delay
ORD0845,75,76,Delay
ORD0846,83,84,Delay
ORD0848,69,70,Delay
ORD0850,71,72,Delay
ORD0854,38,39,Delay
ORD0856,69,70,Delay
ORD0862,79,80,Delay
ORD0865,74,75,Delay
ORD0866,79,80,Delay
ORD0867,39,40,Delay
ORD0870,75,76,Delay
ORD0874,80,81,Delay
ORD0875,64,65,Delay
ORD0880,86,87,Delay
ORD0882,82,83,Delay
ORD0890,76,77,Delay
ORD0892,81,82,Delay
ORD0893,73,74,Delay
ORD0894,61,62,Delay
ORD0903,83,84,Delay
ORD0907,76,77,Delay
ORD0914,75,76,Delay
ORD0915,85,86,Delay
ORD0917,82,83,Delay
ORD0926,75,76,Delay
ORD0927,73,74,Delay
ORD0928,79,80,Delay
ORD0932,86,87,Delay
ORD0933,80,81,Delay
ORD0936,80,81,Delay
ORD0938,77,78,Delay
ORD0939,73,74,Delay
ORD0945,72,73,Delay
ORD0947,42,43,Delay
ORD0960,79,81,Delay
ORD0961,77,79,Delay
ORD0970,86,87,Delay
ORD0971,82,84,Delay
ORD0974,77,78,Delay
ORD0977,85,86,Delay
ORD0979,68,69,Delay
ORD0981,81,82,Delay
ORD0984,69,71,Delay
ORD0999,78,79,Delay
ORD1000,87,88,Delay
ORD1004,67,68,Delay
ORD1006,75,76,Delay
ORD1009,39,40,Delay
ORD1010,39,40,Delay
ORD1015,84,85,Delay
ORD1041,71,72,Delay
ORD1042,67,68,Delay
ORD1044,80,81,Delay
ORD1045,37,38,Delay
ORD1051,70,71,Delay
ORD1053,86,87,Delay
ORD1056,68,69,Delay
ORD1057,39,40,Delay
ORD1058,36,37,Delay
ORD1062,69,70,Delay
ORD1066,36,38,Delay
ORD1079,80,81,Delay
ORD1085,72,73,Delay
ORD1086,67,68,Delay
ORD1090,69,70,Delay
ORD1091,66,67,Delay
ORD1095,79,80,Delay
ORD1096,38,40,Delay
ORD1099,77,78,Delay
ORD1102,84,85,Delay
ORD1105,80,81,Delay
ORD1107,75,76,Delay
ORD1108,70,71,Delay
ORD1116,75,76,Delay
ORD1122,78,79,Delay
ORD1124,77,78,Delay
ORD1125,82,83,Delay
ORD1129,80,81,Delay
ORD1133,80,81,Delay
ORD1134,45,46,Delay
ORD1136,42,43,Delay
ORD1138,84,85,Delay
ORD1139,41,42,Delay
ORD1144,81,82,Delay
ORD1155,75,77,Delay
ORD1158,37,38,Delay
ORD1164,83,84,Delay
ORD1166,39,40,Delay
ORD1167,75,77,Delay
ORD1172,88,89,Delay
ORD1178,68,69,Delay
ORD1180,77,78,Delay
ORD1182,84,85,Delay
ORD1184,41,42,Delay
ORD1185,77,78,Delay
ORD1188,89,90,Delay
ORD1195,68,69,Delay
ORD1199,83,84,Delay
ORD1200,79,80,Delay
ORD1205,81,82,Delay
ORD1208,69,70,Delay
ORD1214,78,79,Delay
ORD1217,77,78,Delay
ORD1221,77,78,Delay
ORD1227,41,42,Delay
ORD1230,79,80,Delay
ORD1233,79,80,Delay
ORD1235,83,84,Delay
ORD1242,42,43,Delay
ORD1244,86,87,Delay
ORD1248,81,82,Delay
ORD1250,81,82,Delay
ORD1258,81,82,Delay
ORD1259,77,78,Delay
ORD1260,74,75,Delay
ORD1269,77,78,Delay
ORD1277,82,83,Delay
ORD1278,73,74,Delay
ORD1282,79,80,Delay
ORD1286,40,41,Delay
ORD1296,40,41,Delay
ORD1302,78,79,Delay
ORD1306,79,81,Delay
ORD1307,74,75,Delay
ORD1308,41,42,Delay
ORD1311,41,42,Delay
ORD1312,42,43,Delay
ORD1313,84,85,Delay
ORD1316,77,78,Delay
ORD1317,85,86,Delay
ORD1318,38,39,Delay
ORD1321,82,83,Delay
ORD1325,75,76,Delay
ORD1333,81,82,Delay
ORD1337,74,75,Delay
ORD1341,72,73,Delay
ORD1356,82,83,Delay
ORD1358,86,87,Delay
ORD1360,78,79,Delay
ORD1362,83,84,Delay
ORD1363,86,87,Delay
ORD1369,83,84,Delay
ORD1371,39,40,Delay
ORD1375,77,78,Delay
ORD1379,72,73,Delay
ORD1380,80,81,Delay
ORD1381,40,41,Delay
ORD1389,77,78,Delay
ORD1392,45,46,Delay
ORD1397,37,38,Delay
ORD1404,36,37,Delay
ORD1407,73,74,Delay
ORD1413,73,74,Delay
ORD1416,73,74,Delay
ORD1419,81,82,Delay
ORD1420,83,84,Delay
ORD1421,41,42,Delay
ORD1425,72,73,Delay
ORD1438,71,72,Delay
ORD1442,76,77,Delay
ORD1445,66,67,Delay
ORD1448,87,88,Delay
ORD1455,39,40,Delay
ORD1462,71,72,Delay
ORD1463,76,77,Delay
ORD1468,82,83,Delay
ORD1469,82,83,Delay
ORD1472,91,92,Delay
ORD1473,58,59,Delay
ORD1481,73,74,Delay
ORD1484,80,81,Delay
ORD1487,79,80,Delay
ORD1489,36,37,Delay
ORD1490,69,70,Delay
ORD1491,42,43,Delay
ORD1492,41,42,Delay
ORD1493,36,37,Delay
ORD1496,42,44,Delay
ORD1497,74,76,Delay
ORD1502,79,80,Delay
ORD1511,80,81,Delay
ORD1512,38,39,Delay
ORD1513,77,78,Delay
ORD1514,81,82,Delay
ORD1517,43,44,Delay
ORD1519,83,84,Delay
ORD1520,83,84,Delay
ORD1523,45,47,Delay
ORD1525,80,81,Delay
ORD1526,68,69,Delay
ORD1534,76,77,Delay
ORD1535,71,72,Delay
ORD1540,76,77,Delay
ORD1545,85,86,Delay
ORD1546,77,78,Delay
ORD1553,72,73,Delay
ORD1560,81,82,Delay
ORD1562,43,44,Delay
ORD1564,77,78,Delay
ORD1565,82,83,Delay
ORD1569,39,40,Delay
ORD1570,71,72,Delay
ORD1577,79,80,Delay
ORD1581,77,78,Delay
ORD1582,82,83,Delay
ORD1587,61,62,Delay
ORD1595,40,41,Delay
ORD1599,78,79,Delay
ORD1600,70,71,Delay
ORD1606,81,82,Delay
ORD1614,66,67,Delay
ORD1622,86,87,Delay
ORD1625,81,82,Delay
ORD1626,41,42,Delay
ORD1642,83,84,Delay
ORD1643,85,86,Delay
ORD1645,80,81,Delay
ORD1646,68,69,Delay
ORD1651,67,68,Delay
ORD1653,68,69,Delay
ORD1656,75,76,Delay
ORD1657,82,83,Delay
ORD1659,45,46,Delay
ORD1671,80,81,Delay
ORD1673,78,79,Delay
ORD1674,40,41,Delay
ORD1676,79,80,Delay
ORD1677,80,82,Delay
ORD1678,76,77,Delay
ORD1680,79,81,Delay
ORD1684,40,41,Delay
ORD1695,81,82,Delay
ORD1696,65,66,Delay
ORD1698,39,40,Delay
ORD1704,74,75,Delay
ORD1707,40,41,Delay
ORD1711,74,75,Delay
ORD1712,63,64,Delay
ORD1714,67,68,Delay
ORD1717,41,42,Delay
ORD1719,78,79,Delay
ORD1725,79,80,Delay
ORD1736,43,46,Delay
ORD1740,77,78,Delay
ORD1745,78,79,Delay
ORD1746,76,77,Delay
ORD1747,41,42,Delay
ORD1750,71,72,Delay
ORD1753,81,82,Delay
ORD1756,77,78,Delay
ORD1759,69,71,Delay
ORD1762,40,41,Delay
ORD1763,70,71,Delay
ORD1764,79,80,Delay
ORD1765,43,44,Delay
ORD1772,81,82,Delay
ORD1773,78,79,Delay
ORD1775,76,77,Delay
ORD1776,77,78,Delay
ORD1783,37,41,Delay
ORD1784,83,84,Delay
ORD1788,85,86,Delay
ORD1799,80,81,Delay
ORD1814,42,43,Delay
ORD1816,68,69,Delay
ORD1819,79,80,Delay
ORD1821,85,86,Delay
ORD1831,64,65,Delay
ORD1836,78,79,Delay
ORD1841,80,81,Delay
ORD1845,82,83,Delay
ORD1854,77,78,Delay
ORD1856,75,76,Delay
ORD1860,40,41,Delay
ORD1866,66,67,Delay
ORD1868,69,70,Delay
ORD1871,73,74,Delay
ORD1875,81,82,Delay
ORD1881,81,82,Delay
ORD1884,64,65,Delay
ORD1892,80,81,Delay
ORD1894,83,84,Delay
ORD1899,39,40,Delay
ORD1901,85,86,Delay
ORD1907,74,75,Delay
ORD1908,79,80,Delay
ORD1911,84,85,Delay
ORD1913,81,82,Delay
ORD1915,70,71,Delay
ORD1919,84,85,Delay
ORD1920,42,44,Delay
ORD1922,69,70,Delay
ORD1925,82,83,Delay
ORD1927,77,78,Delay
ORD1929,85,86,Delay
ORD1930,69,70,Delay
ORD1936,80,81,Delay
ORD1938,75,76,Delay
ORD1945,66,67,Delay
ORD1953,74,75,Delay
ORD1954,81,82,Delay
ORD1968,80,81,Delay
ORD1975,64,65,Delay
ORD1976,67,68,Delay
ORD1985,85,86,Delay
ORD1988,82,83,Delay
ORD1989,77,78,Delay
ORD1991,69,70,Delay
ORD1994,75,76,Delay
ORD1996,43,44,Delay
ORD1997,75,76,Delay
ORD1999,40,41,Delay
ORD2009,78,79,Delay
ORD2010,80,81,Delay
ORD2013,77,78,Delay
ORD2018,80,81,Delay
ORD2024,87,88,Delay
ORD2034,81,82,Delay
ORD2035,37,38,Delay
ORD2039,37,38,Delay
ORD2047,83,84,Delay
ORD2049,81,82,Delay
ORD2055,77,78,Delay
ORD2057,66,67,Delay
ORD2061,82,83,Delay
ORD2064,41,42,Delay
ORD2068,66,67,Delay
ORD2070,77,78,Delay
ORD2076,76,77,Delay
ORD2080,81,82,Delay
ORD2083,38,39,Delay
ORD2094,85,86,Delay
ORD2095,44,45,Delay
ORD2100,83,84,Delay
ORD2104,84,85,Delay
ORD2105,36,37,Delay
ORD2109,82,83,Delay
ORD2110,82,83,Delay
ORD2111,82,83,Delay
ORD2112,76,77,Delay
ORD2117,42,43,Delay
ORD2133,87,88,Delay
ORD2142,82,83,Delay
ORD2145,39,40,Delay
ORD2148,86,87,Delay
ORD2149,70,71,Delay
ORD2159,80,81,Delay
ORD2163,40,41,Delay
ORD2165,40,41,Delay
ORD2167,67,68,Delay
ORD2169,74,75,Delay
ORD2177,80,81,Delay
ORD2183,86,87,Delay
ORD2185,71,72,Delay
ORD2196,37,38,Delay
ORD2197,76,77,Delay
ORD2199,80,81,Delay
ORD2216,81,82,Delay
ORD2217,79,80,Delay
ORD2228,85,86,Delay
ORD2241,80,81,Delay
ORD2244,37,38,Delay
ORD2245,77,78,Delay
ORD2259,70,71,Delay
ORD2264,72,73,Delay
ORD2273,80,81,Delay
ORD2276,83,84,Delay
ORD2283,76,77,Delay
ORD2284,86,87,Delay
ORD2286,66,67,Delay
ORD2289,64,65,Delay
ORD2290,67,68,Delay
ORD2291,79,80,Delay
ORD2293,83,84,Delay
ORD2300,37,38,Delay
ORD2305,40,41,Delay
ORD2307,79,80,Delay
ORD2313,39,40,Delay
ORD2315,72,73,Delay
ORD2324,66,67,Delay
ORD2329,65,66,Delay
ORD2338,40,42,Delay
ORD2342,83,84,Delay
ORD2343,83,84,Delay
ORD2348,70,71,Delay
ORD2351,81,82,Delay
ORD2352,75,76,Delay
ORD2358,84,85,Delay
ORD2366,78,79,Delay
ORD2368,81,82,Delay
ORD2369,84,85,Delay
ORD2370,84,85,Delay
ORD2382,41,42,Delay
ORD2388,81,82,Delay
ORD2390,86,87,Delay
ORD2395,79,80,Delay
ORD2397,61,63,Delay
ORD2398,67,68,Delay
ORD2401,83,85,Delay
ORD2404,73,74,Delay
ORD2409,72,73,Delay
ORD2412,76,77,Delay
ORD2415,72,73,Delay
ORD2417,77,78,Delay
ORD2421,83,84,Delay
ORD2426,75,76,Delay
ORD2427,44,45,Delay
ORD2432,67,69,Delay
ORD2438,78,79,Delay
ORD2443,80,81,Delay
ORD2444,39,40,Delay
ORD2445,38,39,Delay
ORD2446,74,75,Delay
ORD2451,75,76,Delay
ORD2452,84,85,Delay
ORD2457,37,38,Delay
ORD2462,39,40,Delay
ORD2463,76,77,Delay
ORD2467,81,82,Delay
ORD2471,79,80,Delay
ORD2473,41,42,Delay
ORD2475,85,86,Delay
ORD2484,38,39,Delay
ORD2489,83,84,Delay
ORD2491,69,70,Delay
ORD2494,86,87,Delay
ORD2496,81,82,Delay
ORD2500,34,35,Delay
